# qwen3.8-flash draft vocabulary counts (English, Turkish, code): weights {'model_en': 0.16666666666666666, 'wiki_en': 0.16666666666666666, 'model_tr': 0.16666666666666666, 'wiki_tr': 0.08333333333333333, 'fw2_tr': 0.08333333333333333, 'model_code': 0.16666666666666666, 'code': 0.16666666666666666}; ids pinned: 0-511 and 248044-248319; mass per 1e9
0 34353664
1 34353664
2 34353664
3 34353664
4 34353664
5 34353664
6 34353664
7 34353664
8 34353664
9 34353664
10 34353664
11 34353664
12 34353664
13 34353664
14 34353664
15 34353664
16 34353664
17 34353664
18 34353664
19 34353664
20 34353664
21 34353664
22 34353664
23 34353664
24 34353664
25 34353664
26 34353664
27 34353664
28 34353664
29 34353664
30 34353664
31 34353664
32 34353664
33 34353664
34 34353664
35 34353664
36 34353664
37 34353664
38 34353664
39 34353664
40 34353664
41 34353664
42 34353664
43 34353664
44 34353664
45 34353664
46 34353664
47 34353664
48 34353664
49 34353664
50 34353664
51 34353664
52 34353664
53 34353664
54 34353664
55 34353664
56 34353664
57 34353664
58 34353664
59 34353664
60 34353664
61 34353664
62 34353664
63 34353664
64 34353664
65 34353664
66 34353664
67 34353664
68 34353664
69 34353664
70 34353664
71 34353664
72 34353664
73 34353664
74 34353664
75 34353664
76 34353664
77 34353664
78 34353664
79 34353664
80 34353664
81 34353664
82 34353664
83 34353664
84 34353664
85 34353664
86 34353664
87 34353664
88 34353664
89 34353664
90 34353664
91 34353664
92 34353664
93 34353664
94 34353664
95 34353664
96 34353664
97 34353664
98 34353664
99 34353664
100 34353664
101 34353664
102 34353664
103 34353664
104 34353664
105 34353664
106 34353664
107 34353664
108 34353664
109 34353664
110 34353664
111 34353664
112 34353664
113 34353664
114 34353664
115 34353664
116 34353664
117 34353664
118 34353664
119 34353664
120 34353664
121 34353664
122 34353664
123 34353664
124 34353664
125 34353664
126 34353664
127 34353664
128 34353664
129 34353664
130 34353664
131 34353664
132 34353664
133 34353664
134 34353664
135 34353664
136 34353664
137 34353664
138 34353664
139 34353664
140 34353664
141 34353664
142 34353664
143 34353664
144 34353664
145 34353664
146 34353664
147 34353664
148 34353664
149 34353664
150 34353664
151 34353664
152 34353664
153 34353664
154 34353664
155 34353664
156 34353664
157 34353664
158 34353664
159 34353664
160 34353664
161 34353664
162 34353664
163 34353664
164 34353664
165 34353664
166 34353664
167 34353664
168 34353664
169 34353664
170 34353664
171 34353664
172 34353664
173 34353664
174 34353664
175 34353664
176 34353664
177 34353664
178 34353664
179 34353664
180 34353664
181 34353664
182 34353664
183 34353664
184 34353664
185 34353664
186 34353664
187 34353664
188 34353664
189 34353664
190 34353664
191 34353664
192 34353664
193 34353664
194 34353664
195 34353664
196 34353664
197 34353664
198 34353664
199 34353664
200 34353664
201 34353664
202 34353664
203 34353664
204 34353664
205 34353664
206 34353664
207 34353664
208 34353664
209 34353664
210 34353664
211 34353664
212 34353664
213 34353664
214 34353664
215 34353664
216 34353664
217 34353664
218 34353664
219 34353664
220 34353664
221 34353664
222 34353664
223 34353664
224 34353664
225 34353664
226 34353664
227 34353664
228 34353664
229 34353664
230 34353664
231 34353664
232 34353664
233 34353664
234 34353664
235 34353664
236 34353664
237 34353664
238 34353664
239 34353664
240 34353664
241 34353664
242 34353664
243 34353664
244 34353664
245 34353664
246 34353664
247 34353664
248 34353664
249 34353664
250 34353664
251 34353664
252 34353664
253 34353664
254 34353664
255 34353664
256 34353664
257 34353664
258 34353664
259 34353664
260 34353664
261 34353664
262 34353664
263 34353664
264 34353664
265 34353664
266 34353664
267 34353664
268 34353664
269 34353664
270 34353664
271 34353664
272 34353664
273 34353664
274 34353664
275 34353664
276 34353664
277 34353664
278 34353664
279 34353664
280 34353664
281 34353664
282 34353664
283 34353664
284 34353664
285 34353664
286 34353664
287 34353664
288 34353664
289 34353664
290 34353664
291 34353664
292 34353664
293 34353664
294 34353664
295 34353664
296 34353664
297 34353664
298 34353664
299 34353664
300 34353664
301 34353664
302 34353664
303 34353664
304 34353664
305 34353664
306 34353664
307 34353664
308 34353664
309 34353664
310 34353664
311 34353664
312 34353664
313 34353664
314 34353664
315 34353664
316 34353664
317 34353664
318 34353664
319 34353664
320 34353664
321 34353664
322 34353664
323 34353664
324 34353664
325 34353664
326 34353664
327 34353664
328 34353664
329 34353664
330 34353664
331 34353664
332 34353664
333 34353664
334 34353664
335 34353664
336 34353664
337 34353664
338 34353664
339 34353664
340 34353664
341 34353664
342 34353664
343 34353664
344 34353664
345 34353664
346 34353664
347 34353664
348 34353664
349 34353664
350 34353664
351 34353664
352 34353664
353 34353664
354 34353664
355 34353664
356 34353664
357 34353664
358 34353664
359 34353664
360 34353664
361 34353664
362 34353664
363 34353664
364 34353664
365 34353664
366 34353664
367 34353664
368 34353664
369 34353664
370 34353664
371 34353664
372 34353664
373 34353664
374 34353664
375 34353664
376 34353664
377 34353664
378 34353664
379 34353664
380 34353664
381 34353664
382 34353664
383 34353664
384 34353664
385 34353664
386 34353664
387 34353664
388 34353664
389 34353664
390 34353664
391 34353664
392 34353664
393 34353664
394 34353664
395 34353664
396 34353664
397 34353664
398 34353664
399 34353664
400 34353664
401 34353664
402 34353664
403 34353664
404 34353664
405 34353664
406 34353664
407 34353664
408 34353664
409 34353664
410 34353664
411 34353664
412 34353664
413 34353664
414 34353664
415 34353664
416 34353664
417 34353664
418 34353664
419 34353664
420 34353664
421 34353664
422 34353664
423 34353664
424 34353664
425 34353664
426 34353664
427 34353664
428 34353664
429 34353664
430 34353664
431 34353664
432 34353664
433 34353664
434 34353664
435 34353664
436 34353664
437 34353664
438 34353664
439 34353664
440 34353664
441 34353664
442 34353664
443 34353664
444 34353664
445 34353664
446 34353664
447 34353664
448 34353664
449 34353664
450 34353664
451 34353664
452 34353664
453 34353664
454 34353664
455 34353664
456 34353664
457 34353664
458 34353664
459 34353664
460 34353664
461 34353664
462 34353664
463 34353664
464 34353664
465 34353664
466 34353664
467 34353664
468 34353664
469 34353664
470 34353664
471 34353664
472 34353664
473 34353664
474 34353664
475 34353664
476 34353664
477 34353664
478 34353664
479 34353664
480 34353664
481 34353664
482 34353664
483 34353664
484 34353664
485 34353664
486 34353664
487 34353664
488 34353664
489 34353664
490 34353664
491 34353664
492 34353664
493 34353664
494 34353664
495 34353664
496 34353664
497 34353664
498 34353664
499 34353664
500 34353664
501 34353664
502 34353664
503 34353664
504 34353664
505 34353664
506 34353664
507 34353664
508 34353664
509 34353664
510 34353664
511 34353664
248044 34353664
248045 34353664
248046 34353664
248047 34353664
248048 34353664
248049 34353664
248050 34353664
248051 34353664
248052 34353664
248053 34353664
248054 34353664
248055 34353664
248056 34353664
248057 34353664
248058 34353664
248059 34353664
248060 34353664
248061 34353664
248062 34353664
248063 34353664
248064 34353664
248065 34353664
248066 34353664
248067 34353664
248068 34353664
248069 34353664
248070 34353664
248071 34353664
248072 34353664
248073 34353664
248074 34353664
248075 34353664
248076 34353664
248077 34353664
248078 34353664
248079 34353664
248080 34353664
248081 34353664
248082 34353664
248083 34353664
248084 34353664
248085 34353664
248086 34353664
248087 34353664
248088 34353664
248089 34353664
248090 34353664
248091 34353664
248092 34353664
248093 34353664
248094 34353664
248095 34353664
248096 34353664
248097 34353664
248098 34353664
248099 34353664
248100 34353664
248101 34353664
248102 34353664
248103 34353664
248104 34353664
248105 34353664
248106 34353664
248107 34353664
248108 34353664
248109 34353664
248110 34353664
248111 34353664
248112 34353664
248113 34353664
248114 34353664
248115 34353664
248116 34353664
248117 34353664
248118 34353664
248119 34353664
248120 34353664
248121 34353664
248122 34353664
248123 34353664
248124 34353664
248125 34353664
248126 34353664
248127 34353664
248128 34353664
248129 34353664
248130 34353664
248131 34353664
248132 34353664
248133 34353664
248134 34353664
248135 34353664
248136 34353664
248137 34353664
248138 34353664
248139 34353664
248140 34353664
248141 34353664
248142 34353664
248143 34353664
248144 34353664
248145 34353664
248146 34353664
248147 34353664
248148 34353664
248149 34353664
248150 34353664
248151 34353664
248152 34353664
248153 34353664
248154 34353664
248155 34353664
248156 34353664
248157 34353664
248158 34353664
248159 34353664
248160 34353664
248161 34353664
248162 34353664
248163 34353664
248164 34353664
248165 34353664
248166 34353664
248167 34353664
248168 34353664
248169 34353664
248170 34353664
248171 34353664
248172 34353664
248173 34353664
248174 34353664
248175 34353664
248176 34353664
248177 34353664
248178 34353664
248179 34353664
248180 34353664
248181 34353664
248182 34353664
248183 34353664
248184 34353664
248185 34353664
248186 34353664
248187 34353664
248188 34353664
248189 34353664
248190 34353664
248191 34353664
248192 34353664
248193 34353664
248194 34353664
248195 34353664
248196 34353664
248197 34353664
248198 34353664
248199 34353664
248200 34353664
248201 34353664
248202 34353664
248203 34353664
248204 34353664
248205 34353664
248206 34353664
248207 34353664
248208 34353664
248209 34353664
248210 34353664
248211 34353664
248212 34353664
248213 34353664
248214 34353664
248215 34353664
248216 34353664
248217 34353664
248218 34353664
248219 34353664
248220 34353664
248221 34353664
248222 34353664
248223 34353664
248224 34353664
248225 34353664
248226 34353664
248227 34353664
248228 34353664
248229 34353664
248230 34353664
248231 34353664
248232 34353664
248233 34353664
248234 34353664
248235 34353664
248236 34353664
248237 34353664
248238 34353664
248239 34353664
248240 34353664
248241 34353664
248242 34353664
248243 34353664
248244 34353664
248245 34353664
248246 34353664
248247 34353664
248248 34353664
248249 34353664
248250 34353664
248251 34353664
248252 34353664
248253 34353664
248254 34353664
248255 34353664
248256 34353664
248257 34353664
248258 34353664
248259 34353664
248260 34353664
248261 34353664
248262 34353664
248263 34353664
248264 34353664
248265 34353664
248266 34353664
248267 34353664
248268 34353664
248269 34353664
248270 34353664
248271 34353664
248272 34353664
248273 34353664
248274 34353664
248275 34353664
248276 34353664
248277 34353664
248278 34353664
248279 34353664
248280 34353664
248281 34353664
248282 34353664
248283 34353664
248284 34353664
248285 34353664
248286 34353664
248287 34353664
248288 34353664
248289 34353664
248290 34353664
248291 34353664
248292 34353664
248293 34353664
248294 34353664
248295 34353664
248296 34353664
248297 34353664
248298 34353664
248299 34353664
248300 34353664
248301 34353664
248302 34353664
248303 34353664
248304 34353664
248305 34353664
248306 34353664
248307 34353664
248308 34353664
248309 34353664
248310 34353664
248311 34353664
248312 34353664
248313 34353664
248314 34353664
248315 34353664
248316 34353664
248317 34353664
248318 34353664
248319 34353664
3649 4076042
5043 3509200
2972 2861247
735 2860193
14804 2635270
14235 2404452
2228 1753340
524 1455102
2314 1408196
15642 1391187
1510 1380331
579 1366870
539 1320198
6996 1312546
561 1300149
628 1296120
4277 1293655
557 1288943
71093 1268323
13400 1226603
638 1177709
513 1155799
550 1122568
1482 1070496
64700 1059758
6970 1055132
13962 1036713
2830 1012681
3031 980542
16018 947694
1001 940006
1534 928924
681 924981
593 901008
694 883871
1144 860288
580 859865
32070 839921
1524 834106
4087 821790
1174 795617
28277 762049
553 759570
48216 746649
45215 745208
1667 744010
24796 721046
10689 719500
44309 715570
570 709222
958 690585
653 688606
678 686771
31400 672613
763 669047
515 660819
760 660283
854 658677
39541 600628
719 599673
1149 593303
175134 593215
2168 589914
516 589261
1156 586826
175903 585068
8069 584998
15742 584473
996 582132
799 581643
1590 578370
1596 573759
874 567875
1189 566796
599 559830
780 559796
725 558746
36069 546190
864 530606
710 528940
37146 528013
777 519324
514 513929
29798 511558
682 510687
695 508405
606 506000
2899 505243
59420 498226
12845 497478
8739 494776
2573 489680
36173 489606
1083 487042
65556 484344
1088 483607
585 483217
82599 481353
644 481071
26349 474329
28320 472759
1141 467722
4120 459090
1048 459012
2862 456949
4222 454753
713 449894
847 446592
2015 444001
733 436432
41857 436416
5021 435362
1317 434691
4006 431244
45818 430257
1228 429934
45000 428591
3131 425931
78939 425551
4035 419439
42357 417597
5590 412636
6088 410242
21386 408868
26111 408860
1411 404956
1272 403744
5810 403072
836 397832
1040 396594
38122 394983
998 394624
2291 393827
1049 393005
748 391884
64860 390562
948 390037
6383 389062
75370 388190
55105 386063
1132 382080
888 379890
7394 378732
680 377777
83959 376160
980 376099
1042 375612
1118 375201
781 374073
828 373745
1461 372972
7586 372671
61446 371972
7509 371327
636 371236
2304 370591
1056 370356
3300 367846
816 367042
1331 366436
1921 366088
52374 365324
1248 365185
551 365174
1920 364355
944 364216
1024 362008
22916 361728
1368 361656
594 355847
46282 354241
1155 353614
46186 353184
1496 351963
6433 350897
37415 349241
623 348250
1970 347984
52869 345775
10380 345284
55109 344142
62267 337425
51595 336852
54405 335783
574 335333
2061 332481
7936 332038
871 331910
161362 329036
1345 328704
163009 328460
975 327530
2652 327179
1608 324581
937 324010
2526 323568
86336 322216
16445 320197
17237 319524
1120 318815
995 318115
1089 316333
2100 316276
716 315889
4145 315307
1445 312304
1179 311807
76881 307952
74838 307660
68368 307400
182335 305592
2933 300464
885 299231
11942 299001
71809 297983
615 297684
1092 296522
61321 296288
2919 295461
24050 295432
73327 294012
1061 293366
17547 293102
6558 292555
1680 292454
1238 292307
1413 292144
883 292094
4876 290570
687 289723
914 285903
660 285584
1778 284845
984 284124
1103 283249
745 281701
2233 281285
75437 280195
1407 279091
783 278372
3428 277293
4558 275862
1358 275308
869 275193
3158 273967
3010 273570
1754 273524
50420 273473
1690 272524
22992 272023
1992 270868
795 267770
978 267290
5164 267020
1330 266475
4779 266394
12022 265095
92149 264699
15601 264552
1231 263770
709 263676
635 263066
231401 260725
9989 259133
696 257396
89100 256558
81224 256182
7617 255831
2499 255469
641 255122
3262 253989
6813 252441
42336 252399
1472 251359
1318 251187
6136 250882
1322 249815
16908 249698
38536 249244
5032 248941
1236 248204
3514 246987
1910 246445
727 245563
76125 245534
4292 243999
785 242469
1429 241638
1153 240619
895 239617
567 238303
1558 237996
1070 237700
32909 237399
1788 236291
3923 235823
3001 235142
1324 235052
578 234684
1208 233836
1332 233685
31987 233640
80270 233535
3238 233535
8808 233481
1523 233255
5272 232720
830 232341
2798 232209
3349 231612
52944 231596
14203 231428
80467 230603
1183 230123
6829 230095
12227 228791
3177 227079
852 226866
1362 226684
1880 226373
88570 226187
39763 225310
1220 224722
35626 223319
4071 223093
6743 222334
4613 220553
2279 220012
188817 219626
1599 217894
61222 217605
22696 217270
1817 216219
4207 215805
12654 215776
2468 214890
1010 214538
1017 214299
1500 214053
196919 212093
1019 212087
1822 211914
238776 211339
8568 211117
791 210829
12693 210812
3019 210577
159511 210446
23452 209961
174311 209283
803 209042
46945 208596
4961 208415
3078 208373
1435 208236
999 208221
27896 207862
1394 207125
5707 206968
10453 206934
74668 206319
60880 206215
23759 206127
162283 205817
1328 205643
1442 205466
75901 203914
1299 202876
1622 202643
8033 202558
581 202440
159601 202405
2481 202401
29200 202387
7561 202326
174864 202187
3614 201965
55821 201863
12585 201384
961 201168
35599 201026
1518 199741
1066 199671
35790 199493
11189 199428
5018 198465
7684 198369
10922 197729
56260 197637
1110 197475
153675 197342
2760 197300
808 197027
7824 196696
592 196084
1133 196031
73489 195750
3789 195542
2166 195435
1379 195268
177682 195261
728 194877
26030 194783
1881 194684
77569 194198
1698 193413
4649 193378
16052 193157
1752 192326
26385 192042
1428 191777
159582 191559
162438 191337
86969 191296
32132 191228
685 190802
3966 190414
5659 189757
1892 189690
155513 189545
1259 189493
155635 188855
652 187614
4047 186919
950 186889
44846 186732
2708 186706
2517 186656
1572 186611
174127 185710
2424 185451
46905 184786
771 184583
537 184212
29701 183707
1578 182965
2153 182857
185201 182599
4523 182208
14728 182133
6163 181627
5471 181555
3988 180918
70100 180825
81777 180029
58005 179898
906 179775
1528 179559
1727 179350
647 179247
26730 179217
1204 179175
1786 179005
2270 178704
562 178522
1845 178256
166313 176553
629 176416
178772 176138
10248 175560
3437 175527
1000 175474
919 175421
86594 175074
3567 174531
17304 174350
153492 174311
2107 174033
175673 173958
668 173932
850 173214
1151 173092
2046 173065
2625 172984
4897 172830
548 172588
2199 171649
22369 171385
1575 171102
161642 170710
1801 170463
172288 169619
28763 169298
155666 169166
558 168803
737 168502
60156 168126
1172 167852
1744 167373
2031 167154
3817 166493
1216 166484
3267 166124
154571 166084
1866 165912
71397 165697
3045 165119
164276 165111
34350 164990
12667 164794
160245 164508
3579 163568
57790 163225
5036 163160
1542 162918
1879 162778
591 162688
9543 162677
10399 162469
535 162379
2441 162215
1643 161787
982 161693
27722 161397
1357 161123
569 160921
153762 160420
6256 160155
5048 159959
2381 159946
2570 159901
1298 159442
177596 159352
1143 159173
31949 158934
178243 158748
533 158536
73506 158109
16814 157788
27653 157247
10999 157023
26980 156860
2692 156794
4673 156036
4188 155891
1885 155796
181851 155781
957 155718
56324 155413
1423 155386
34183 155337
94192 155255
2357 154938
243821 154909
1560 154532
48335 154275
1165 154257
2716 154140
1990 154007
155977 153975
1385 153961
2426 153944
9945 153457
3000 153218
153810 152926
156474 152888
812 152716
3763 152091
2313 152052
1691 152034
2250 152030
202594 151982
245720 151764
168981 151679
174566 151318
3165 151102
5790 151013
3371 150855
235121 150073
19699 149955
197572 149936
7054 149921
1366 149823
18050 149610
5226 149474
10176 149353
180754 149263
1396 149256
23027 149034
5142 148358
1546 148322
1438 147990
60791 147950
2699 147894
42733 147885
58676 147824
1224 147587
646 147527
90263 147381
772 147315
1799 147181
204408 147076
6972 146826
185494 146593
23381 145884
1142 145379
1637 145337
701 144835
2261 144683
1441 144623
1577 144560
6442 144516
866 144332
44382 144236
198895 144146
31948 144121
2592 143920
3166 143679
1785 143512
11835 143294
3855 143234
2702 143179
16770 143090
172819 143036
175818 142842
151751 142796
44179 142727
1765 142578
18328 142397
84444 142296
159916 142007
156168 141806
811 141528
1844 141477
9375 141369
202923 141309
71173 141257
4937 141102
17241 141100
913 140844
84662 140834
193262 140710
4570 140624
565 140586
174432 140518
40692 139752
173414 139237
205792 139143
602 139107
9137 139090
179750 138993
10885 138790
1267 138658
1439 138602
64865 138588
235017 138578
12996 138245
667 138131
160533 138085
93868 138074
4203 137876
8434 137835
2020 137813
195994 137609
69097 137252
2624 136861
1137 136798
1761 136738
1384 136722
16793 136614
2234 136544
185588 136483
2450 136364
1870 136329
4272 136136
5802 136059
821 136039
11501 135649
1293 135371
180537 135331
215448 135210
45376 135201
174470 135108
2958 134932
867 134919
157211 134630
94942 134116
784 133825
2813 133615
6694 133576
5148 133125
8080 133063
670 133009
697 132878
208889 132868
25669 132792
13135 132625
221113 132570
2407 132535
2272 132517
11069 132428
174946 132410
175921 132384
11198 132306
2390 132280
54647 132262
2136 132130
1467 132105
161231 131817
7734 131605
2141 131450
2000 131335
2490 131252
1587 131246
61482 131223
14456 131138
155476 131116
19942 131030
24866 131017
80686 130925
925 130884
1079 130727
32671 130548
1152 130416
10462 130266
3425 130240
179815 130209
174382 130185
77399 130172
560 130158
176554 129804
90068 129708
172903 129619
5474 129546
160876 129449
13825 129299
3029 129257
5574 129143
2512 128701
177498 128686
9495 128620
1902 128521
12540 128490
10631 128244
8454 128179
2531 128096
184847 127970
19531 127764
5242 127745
7920 127587
3555 127506
154042 127455
3364 127418
17521 127155
22257 127104
3689 126855
4644 126788
176939 126599
161354 126595
26864 126035
835 125972
547 125704
1453 125536
989 125490
2400 125474
926 125473
1603 125447
30593 125318
15184 125181
2849 124857
4602 124834
179661 124711
3545 124678
3487 124394
171729 124289
2599 124027
8303 123979
1973 123882
3717 123851
174989 123811
1068 123545
1756 123534
183122 123523
6020 123487
184674 123171
6809 123069
9662 123028
9307 123016
185177 122759
2205 122350
571 122193
92228 121866
6295 121821
2005 121703
3497 121525
5565 121492
173845 121192
25704 121148
3140 121125
1767 120751
7873 120574
10033 120454
1478 120362
177473 120327
1901 120305
2535 120078
1304 119899
12841 119841
13742 119715
2397 119514
48099 119486
4221 119451
3619 119273
94427 119231
10474 119093
689 118876
39377 118709
614 118596
1503 118429
4590 118391
2255 118368
81533 118284
2583 118231
1112 118178
6236 118159
5854 118140
22661 118063
9188 117982
179872 117978
2695 117921
2343 117414
173249 117356
15673 117349
2715 117298
174848 117207
1170 117072
1770 117034
3439 117019
7285 117005
1669 116806
577 116751
24198 116749
172724 116470
172506 116325
183102 116241
156583 116179
6056 115768
2342 115341
878 115052
188912 114802
12513 114655
5003 114611
4494 114568
3687 114561
3812 114361
156361 114223
2466 114215
2736 114177
1148 114054
192733 114050
25996 114001
159029 113980
188760 113902
69310 113766
2943 113723
50982 113649
1891 113516
884 113458
804 113384
10985 113376
2790 113349
79935 113262
176449 113091
7813 113062
1076 112910
4700 112814
71245 112737
11288 112681
9301 112642
79312 112618
3323 112526
1301 112244
20808 112145
8964 112039
185561 112030
7698 111999
155550 111540
3750 111433
2218 111419
10732 111377
1628 111372
712 111369
178084 111347
671 111291
163139 111260
18385 111154
1292 111141
1857 111128
1809 110845
1321 110843
203052 110831
1420 110793
182519 110631
178659 110625
1993 110570
1906 110560
6436 110472
63694 110425
19586 110348
8705 110290
4139 110263
2353 110016
814 109849
161029 109726
4885 109549
4138 109356
92833 109211
6767 109029
59299 109014
173352 108936
57723 108863
179974 108815
540 108810
22703 108738
61711 108645
3024 108512
1116 108386
190379 108232
2843 108216
7515 108131
42786 108089
162059 108048
4368 107966
22126 107935
809 107884
9703 107805
79322 107679
159847 107294
4259 107101
4004 107092
6603 107030
9350 106982
938 106868
9801 106813
3266 106786
1105 106740
10106 106695
220894 106678
973 106676
162128 106565
3940 106478
5257 106366
1724 106249
1506 106043
3255 106041
5492 106039
2551 105938
172630 105923
173695 105818
165652 105805
11278 105583
5081 105516
2500 105385
95300 105383
3604 105365
187126 105214
14542 105214
1388 105206
190796 104997
1602 104770
12650 104668
4128 104549
4016 104540
1452 104431
6150 104425
20139 104319
27322 104271
10121 104260
11212 103869
1373 103756
1521 103752
2094 103687
8899 103683
44675 103667
4844 103631
161864 103550
3025 103546
14834 103461
24204 103408
7486 103197
1067 103166
51839 103115
8556 103039
52101 103002
7112 102873
1919 102844
2069 102839
159543 102824
5533 102769
3482 102723
2612 102715
24666 102671
2732 102587
9018 102420
2222 102298
192592 102201
1013 102144
16561 102123
1005 102053
9640 102038
33991 102034
72434 101825
36814 101815
157117 101754
6572 101668
979 101529
4293 101497
3665 101413
55770 101392
204346 101142
4107 101135
4383 101074
23752 101067
3512 100995
200177 100898
53913 100887
16953 100807
2561 100741
2948 100733
1848 100498
10458 100497
2985 100299
175735 100176
5491 100170
49637 100111
69838 100073
2074 99877
1483 99843
184505 99799
5834 99346
552 99103
2552 99035
16415 98953
184732 98839
8323 98733
6709 98663
12141 98482
199341 98419
5285 98386
9117 98130
6605 98015
659 97992
13262 97958
632 97924
6778 97890
59461 97770
1473 97576
200566 97488
4041 97462
8364 97390
151158 97295
161345 97259
8602 97199
164202 97184
2109 97109
2340 96956
9204 96950
161673 96848
218993 96783
945 96738
1477 96614
4589 96498
1898 96471
8881 96414
1412 96383
5098 96193
3203 96153
1719 96096
3376 95994
10236 95958
163234 95934
161109 95771
49333 95706
3478 95477
244343 95340
5924 95321
7846 95286
161220 95274
2181 95197
185385 95189
51532 95134
4566 95020
45052 95001
974 94973
178540 94926
21109 94783
178239 94625
2493 94586
14392 94496
159386 94496
7696 94439
1716 94306
8390 94231
191379 94199
1782 94146
596 94099
94142 93985
8160 93954
528 93784
2492 93774
191030 93750
66554 93732
162887 93695
175722 93613
532 93576
182758 93434
4528 93317
5165 93291
184247 93205
1957 93185
5351 93060
2564 93038
1459 92959
159034 92951
1893 92851
191231 92779
4821 92770
1814 92742
162155 92585
1030 92559
5972 92494
3209 92420
2923 92314
1414 92207
179675 92124
156264 92069
3102 92017
10713 91988
176378 91890
824 91862
10222 91776
178417 91769
12847 91710
33089 91625
18831 91537
2756 91424
3516 91277
13035 90768
7031 90666
2064 90597
6228 90590
5137 90557
7898 90543
32879 90492
2129 90449
3296 90381
18475 90348
160729 90314
9347 90220
903 90180
219213 90171
35006 89972
161990 89924
1009 89904
3253 89903
5350 89873
2891 89819
78645 89794
1004 89786
13914 89771
185136 89658
2647 89466
213246 89434
931 89417
1954 89398
3992 89364
2469 89309
49301 89289
190331 89261
14505 89238
7202 89236
81914 89221
174976 89189
7629 89163
3095 89073
2182 89025
179149 88962
2387 88877
193546 88853
7525 88795
2266 88755
9584 88338
175359 88231
93953 88197
26423 88194
2717 88134
223340 88078
184506 88059
564 88030
951 87779
4788 87767
21094 87726
5373 87585
204364 87582
1615 87529
3433 87485
3350 87378
21436 87366
21609 87346
201471 87302
92217 87177
4618 87159
87139 87072
2077 87026
7466 87017
3175 87002
9997 86967
188830 86954
4950 86926
22619 86913
1965 86800
1607 86735
5902 86691
4097 86681
8749 86667
3122 86604
183786 86590
194605 86511
6797 86454
17143 86402
3384 86397
174303 86390
5498 86373
152879 86356
2912 86262
75974 86254
4147 86214
4416 86145
45982 86087
178393 86019
3090 85990
75915 85866
12350 85756
17200 85742
5041 85658
2961 85657
1989 85584
1050 85478
1020 85459
188059 85431
14145 85385
31218 85378
7624 85319
53137 85279
27179 85272
153883 85242
1380 85184
3046 85075
7336 85063
3850 84999
16236 84926
2470 84917
31230 84849
55093 84771
1598 84755
163965 84696
3712 84695
5385 84690
2280 84623
10336 84535
205171 84532
2361 84521
3233 84327
3566 84299
217018 84159
164823 84029
625 83932
2331 83915
162628 83845
4903 83781
219985 83776
10849 83775
2831 83736
187174 83706
195127 83684
187639 83640
80338 83612
2764 83531
22623 83527
1692 83498
160263 83483
1201 83421
13808 83404
4406 83401
2332 83337
184141 83019
1044 83017
162382 82921
2336 82910
36974 82900
554 82861
2945 82849
4133 82788
3134 82770
1451 82657
886 82628
1918 82601
8578 82541
179692 82282
3693 82280
182650 82087
2086 81972
8197 81887
1807 81836
10304 81813
704 81763
8138 81759
160478 81759
2607 81746
2785 81729
8392 81672
182639 81599
2545 81574
7338 81537
42404 81535
23419 81456
5267 81445
11604 81293
1325 81291
195965 81274
517 81271
4381 81271
14808 81146
156564 81063
1865 81041
206368 81011
837 81004
3242 80958
4021 80916
2124 80903
19525 80889
2018 80780
161534 80771
5813 80694
15878 80609
20211 80609
194401 80551
2423 80542
153980 80532
202244 80497
2577 80362
976 80307
8317 80286
2072 80235
7903 80179
5722 80105
79705 80071
2148 80054
1287 79942
211358 79923
14733 79870
179356 79817
5821 79806
4081 79792
160864 79755
156162 79730
2663 79680
1032 79660
7154 79636
1012 79512
3460 79457
35497 79431
2585 79408
26026 79368
162544 79367
43356 79360
1987 79331
30260 79243
1440 79235
17857 79102
2610 79040
29516 79006
185528 78869
59367 78836
5326 78831
10197 78811
10572 78785
4125 78777
55198 78739
7402 78668
658 78645
15373 78563
203824 78500
2243 78451
15545 78339
13356 78310
16686 78251
10215 78229
6641 78178
4219 78069
12164 78059
81047 78056
7563 78019
204779 78005
5932 77992
184359 77978
209057 77978
855 77967
715 77924
61377 77863
9230 77672
181179 77669
2117 77667
183708 77644
17392 77620
195178 77495
176133 77409
9372 77392
6368 77349
7170 77341
28539 77276
7441 77223
3443 77170
2936 77106
177795 77096
1791 77067
175733 77059
2721 77047
12553 77021
9354 76998
1654 76916
873 76904
2073 76775
5870 76747
6000 76735
5595 76700
2560 76664
3154 76651
7964 76645
50724 76623
1519 76621
5411 76582
63722 76551
7948 76512
23158 76432
191952 76430
523 76402
2942 76400
4562 76379
6326 76374
3213 76337
156042 76312
8097 76204
604 76194
5173 76133
6278 76116
52086 76085
190914 76059
7607 76029
179147 76013
1062 75892
6686 75826
2915 75804
1925 75801
4493 75772
36216 75698
2444 75608
210434 75567
16078 75492
1573 75452
6673 75441
11301 75435
175187 75311
902 75306
3791 75290
5564 75263
4238 75238
185573 75178
2319 75177
688 75160
3069 75105
1104 75030
38256 74930
27683 74919
5319 74916
66025 74874
173332 74871
19150 74774
642 74759
215583 74686
6157 74621
95510 74542
1834 74486
986 74470
5067 74455
5759 74427
11346 74424
7492 74379
185358 74345
3520 74263
1381 74211
19794 74157
207713 74110
37549 74093
22486 74058
234485 74046
14773 74028
7552 73991
6297 73965
40881 73941
1243 73920
3442 73910
7019 73883
2873 73808
161706 73744
164220 73738
10578 73665
1641 73619
17506 73585
29062 73562
177643 73510
182702 73506
73709 73496
1018 73368
238592 73354
3074 73348
184065 73315
3679 73284
23639 73188
32645 73174
3041 73149
16779 73140
185643 73034
4563 72989
2713 72906
673 72780
23982 72721
183665 72692
5384 72691
942 72670
197188 72668
3327 72655
4042 72533
13791 72505
907 72498
2944 72400
67280 72398
6971 72398
11553 72328
182564 72254
21395 72231
5224 72136
180162 72109
5500 72094
77244 72088
11495 72078
4732 72040
35000 71964
1463 71962
197212 71868
8086 71860
30902 71842
218230 71836
4241 71822
210124 71804
28910 71784
1154 71682
8784 71637
12035 71505
31866 71445
12754 71377
2894 71308
8125 71255
30541 71223
2220 71147
9109 71130
10424 71079
3114 70979
3254 70928
5076 70890
997 70884
3333 70830
6850 70816
28766 70748
180037 70701
223869 70636
5198 70592
2876 70546
216098 70519
184097 70513
4319 70462
15904 70433
8240 70425
154675 70418
2009 70417
6684 70402
877 70382
3773 70284
26156 70278
31913 70231
177883 70142
1581 70116
3950 70112
5883 70054
7129 70048
210798 70040
12261 69993
4860 69970
5674 69904
3117 69840
4028 69819
6925 69791
7025 69779
4546 69739
20053 69705
882 69681
11466 69629
10223 69628
196087 69595
218090 69588
4843 69571
7786 69551
34602 69474
1597 69458
1526 69433
3018 69395
1386 69366
7308 69336
76200 69325
637 69296
161301 69285
199269 69277
7508 69274
188295 69201
3481 69180
4884 69159
16331 69148
20049 69144
65841 69108
805 69094
204279 69088
2235 69084
8806 69075
28648 69004
7042 68986
4962 68966
6555 68929
4598 68923
10926 68851
194674 68838
160836 68762
245548 68739
86398 68716
187902 68654
1831 68618
834 68559
2200 68547
234972 68543
5255 68532
4177 68523
879 68409
4424 68308
3239 68297
199249 68288
3790 68231
3602 68218
16451 68187
2902 68141
2842 68138
3842 68134
11480 68119
232148 68067
4958 68026
1302 68025
195625 68023
9704 67921
4346 67918
11064 67822
59376 67765
1007 67764
1146 67759
9183 67757
4581 67535
157564 67520
185799 67504
180207 67504
8104 67500
2099 67484
3302 67465
57063 67440
199767 67437
1433 67374
6937 67289
180115 67239
12610 67051
49260 67041
531 67016
4906 66914
174109 66893
230337 66891
215086 66882
5764 66835
19345 66763
163396 66744
236070 66701
52668 66637
3874 66576
15632 66575
4357 66574
2204 66569
1707 66533
63322 66532
3524 66524
14880 66514
7806 66495
216379 66452
179288 66445
7431 66426
13555 66421
163635 66390
5715 66296
7705 66228
5480 66158
1401 66156
1708 66056
15633 66030
203934 66002
23258 65961
16645 65955
48253 65947
12258 65904
2394 65869
164356 65838
3234 65831
174564 65776
9571 65776
14687 65618
58681 65589
2614 65574
5879 65567
94786 65565
3889 65536
5158 65530
3133 65460
155873 65459
2101 65442
4886 65383
156047 65348
2113 65336
1928 65335
195213 65329
191294 65311
48493 65273
188499 65268
49492 65254
1052 65197
186715 65131
6862 65069
182038 65034
1852 65031
155836 65025
2054 65012
15190 65003
236898 64991
188260 64981
3097 64976
174191 64947
2693 64862
163632 64785
9261 64782
10540 64782
7379 64766
977 64735
2302 64660
163513 64651
195509 64587
7123 64576
215074 64537
853 64524
86405 64497
43781 64462
195095 64456
92714 64421
18329 64395
1697 64390
21450 64308
6725 64252
4437 64207
28567 64117
45644 64115
29308 64100
7802 64090
152642 64080
5344 64019
3768 63943
2011 63876
15288 63851
6889 63794
19814 63777
179530 63750
2014 63726
1446 63718
22464 63709
8863 63687
2193 63685
1789 63652
7304 63633
23673 63584
159546 63520
162631 63494
13553 63472
2602 63453
8383 63433
52808 63414
7765 63390
11036 63331
211291 63330
6375 63330
3571 63328
6486 63306
2654 63298
3629 63289
18642 63278
12422 63269
4082 63252
4213 63235
213487 63232
8976 63209
3200 63108
1167 63090
16000 63043
35737 63024
3050 63009
28803 62987
6498 62982
2251 62971
188687 62966
204495 62947
4196 62945
10020 62924
4182 62861
7566 62778
7157 62744
1261 62743
205746 62700
3638 62680
32029 62677
5154 62655
42181 62652
9715 62622
24237 62619
8547 62599
588 62584
7620 62487
93720 62462
736 62390
71483 62371
2420 62368
3035 62358
226893 62318
64050 62297
1644 62290
15705 62259
6951 62237
36800 62230
1647 62216
5875 62196
157838 62124
18819 62060
18873 62023
8570 62006
12756 61944
237547 61916
9057 61888
1915 61883
3710 61860
164401 61818
24323 61758
3525 61728
4486 61691
189025 61551
13280 61551
806 61527
14545 61525
211317 61519
49494 61479
5236 61475
192160 61439
15081 61438
1824 61433
62699 61425
4918 61414
8569 61413
65747 61411
846 61409
4105 61359
5629 61356
1544 61338
74898 61317
1029 61261
32743 61254
4252 61250
231868 61247
894 61185
2406 61154
154540 61147
4465 61134
6892 61123
2844 61093
225173 61069
199844 61067
38627 61036
7892 61025
6384 61025
208386 61003
2982 60992
11093 60969
180862 60968
5829 60964
2980 60939
6331 60861
8046 60858
210266 60820
967 60802
605 60795
211912 60779
6206 60774
87602 60748
5686 60747
71118 60745
3055 60739
13039 60734
8214 60684
6321 60596
1639 60587
2906 60579
3680 60574
9959 60564
71163 60562
1642 60552
729 60509
37304 60492
41010 60441
5656 60407
184185 60406
2724 60397
889 60379
18082 60335
5914 60306
3827 60306
220906 60301
156841 60296
29161 60293
4179 60276
228489 60270
2316 60217
164168 60189
14163 60185
47534 60127
161762 60121
207476 60102
229290 59983
7848 59975
24242 59972
927 59956
12482 59944
7436 59942
181530 59923
202399 59908
14695 59899
10209 59896
6739 59883
5757 59846
2416 59846
78183 59836
61363 59790
843 59786
5536 59766
10114 59728
162837 59725
1323 59692
202473 59662
48854 59634
8831 59630
55965 59615
48086 59596
698 59589
1771 59569
6310 59561
76061 59559
26486 59556
13029 59492
4110 59466
182268 59455
1745 59451
5880 59427
12929 59408
23925 59388
529 59343
68449 59325
8674 59313
1951 59310
211943 59287
5787 59256
18270 59254
17577 59240
186624 59239
9682 59198
15089 59162
2083 59136
16603 59134
183226 59108
2172 59087
559 59018
5843 59012
18356 58986
6306 58979
5243 58976
2549 58951
23839 58917
5792 58900
2350 58898
198086 58897
180182 58888
8439 58870
197030 58864
3658 58860
163353 58857
2192 58852
3648 58846
25009 58846
190389 58821
3294 58749
188258 58728
240580 58702
13909 58659
2053 58578
19044 58560
20635 58551
3928 58550
2523 58520
3738 58517
162367 58455
3683 58379
206846 58351
4255 58348
225126 58325
30248 58323
4839 58312
217205 58184
3039 58181
5433 58152
9991 58151
829 58145
197904 58139
3979 58125
4965 58094
2144 58085
191866 58021
165405 58015
12419 57977
4244 57969
4660 57967
1134 57956
7424 57939
2488 57936
2984 57912
3269 57907
4478 57788
155507 57702
190395 57639
8377 57615
161811 57607
4713 57562
8878 57549
79091 57511
4778 57500
4129 57490
15000 57455
776 57401
179110 57367
15470 57340
5214 57321
5096 57301
42406 57207
196853 57204
12518 57173
4893 57170
48401 57150
2957 57117
5046 57097
3804 57079
10814 57074
6836 57067
38088 57052
198809 57052
10741 57005
6761 56990
22817 56901
5281 56872
41455 56846
3286 56839
4610 56774
4874 56751
175924 56736
2433 56736
5753 56735
201710 56718
239287 56683
14647 56572
2334 56558
2454 56535
42999 56527
4867 56496
7622 56494
5878 56478
202893 56460
7505 56436
9966 56404
15702 56389
12024 56362
195412 56356
2628 56346
3594 56301
160163 56295
30750 56265
6853 56206
204250 56126
8561 56125
30246 56110
5604 56094
156657 56071
17574 56071
6044 56054
7182 55969
4829 55969
2163 55919
8224 55899
86592 55832
8628 55801
4688 55794
1557 55754
2997 55738
2047 55732
12196 55646
2544 55632
175457 55618
218067 55607
2857 55595
1316 55487
2321 55442
5675 55403
16382 55388
188752 55375
224200 55367
1652 55366
186610 55361
16484 55359
44424 55352
9563 55350
4792 55330
3694 55320
27107 55312
1046 55311
1199 55293
4947 55277
13366 55272
160517 55258
55421 55216
50804 55199
2496 55162
8545 55160
9217 55159
15948 55157
7738 55155
2075 55151
15282 55144
215899 55120
24543 55119
9815 55109
7857 55078
3480 55056
8339 55045
1257 55044
24384 55013
2574 54945
183915 54925
8668 54916
4031 54869
3008 54853
234818 54837
196101 54823
4199 54810
4072 54806
9619 54768
4044 54768
8970 54752
6502 54750
167599 54712
6249 54685
167057 54662
84014 54644
214593 54643
161491 54642
1206 54609
183478 54609
215995 54590
1212 54585
3311 54537
2002 54530
7063 54498
11540 54430
212930 54410
6185 54388
7035 54387
1495 54366
161580 54338
1387 54296
2532 54277
161955 54269
9227 54257
1163 54254
46977 54222
7664 54210
5614 54198
4496 54189
16778 54179
1516 54168
5365 54154
4265 54132
233597 54123
640 54118
162171 54102
181732 54076
183711 54050
28822 54020
7975 54010
643 53930
211142 53907
175618 53896
3676 53892
34179 53863
5245 53861
8329 53857
2216 53835
4891 53831
2892 53827
13724 53821
20277 53802
702 53778
4260 53775
8983 53757
2725 53756
18857 53742
5904 53736
6299 53675
1074 53649
11906 53645
161206 53625
10305 53596
2164 53581
231426 53580
5038 53578
4257 53578
5617 53568
24096 53543
860 53538
6090 53517
782 53497
170247 53496
1054 53491
2590 53475
194055 53473
157134 53442
72240 53433
49028 53432
6518 53405
26591 53403
8236 53399
2081 53365
2477 53358
30626 53316
13563 53296
202279 53251
14938 53243
1097 53242
211909 53207
176868 53188
789 53177
33059 53170
15003 53147
1630 53134
3354 53122
12388 53070
1674 53002
8720 53000
14058 53000
3150 52999
14832 52949
2226 52938
222979 52934
207626 52911
16556 52903
1860 52902
639 52881
36337 52855
240388 52840
204385 52833
190075 52821
21152 52754
81123 52744
13514 52736
19455 52732
173016 52726
79074 52711
723 52675
184800 52639
2048 52639
4530 52631
9623 52614
4625 52587
199790 52565
58203 52561
2448 52546
7832 52526
3473 52525
3929 52512
3094 52506
29328 52491
29812 52481
8883 52451
5275 52441
5064 52438
3621 52402
8410 52399
19315 52396
3336 52386
2197 52330
16715 52329
49204 52328
237411 52311
237489 52298
1193 52264
26527 52251
8387 52242
8487 52242
27389 52240
3533 52223
15773 52213
11973 52206
203328 52202
67866 52184
13475 52146
9665 52139
218309 52128
917 52115
46182 52113
1234 52102
1340 52075
13729 52058
11494 52018
4237 52017
161222 52013
30056 52009
190789 52005
204506 51998
10856 51978
183455 51977
17809 51957
12995 51899
4499 51873
163738 51861
24609 51848
11148 51832
14977 51799
92306 51766
4801 51709
25063 51704
4766 51702
2746 51701
6459 51694
793 51690
197269 51680
41578 51669
37238 51657
18362 51649
7021 51643
46970 51628
202668 51589
656 51577
6823 51573
38182 51571
27611 51565
44236 51557
161892 51556
233084 51556
2981 51479
11384 51421
7659 51389
7580 51381
66906 51324
216224 51321
5307 51308
1288 51306
234714 51250
13257 51245
8213 51232
769 51227
5251 51174
16731 51143
1409 51132
5964 51130
1016 51109
50474 51104
11415 51093
74166 51086
63088 51066
153776 51050
238006 51047
7693 51012
1469 50996
1436 50988
4490 50982
3625 50982
9947 50905
11939 50904
188693 50903
3284 50891
13587 50858
1851 50826
154298 50785
214585 50771
10583 50765
3962 50738
22480 50722
64222 50713
3038 50694
58933 50691
218831 50675
158560 50651
5426 50647
28838 50578
4924 50578
14116 50566
4185 50556
1117 50543
4941 50534
1027 50526
4666 50491
20617 50465
1659 50463
25863 50451
3777 50449
9998 50429
9825 50391
4216 50362
1748 50341
7526 50333
1611 50323
7383 50285
181731 50265
7234 50262
15408 50257
10738 50222
1683 50191
2312 50168
29288 50142
2198 50133
3727 50111
9862 50110
160228 50062
191940 50007
2645 49999
53253 49993
183811 49938
8311 49937
4594 49870
6429 49843
778 49839
5364 49778
2956 49777
228773 49735
225054 49722
1404 49718
35515 49716
176850 49687
10673 49668
244266 49646
2378 49622
205869 49617
202666 49617
4283 49614
5125 49606
77629 49601
39074 49585
21372 49540
62691 49521
4956 49501
7022 49496
3160 49453
1082 49435
195140 49419
12396 49417
8574 49412
26506 49401
3882 49381
17856 49344
5887 49332
26991 49319
8346 49293
1245 49293
27718 49286
4560 49278
215435 49257
2641 49244
16434 49233
79766 49230
4858 49203
18030 49174
21625 49168
5646 49159
1221 49157
11165 49147
9040 49132
36637 49096
5789 49070
7430 49056
5952 49050
192683 48997
196581 48949
208590 48930
7807 48921
2506 48880
199719 48869
73144 48860
7661 48818
7294 48805
193733 48798
11712 48783
3492 48781
205198 48778
624 48770
34418 48725
2436 48720
35937 48697
4054 48695
1487 48676
4747 48639
2859 48574
10104 48573
222538 48520
3106 48503
12079 48495
59348 48487
14090 48426
37975 48413
12744 48408
10480 48402
9450 48393
2840 48377
16175 48350
2542 48345
175310 48340
4417 48340
172809 48322
9378 48315
2801 48304
195438 48260
3808 48247
1406 48226
14953 48222
204672 48206
27137 48203
38672 48174
1465 48158
6875 48155
2404 48127
4434 48095
1484 48088
5946 48065
17529 48051
544 48022
3878 48022
4722 47982
185988 47946
1262 47936
10902 47884
6463 47871
3377 47858
1917 47854
180921 47849
209882 47845
3099 47837
17326 47835
193829 47819
2722 47801
9509 47799
819 47778
5129 47765
4276 47753
767 47742
85871 47734
64021 47696
29201 47648
684 47619
2263 47614
6607 47609
2427 47588
18601 47493
58609 47480
181505 47479
3521 47472
833 47467
4229 47461
154238 47458
3042 47420
185596 47398
245588 47394
215756 47368
212819 47361
211202 47334
211037 47332
5997 47328
35097 47284
164432 47283
13119 47252
4370 47215
21729 47212
84354 47194
70676 47188
217117 47170
33560 47158
199002 47143
9059 47133
26608 47110
229206 47103
19212 47086
62179 47083
30763 47077
4559 47053
225305 47038
3938 47036
199159 47034
65457 47003
155949 46968
9432 46961
6711 46901
2088 46892
161307 46851
6667 46849
2617 46779
2376 46767
5447 46761
187245 46758
82210 46743
228282 46713
221465 46695
206273 46661
5357 46649
1038 46642
788 46604
163012 46584
40935 46577
200124 46537
5375 46535
2091 46535
88976 46488
13822 46472
158134 46431
205592 46417
222455 46345
176515 46336
193966 46334
50490 46315
5820 46290
3980 46253
5097 46247
7560 46234
600 46231
165235 46221
9517 46187
25885 46185
193573 46153
4514 46134
200962 46129
47346 46093
2939 46075
25326 46053
12966 46052
1306 46046
7036 46032
1159 46016
4750 45949
6286 45932
21019 45901
3749 45866
11242 45856
43330 45824
3033 45817
15787 45811
29174 45803
5037 45790
157335 45785
191629 45778
162598 45778
223315 45725
195057 45693
4799 45679
7012 45617
9688 45614
5876 45598
11313 45591
26014 45566
192238 45522
7449 45454
185032 45426
9525 45399
4336 45379
4725 45352
1372 45345
586 45342
10042 45331
8220 45310
2487 45277
186182 45253
8677 45234
218850 45219
1763 45194
47789 45191
5077 45141
225342 45133
2548 45115
6681 45096
27139 45088
5640 45058
3194 45041
11175 45037
15264 45034
7434 45027
2528 45002
5893 44993
89393 44988
16615 44977
163753 44973
187153 44971
153324 44966
3387 44966
217141 44945
6543 44944
229865 44929
2582 44918
190870 44890
3538 44878
219249 44876
8114 44876
2879 44871
38694 44866
2962 44850
1555 44842
2519 44838
9609 44825
17610 44821
1877 44812
6415 44797
232224 44790
4922 44773
202567 44768
10242 44761
4134 44753
703 44747
7283 44738
15167 44734
16017 44713
3162 44713
27594 44704
67635 44692
7674 44649
2372 44612
1402 44595
1455 44581
1344 44578
4154 44575
34243 44552
8397 44527
219721 44525
2967 44490
3082 44487
29456 44483
233485 44478
23285 44467
23534 44457
5254 44455
15455 44420
227677 44412
27915 44408
240418 44395
2747 44393
192328 44389
67990 44373
70792 44369
3615 44366
5851 44339
159627 44311
55213 44310
13695 44307
1223 44306
38789 44294
8751 44290
198031 44283
1867 44260
15324 44259
152550 44212
206600 44196
1740 44190
10476 44178
64290 44164
1612 44162
21440 44119
5122 44105
8469 44099
193883 44085
9714 44063
2557 44041
13867 44019
49186 43998
156772 43982
208845 43955
898 43940
1211 43928
23719 43927
159828 43923
9296 43923
3202 43922
6166 43920
21027 43911
194269 43869
43723 43864
1091 43848
38341 43847
164874 43828
22213 43820
7641 43810
1720 43790
5134 43789
23735 43788
7914 43774
231506 43772
195715 43769
20715 43752
41973 43738
20079 43736
10307 43732
24401 43720
44791 43715
44240 43693
2369 43682
8103 43679
949 43665
3766 43661
4091 43656
81111 43612
3753 43609
28173 43603
2007 43603
5655 43600
1237 43588
24084 43546
152162 43546
1576 43543
7099 43530
25419 43528
1574 43514
221844 43514
163483 43511
7911 43487
3510 43478
8565 43459
206935 43457
4121 43454
225619 43453
9745 43453
7916 43445
8598 43438
7606 43437
15616 43424
12684 43419
154010 43408
3054 43398
12316 43396
12342 43382
4439 43382
7277 43348
5462 43342
12465 43333
24983 43326
15005 43323
1543 43323
194257 43313
231050 43305
91373 43303
4717 43268
15856 43256
218201 43253
23790 43246
9943 43245
213321 43245
5306 43237
815 43232
20274 43221
1911 43219
4776 43212
3043 43199
5133 43198
50057 43171
20323 43151
212274 43141
161296 43140
43143 43105
29800 43100
734 43088
4552 43087
7438 43087
77719 43069
10708 43060
165319 43047
38374 43039
61870 43038
58066 43024
4639 43021
1022 43006
11112 42999
10524 42999
11663 42997
155137 42995
18777 42968
44876 42966
32408 42960
1746 42954
4397 42935
5222 42935
9085 42927
183796 42925
243311 42887
2478 42867
3558 42844
2905 42819
2640 42818
42868 42801
8028 42796
12237 42765
5432 42743
14830 42733
3436 42724
9802 42693
4751 42680
2827 42669
7906 42660
3470 42605
34108 42599
1408 42584
11864 42580
7481 42545
187209 42527
12130 42521
22223 42521
13017 42508
3079 42503
11074 42503
10202 42495
1060 42492
190756 42471
152026 42457
7225 42441
212180 42417
11767 42411
211562 42376
182059 42364
6129 42364
3945 42362
71099 42347
46272 42341
3427 42311
7276 42302
1784 42286
27746 42213
207448 42211
162934 42210
2678 42191
5058 42191
901 42175
721 42160
22557 42156
55877 42149
3816 42149
76987 42143
209709 42134
2231 42116
9705 42113
189363 42100
5647 42094
1531 42093
157908 42045
196346 42041
2308 42035
28459 41993
13244 41982
12204 41974
8978 41951
5553 41927
2315 41908
4364 41888
206570 41883
2814 41876
39423 41864
2627 41857
1532 41856
11182 41845
193305 41835
2537 41810
22002 41799
9338 41789
230864 41788
5947 41765
174120 41731
155494 41723
4026 41714
24434 41705
8903 41704
575 41679
4022 41669
5253 41652
732 41640
4948 41633
199362 41618
8432 41604
4541 41585
2127 41584
23134 41562
11816 41555
4191 41553
16834 41540
152695 41520
86996 41515
5986 41504
240161 41483
3764 41477
5469 41475
48599 41467
55385 41442
215073 41441
181186 41425
17136 41421
33963 41383
152732 41340
162904 41327
832 41314
1779 41302
156833 41289
35037 41266
6977 41247
1284 41245
70164 41240
10633 41231
7968 41221
4458 41220
10813 41214
205205 41186
1876 41173
53450 41173
9031 41163
161722 41150
10924 41124
3672 41106
13402 41091
8060 41073
15220 41063
3706 41042
6906 41042
18957 41028
5020 41027
2885 41010
2050 40965
6507 40942
4535 40942
48328 40906
2965 40878
189903 40864
211584 40852
202874 40830
598 40826
201765 40808
7652 40803
12386 40786
23086 40779
11121 40772
207575 40771
1847 40746
2253 40743
9518 40740
196667 40740
213843 40697
8198 40686
23698 40672
2414 40671
7179 40656
195420 40590
9191 40587
8613 40570
589 40562
2229 40559
648 40528
64956 40527
8412 40470
223540 40442
9219 40422
73234 40414
9370 40377
41779 40337
13540 40329
213087 40318
2556 40268
8772 40250
549 40248
22371 40215
196892 40204
156732 40184
228702 40152
215470 40128
30858 40125
1926 40118
5215 40099
210817 40093
200873 40087
6042 40075
11266 40067
200021 40052
19883 40045
4275 40022
16253 40007
209408 40007
94287 40005
9676 39993
2184 39977
4703 39961
1541 39920
722 39919
4193 39917
11166 39915
4472 39911
9830 39903
5721 39902
6497 39878
7683 39874
5145 39795
194074 39788
182762 39787
1591 39772
4634 39771
1958 39744
216130 39730
208436 39716
86457 39716
28799 39701
206549 39667
5639 39644
211931 39643
21484 39634
63744 39619
3070 39586
179850 39577
87670 39562
194152 39556
232446 39539
5728 39499
751 39499
221260 39489
3498 39483
174567 39469
47324 39452
11088 39439
223489 39431
16243 39403
12180 39397
2518 39387
8373 39368
6316 39361
213813 39343
5040 39322
21698 39309
4477 39304
2033 39299
152942 39295
186763 39294
7644 39278
229203 39271
29564 39258
184968 39252
8379 39249
1742 39225
3612 39216
69276 39212
195353 39203
215932 39200
8485 39199
213476 39195
1810 39175
5099 39168
2294 39167
7328 39165
196025 39156
1589 39152
4611 39148
88548 39142
31874 39132
8889 39130
17076 39120
213680 39118
173596 39111
2706 39095
74324 39092
5415 39090
14228 39089
51556 39076
199539 39065
220519 39049
3113 39048
7318 39030
20677 39003
4954 38990
4405 38973
6079 38973
8276 38940
1983 38930
3136 38913
155797 38890
238022 38860
2377 38822
214700 38729
4165 38726
15448 38724
50462 38693
53572 38676
64230 38675
1171 38664
5090 38637
12977 38619
22317 38616
1562 38591
213746 38568
1426 38551
21181 38546
25344 38538
3603 38529
200134 38502
1214 38481
8337 38480
2600 38456
5212 38456
8619 38446
4073 38433
37912 38409
3052 38405
245489 38394
908 38381
241511 38362
5391 38358
48125 38342
172207 38332
241676 38331
18197 38313
9186 38302
20467 38295
19213 38263
972 38253
1985 38239
3071 38229
5732 38216
240754 38214
20804 38201
161454 38168
3241 38159
2119 38133
5886 38121
43568 38116
33030 38112
6601 38074
209593 38040
7071 37999
222149 37991
916 37981
38957 37980
10419 37976
18987 37975
8524 37974
3758 37956
3450 37953
6016 37876
165630 37846
9167 37838
1895 37830
220026 37830
6144 37828
9209 37825
9861 37824
5441 37816
2201 37810
708 37809
3799 37809
3299 37799
3772 37761
8872 37752
5734 37738
1140 37738
19530 37723
4998 37720
920 37712
4964 37695
7124 37672
20310 37666
1820 37658
5437 37644
211028 37638
3542 37596
210979 37590
237058 37584
46451 37579
27247 37575
78671 37560
206938 37553
2854 37551
2043 37545
9237 37543
15849 37506
6043 37503
2993 37503
8358 37499
65534 37483
156528 37455
10206 37425
24127 37419
219337 37408
46886 37405
200363 37394
3307 37366
235870 37350
17199 37323
4487 37323
216681 37317
157702 37311
8581 37310
12633 37309
187109 37256
3322 37225
218493 37218
29854 37207
29057 37191
7463 37190
67841 37177
237596 37175
8754 37169
5439 37153
627 37150
1536 37144
6868 37143
7875 37139
218458 37133
2212 37132
28758 37095
3457 37086
918 37079
27572 37065
234656 37054
240439 37051
3471 37046
31850 37044
3394 37035
88093 37033
6961 37027
209846 37026
6376 37026
202882 37020
25903 37006
193817 37006
6112 37004
7470 37003
43984 37000
7346 36970
11525 36952
2236 36942
9427 36932
9169 36930
36523 36921
233374 36914
205277 36913
5273 36900
16097 36869
6259 36866
1264 36863
209287 36861
1942 36861
196072 36843
36405 36836
45369 36818
193887 36816
7265 36758
1095 36755
29202 36745
19827 36721
5576 36718
165800 36716
15754 36713
196972 36703
6365 36701
235846 36688
213298 36683
169882 36667
1290 36657
5689 36656
214235 36656
4588 36649
216383 36649
4501 36645
650 36645
4565 36625
19322 36621
12346 36617
30146 36600
15040 36586
185960 36544
31603 36524
14428 36521
15987 36520
5435 36508
12867 36505
6397 36463
24486 36460
6103 36458
8866 36448
38079 36447
13423 36426
74340 36418
37728 36411
20971 36409
164203 36392
36721 36391
225596 36386
25974 36382
77991 36382
16976 36365
5467 36322
164770 36308
6526 36301
1283 36295
240646 36294
201344 36292
30519 36288
5501 36281
1904 36277
35178 36266
59383 36244
4536 36237
33392 36227
24964 36222
37903 36222
3559 36219
10804 36218
215970 36209
24354 36205
19119 36197
4508 36194
48560 36189
11615 36188
16850 36185
154528 36180
50611 36160
6171 36106
12429 36101
7428 36097
32497 36052
20455 36042
194395 36031
8285 36026
5488 36021
239189 36012
17854 35996
8919 35993
5963 35992
14560 35991
162918 35983
234301 35976
61652 35966
15865 35958
23738 35944
1319 35944
9496 35931
7658 35925
242988 35922
1341 35920
2977 35897
222216 35883
37983 35870
1064 35868
526 35860
1563 35847
5941 35827
2895 35818
6983 35802
3611 35786
3606 35783
29262 35775
42527 35772
197619 35768
46193 35767
3146 35761
166819 35757
7472 35737
17038 35699
12115 35699
224484 35697
8876 35693
6696 35645
232547 35643
49722 35638
4170 35625
9140 35613
7929 35604
11184 35584
32577 35578
34521 35577
28892 35565
8246 35559
185564 35550
1507 35549
215135 35547
25479 35539
692 35517
13927 35513
45138 35509
14952 35507
34313 35506
18948 35499
211126 35495
35727 35495
16682 35466
32804 35454
5072 35441
2393 35430
34317 35409
786 35408
245361 35398
21707 35398
12795 35397
18078 35394
6165 35382
9257 35382
244225 35374
8119 35369
52180 35366
204396 35362
2446 35357
227303 35357
7854 35354
7633 35353
7751 35346
11143 35344
87941 35338
232506 35317
1873 35287
74268 35273
63044 35269
218867 35269
4030 35269
16493 35251
744 35243
10975 35240
3451 35233
91442 35229
224765 35227
1585 35196
30452 35188
4284 35186
4093 35181
47355 35180
220064 35178
6891 35167
4181 35133
33633 35132
2677 35124
6533 35120
807 35111
856 35109
2887 35105
5335 35105
243393 35092
3357 35086
46778 35077
6618 35066
42339 35046
64117 35038
15064 35038
217031 35016
2504 35004
10565 35003
246660 34996
17585 34986
70625 34974
12619 34974
3479 34974
3023 34968
20152 34961
92582 34939
6237 34937
14159 34935
26644 34933
199018 34925
31343 34918
73093 34914
24845 34883
3851 34876
6917 34857
196121 34849
91918 34843
11871 34835
45811 34813
94053 34807
48754 34804
230160 34803
4393 34800
7047 34795
18425 34790
181673 34777
5305 34775
175298 34750
17602 34738
5638 34729
1835 34690
1946 34686
3578 34673
54693 34672
6009 34671
4635 34668
26439 34635
234768 34616
85475 34591
5068 34587
30458 34553
7998 34553
59373 34541
6520 34534
1210 34503
6613 34491
28584 34490
84170 34488
55558 34485
3818 34481
23813 34459
29109 34459
13437 34458
11287 34451
40767 34447
60856 34447
19027 34419
61372 34419
3379 34410
5713 34399
78654 34388
12366 34383
10562 34380
17436 34378
24599 34378
1675 34375
70928 34359
168491 34340
23636 34339
223043 34331
2880 34323
40479 34317
224803 34311
199136 34299
4038 34288
156930 34283
183420 34274
34451 34268
4873 34245
51577 34242
183565 34240
91410 34233
24024 34232
8873 34228
10159 34225
210431 34220
8693 34218
7014 34213
5313 34213
44646 34201
13125 34200
6265 34190
231460 34175
198724 34166
3246 34161
80081 34144
11754 34143
9791 34142
9712 34128
189666 34117
193477 34101
176026 34095
8753 34086
40297 34057
162370 34054
214559 34047
4202 34033
4661 34019
17788 34005
229497 33996
2299 33979
1632 33977
2105 33974
15491 33970
2989 33964
10272 33962
189660 33952
900 33945
44231 33924
243478 33921
198542 33901
2176 33899
11400 33897
15970 33880
8107 33871
164684 33867
5055 33866
8242 33861
897 33852
33137 33850
67475 33823
4473 33822
212429 33811
3989 33807
72898 33807
5495 33803
6025 33802
29926 33801
3057 33797
195461 33795
5297 33772
6762 33762
4350 33761
6715 33736
38956 33729
6406 33710
12646 33666
11177 33663
1593 33644
230162 33624
29528 33604
2510 33596
13558 33555
6973 33543
48717 33524
7062 33524
20710 33524
17011 33521
1253 33516
2604 33495
16612 33489
6469 33488
11950 33473
213849 33472
5832 33468
738 33455
10368 33447
10398 33447
164707 33443
45957 33412
43098 33411
676 33408
246722 33392
9272 33385
40527 33385
78827 33366
7141 33364
4000 33355
10072 33335
536 33308
240548 33292
21250 33267
33536 33246
18761 33227
36299 33225
82573 33218
219416 33205
6085 33181
44096 33180
204306 33155
8981 33150
75786 33129
45057 33122
37509 33116
7289 33109
6669 33106
189194 33064
6141 33059
9039 33054
7840 33052
5586 33045
2581 33041
1249 33031
11883 33010
7888 32997
88896 32978
1122 32975
5259 32953
20364 32952
7072 32931
22049 32925
60443 32911
229487 32907
24480 32903
187100 32871
206969 32870
226546 32848
185288 32826
4831 32811
16852 32805
2330 32805
2463 32802
3529 32797
226300 32783
185301 32782
4808 32752
221423 32738
231139 32731
7551 32726
62071 32706
18648 32684
164247 32684
14838 32678
65047 32671
57603 32668
75740 32662
3109 32614
823 32610
232381 32597
39791 32594
85522 32592
8722 32587
1713 32559
5337 32556
5028 32541
56837 32534
174395 32518
3061 32507
3515 32501
7549 32494
11488 32487
58581 32483
1538 32481
35207 32464
240253 32460
17747 32442
4220 32438
205303 32420
2579 32390
7628 32386
5975 32383
26358 32379
1953 32369
10872 32360
6807 32342
15156 32339
27625 32321
205454 32320
2776 32318
186972 32317
234577 32312
1627 32305
60372 32298
9412 32290
213930 32287
15244 32271
204318 32268
15331 32266
1021 32250
12680 32248
23064 32247
14241 32245
75771 32225
3367 32223
5891 32215
14246 32209
8102 32205
5372 32198
221080 32192
16784 32190
182333 32171
2135 32168
717 32158
8597 32146
21076 32145
7162 32140
7547 32131
40830 32127
13992 32126
245248 32111
8280 32084
2674 32084
4752 32075
183784 32063
215900 32060
184860 32043
166465 32041
35821 32040
1393 32030
25333 32028
20110 32019
10630 32007
20730 31982
7820 31977
11910 31973
94441 31966
518 31948
65031 31940
75122 31927
9988 31923
6355 31906
18521 31904
1650 31904
12021 31897
3410 31874
178903 31853
3337 31844
5645 31843
48659 31842
5324 31823
2028 31811
28314 31786
4433 31782
33289 31776
63576 31772
27467 31763
5484 31758
15941 31757
3401 31753
217277 31748
2752 31734
4653 31727
2770 31722
6584 31720
3564 31720
31838 31717
185767 31716
3620 31686
1846 31680
4797 31667
1764 31664
3163 31633
14870 31623
235491 31622
8059 31613
41228 31608
6212 31600
33570 31589
24531 31584
1126 31576
6992 31575
2483 31561
6466 31550
5493 31546
2838 31542
6187 31530
3240 31522
47858 31499
18184 31491
54848 31483
23483 31482
41790 31480
3430 31469
2267 31464
5252 31463
45209 31456
164650 31453
13263 31431
4099 31423
7461 31423
71478 31413
1094 31395
9764 31395
3135 31386
7643 31371
8618 31364
7742 31344
6122 31344
1795 31327
240342 31323
18029 31316
7955 31310
4078 31306
8882 31304
74557 31299
17501 31293
10243 31290
1723 31271
16026 31259
1830 31258
8852 31252
1617 31250
6292 31238
12880 31235
207927 31230
182291 31228
193214 31220
4184 31213
15530 31205
33060 31205
5429 31204
244856 31202
6716 31198
5300 31195
15695 31194
12974 31192
12949 31139
16421 31139
29997 31139
199988 31134
12749 31125
240513 31119
9826 31117
208433 31107
5570 31106
2306 31088
779 31069
7800 31068
4268 31053
11109 31044
25816 31037
4314 31036
796 31016
1980 30998
8790 30997
5696 30991
11469 30966
18677 30950
9734 30932
4124 30928
29002 30919
11927 30909
200807 30880
10529 30878
16940 30877
2673 30876
2195 30873
14078 30863
25257 30861
10625 30845
188008 30844
232435 30843
7976 30841
3733 30831
54897 30822
46620 30808
9041 30803
39623 30781
68794 30773
9979 30770
2730 30761
4171 30759
8931 30749
3053 30745
14084 30740
11096 30729
9936 30728
162027 30728
9600 30718
5600 30717
3049 30709
4794 30709
622 30693
23957 30689
239663 30688
54026 30687
5024 30676
992 30644
95208 30644
6350 30625
3130 30616
218425 30611
22871 30604
2568 30594
3756 30590
12609 30589
182877 30588
3628 30564
243596 30557
209135 30553
225370 30543
18106 30538
4706 30534
11228 30529
218508 30511
7415 30506
15339 30503
1489 30492
165045 30487
1676 30476
8222 30463
4204 30438
5367 30416
4802 30409
4994 30403
13459 30391
13670 30388
3835 30381
206573 30379
27946 30379
242771 30379
213845 30374
226959 30373
5922 30358
13120 30349
3147 30344
154644 30343
2437 30342
183352 30342
14406 30337
9331 30333
9141 30330
48470 30328
162803 30322
18413 30321
3464 30291
8268 30273
520 30262
12269 30253
1856 30250
6180 30245
7931 30242
241860 30239
217916 30238
226040 30231
36638 30227
3588 30221
234269 30202
8306 30181
11692 30179
3739 30165
5741 30165
11456 30163
542 30163
167098 30153
14358 30145
5606 30141
17776 30141
9144 30132
8765 30119
13201 30110
49847 30091
1350 30089
3445 30079
4564 30078
11012 30077
11369 30075
20734 30070
8153 30068
4612 30064
21699 30063
26993 30060
5443 30030
3359 30030
14333 30022
4557 30019
5839 30006
22906 30000
3554 30000
1702 29989
18844 29983
2213 29981
1715 29976
11889 29973
32252 29959
15322 29951
49264 29939
9911 29925
40370 29917
34343 29916
2632 29907
5073 29892
1449 29891
239773 29887
17366 29876
177888 29874
9738 29863
11258 29856
13143 29852
204735 29851
3434 29844
12339 29841
49611 29829
12573 29812
15214 29800
34968 29793
758 29785
6481 29785
7392 29776
69328 29770
1035 29767
82252 29764
74160 29758
4710 29754
1093 29749
13410 29741
187955 29731
3404 29731
235468 29730
14122 29723
53363 29718
880 29710
151972 29704
15352 29699
4123 29688
223267 29686
17281 29681
7244 29657
201298 29650
5799 29648
7193 29645
37753 29636
18583 29629
4451 29627
9299 29621
16962 29619
15016 29618
6283 29614
19252 29573
6158 29537
191566 29536
25883 29522
5312 29519
51624 29511
8129 29507
6204 29495
2971 29493
12263 29459
8239 29455
10482 29436
3802 29429
39600 29422
194296 29419
70462 29417
13002 29402
171588 29396
78844 29392
77536 29389
28115 29385
3342 29375
4617 29349
189593 29327
159262 29324
611 29322
7009 29315
14609 29311
48441 29309
2034 29283
9749 29278
20018 29276
5208 29258
13254 29230
203876 29220
17278 29186
215347 29169
6734 29163
56834 29147
1417 29146
2630 29140
3129 29130
44193 29123
6202 29103
195494 29095
3813 29083
11946 29078
1655 29067
16138 29058
63008 29054
3742 29051
7612 29051
25721 29048
8599 29046
2438 29044
14134 29043
2659 29041
3725 29033
28107 29022
64498 29017
8156 28998
238936 28994
13081 28991
7697 28975
210832 28972
236295 28970
22219 28947
5568 28936
18212 28924
74666 28924
6999 28918
15201 28911
8755 28896
5698 28892
3741 28872
14556 28867
23913 28859
839 28859
1395 28840
5658 28824
4483 28822
12563 28822
5804 28821
7833 28821
13177 28820
12307 28812
2445 28802
11504 28791
7239 28778
3745 28772
4430 28758
25147 28739
10259 28738
12376 28736
7871 28735
2143 28732
240500 28729
194780 28720
14061 28716
4551 28710
8169 28710
12594 28700
5930 28700
5774 28698
8201 28686
4942 28680
13746 28680
156254 28671
14835 28670
15690 28669
223421 28666
37085 28664
595 28657
244642 28651
12305 28648
6183 28646
17568 28641
4102 28634
1734 28630
6953 28608
176030 28601
5869 28600
3418 28600
8177 28590
3944 28587
56321 28587
9218 28585
13373 28584
3728 28582
1626 28581
13211 28562
6513 28555
16067 28543
243698 28539
7455 28536
13224 28514
7246 28497
787 28492
3668 28491
3429 28478
211614 28477
241024 28473
76619 28468
5211 28468
5632 28467
20664 28465
3983 28460
861 28450
25108 28447
13042 28417
4806 28413
5440 28403
244055 28400
12570 28382
32458 28368
5045 28362
3984 28360
18326 28350
7500 28343
153796 28338
10194 28335
19825 28326
197855 28324
30672 28320
3905 28317
22666 28314
13842 28313
23280 28288
947 28281
193911 28276
16628 28270
191705 28266
194702 28252
1923 28252
42907 28251
7785 28243
205301 28240
3098 28232
49378 28230
3565 28224
156088 28220
1882 28209
22413 28193
6408 28188
24959 28187
164263 28183
3167 28165
9897 28143
5605 28136
199020 28117
5346 28115
20226 28111
17812 28105
4609 28101
156486 28101
38731 28100
20363 28092
182357 28062
28417 28059
4690 28054
9019 28053
8991 28050
11486 28044
214418 28024
230368 28022
2439 28021
8363 28015
215791 28007
6741 28003
64180 28002
7484 28001
7662 27988
1818 27987
5361 27982
27684 27978
162047 27972
13969 27969
11232 27958
1138 27957
16113 27952
6924 27944
1289 27932
2784 27932
15060 27928
20003 27922
6830 27906
6146 27905
13766 27903
76135 27899
4206 27895
10400 27887
1313 27883
81496 27874
5589 27868
7317 27854
171765 27826
4114 27820
3639 27816
211228 27808
3526 27803
245300 27786
1390 27769
18842 27764
13184 27758
5387 27756
11264 27747
14289 27745
10617 27743
14496 27725
5788 27718
78407 27717
3488 27715
3047 27714
200703 27714
9337 27707
150728 27706
8608 27698
48184 27697
75531 27696
27477 27692
10838 27682
17384 27654
6380 27648
43322 27648
7167 27641
88501 27635
187152 27631
194870 27630
8746 27628
3911 27626
54084 27625
9077 27617
7915 27612
4254 27599
6483 27585
87631 27583
1673 27583
217844 27571
40283 27567
3137 27553
220804 27550
70426 27531
9923 27527
68490 27512
33586 27510
191091 27509
211654 27479
20630 27470
172239 27470
18997 27466
33433 27459
6324 27453
9771 27445
4777 27445
32835 27442
70444 27442
13308 27438
232962 27432
225506 27422
33526 27418
621 27414
14908 27413
33986 27407
208037 27405
6443 27405
3214 27401
1798 27372
1796 27361
6575 27361
17118 27354
35169 27350
19432 27346
22205 27332
12549 27325
7077 27322
48127 27318
6018 27311
6351 27287
3009 27271
17061 27262
1432 27256
58070 27254
1369 27253
1354 27224
7166 27224
59173 27220
234861 27219
19515 27208
3232 27177
1783 27165
7555 27165
65656 27163
13202 27155
8914 27149
34747 27148
215880 27138
797 27134
23665 27122
5216 27118
34422 27108
202406 27107
2256 27097
14217 27095
5186 27087
19789 27087
4062 27087
79609 27082
13573 27078
2836 27062
17068 27060
11308 27056
200751 27049
22927 27047
22003 27037
37847 27028
1268 27024
7075 27017
4471 27009
21154 26998
6728 26997
10083 26973
6127 26970
3502 26967
2653 26957
6435 26946
20258 26940
3447 26937
30977 26935
12003 26929
62701 26926
543 26924
13188 26917
244197 26903
5861 26893
15313 26884
8211 26879
27925 26873
52852 26870
2290 26869
209942 26863
234270 26857
911 26855
13847 26853
13108 26849
81726 26840
39846 26838
6735 26834
230418 26833
4945 26832
204257 26823
6764 26817
5054 26814
7368 26802
2691 26793
35141 26792
1553 26792
3096 26785
47133 26783
11537 26782
90379 26769
233915 26762
10087 26754
9845 26751
17911 26740
55616 26738
94139 26726
22437 26724
6942 26696
17083 26690
25871 26683
4009 26677
4092 26677
18867 26663
12500 26655
92485 26635
9386 26632
26484 26631
219453 26615
39210 26606
6276 26601
2501 26599
211386 26597
28528 26594
25280 26593
1203 26585
36856 26583
40829 26582
71883 26579
212758 26577
47204 26576
62417 26572
11665 26567
8501 26566
1947 26564
13324 26553
30870 26547
9565 26541
5546 26540
10016 26535
9154 26534
57925 26531
34024 26530
6363 26530
4868 26515
23927 26514
5915 26513
84169 26502
10938 26498
752 26497
19389 26492
10254 26491
3788 26488
3315 26487
6027 26480
206671 26478
210916 26458
5475 26447
21369 26442
40139 26439
3986 26438
35312 26422
8091 26415
31708 26410
9002 26398
5369 26398
21617 26388
3490 26385
22057 26384
4599 26378
2058 26373
16107 26372
3892 26372
8078 26367
215224 26360
1792 26359
163769 26356
32062 26353
12982 26350
14257 26337
28065 26336
9542 26327
5749 26319
19686 26314
42418 26309
80539 26286
226527 26283
194353 26281
72624 26276
14526 26265
14571 26265
1045 26264
25689 26261
15990 26258
4749 26257
13611 26248
36940 26245
27227 26239
31025 26231
9011 26230
22845 26225
6337 26224
42204 26224
5288 26222
20684 26220
13106 26218
59521 26211
32983 26209
20567 26205
70278 26205
6255 26196
18160 26195
206256 26191
196325 26181
57357 26177
15674 26176
21899 26174
26384 26174
23571 26172
6302 26172
21532 26165
10220 26164
178762 26161
757 26158
1297 26157
49835 26151
206360 26136
207177 26127
9605 26125
12001 26122
13154 26121
28709 26120
15984 26114
74055 26113
3921 26109
25498 26102
29199 26099
6928 26096
2605 26095
4369 26094
16759 26093
946 26083
29211 26078
34489 26066
39202 26058
1759 26048
57265 26039
208858 26037
6871 26032
47848 26027
34291 26025
1425 26007
9599 26007
9016 26003
12827 26002
9328 25992
51541 25991
11461 25989
4992 25986
16186 25984
27370 25981
163967 25980
18519 25980
19421 25963
5343 25962
24947 25961
47530 25961
29542 25952
57650 25950
65562 25929
26227 25923
177647 25921
18838 25916
1114 25916
70687 25913
8250 25912
30376 25911
237763 25910
64307 25903
30515 25900
1058 25897
220914 25893
10504 25890
6492 25884
41713 25883
1733 25880
8640 25878
49876 25857
6591 25850
39886 25850
29865 25849
164830 25842
25659 25830
16055 25829
35265 25829
6863 25823
41862 25818
17249 25808
16547 25806
13513 25797
15965 25796
1355 25795
7408 25790
224650 25790
38708 25779
41415 25779
56173 25779
17257 25776
40572 25776
16563 25773
3991 25769
11239 25769
39909 25769
63964 25769
73355 25769
84441 25769
88629 25769
93259 25769
240151 25769
3990 25766
178355 25764
164425 25764
189234 25762
185105 25738
18169 25729
207539 25716
1343 25712
669 25695
773 25689
30749 25688
7713 25681
2781 25673
3274 25668
5269 25650
16401 25647
15961 25646
4080 25642
210720 25638
608 25638
4362 25634
214554 25629
17513 25622
191381 25615
10379 25593
172049 25588
242790 25588
26042 25584
25971 25583
4263 25575
14634 25570
228921 25564
11697 25559
8444 25547
802 25544
6791 25531
525 25530
4955 25521
6031 25520
12830 25494
1043 25485
5084 25478
13753 25467
1307 25458
6051 25444
3765 25440
9538 25437
61620 25425
13161 25423
8308 25381
9392 25378
230082 25372
214175 25371
3690 25370
2660 25358
205041 25356
5637 25354
8134 25338
1583 25333
6857 25325
244170 25320
1085 25307
4158 25302
202276 25301
9501 25297
182063 25294
22076 25293
4694 25291
3309 25288
13730 25282
22924 25274
191172 25273
29169 25260
8489 25253
162910 25234
196807 25218
26957 25215
24475 25204
6683 25188
17587 25184
41203 25181
12755 25170
32121 25169
32530 25165
25083 25159
63585 25157
2748 25156
10455 25153
11153 25152
18209 25139
26804 25135
6086 25131
6688 25124
4927 25123
230522 25103
76925 25095
1124 25094
11870 25086
20495 25085
512 25080
35718 25074
1916 25066
2171 25063
52379 25054
31832 25049
634 25030
13382 25025
4786 25023
14852 25017
5176 25008
14783 24999
2286 24995
6182 24983
16799 24979
6649 24978
2665 24971
39044 24960
14156 24955
4980 24942
165413 24937
4011 24936
12292 24932
4729 24929
17933 24910
27738 24908
7087 24901
89237 24897
1586 24892
2861 24872
218928 24870
11568 24865
2282 24863
12638 24858
3058 24831
192456 24831
166767 24826
24115 24804
2298 24802
7380 24797
4384 24788
7642 24778
20640 24776
64080 24773
222688 24765
185898 24762
994 24762
80839 24758
2759 24750
13096 24749
4935 24743
47033 24742
1722 24735
4108 24735
5089 24731
3599 24718
27028 24716
4324 24714
242552 24689
17653 24686
7190 24685
6650 24661
4331 24653
14016 24650
6832 24650
47929 24638
11354 24637
19320 24632
73799 24625
231102 24623
3719 24622
51393 24610
935 24608
34547 24608
12635 24607
240267 24604
5001 24603
245460 24600
181945 24594
7782 24593
58801 24576
3108 24570
7465 24548
37296 24547
3798 24542
3063 24536
35655 24532
6847 24522
166642 24521
43610 24508
13879 24499
182563 24495
10512 24493
28552 24493
203572 24480
25306 24477
27056 24474
1663 24472
4391 24471
27078 24462
14071 24462
5524 24460
201906 24460
2793 24457
31092 24456
3256 24454
9403 24452
39113 24439
1327 24438
40480 24434
5260 24417
5141 24416
5223 24406
43022 24404
3283 24402
34063 24390
2452 24376
36903 24375
45299 24374
3291 24373
10525 24366
5235 24360
76740 24359
2841 24343
5781 24341
13512 24341
12287 24339
5611 24328
4050 24322
205964 24316
6756 24309
10313 24306
5167 24290
221510 24284
186167 24281
1077 24281
8727 24276
181038 24275
50965 24273
16508 24263
35924 24259
23743 24258
1718 24253
8717 24243
10550 24242
4798 24240
4300 24230
39705 24222
10836 24212
9871 24210
29263 24209
8137 24200
13717 24191
224035 24190
15740 24188
5135 24188
1811 24185
15624 24179
12417 24175
48684 24166
218986 24165
26193 24163
61614 24157
3277 24150
20852 24148
4880 24146
3575 24143
16870 24143
23669 24131
90081 24126
8185 24124
21599 24119
41606 24119
53846 24116
85508 24114
77107 24109
153054 24107
21030 24103
1081 24103
3495 24101
83343 24095
47544 24094
5626 24091
41820 24079
25407 24079
2629 24078
6922 24077
220677 24070
765 24055
6988 24050
7533 24039
6835 24033
28689 24008
1335 23988
215719 23976
24175 23950
20648 23943
9514 23942
4714 23934
53238 23933
2297 23932
225479 23930
14731 23928
8328 23923
933 23923
202959 23909
26597 23906
5561 23904
225372 23902
231492 23888
85216 23885
71685 23884
55665 23875
683 23874
42862 23874
8209 23873
60723 23873
12015 23862
3149 23861
24917 23856
15796 23845
76367 23843
18971 23842
4084 23841
36941 23833
217472 23833
6849 23829
153255 23827
161003 23826
10497 23822
3982 23819
12232 23816
86412 23813
12190 23810
3343 23805
14003 23802
36881 23801
21623 23799
36325 23794
58498 23793
17642 23784
1246 23774
5170 23774
187998 23774
2586 23773
2305 23773
5315 23769
13204 23752
3886 23739
165801 23734
2921 23730
13827 23730
9672 23723
234029 23716
9770 23713
79831 23713
18821 23713
30729 23704
6701 23701
8322 23701
13094 23701
10263 23691
11620 23691
29656 23683
30793 23678
86520 23678
64178 23668
15428 23665
5019 23663
3421 23659
30542 23655
30513 23650
14076 23643
40546 23633
40720 23631
199530 23631
20923 23629
6511 23627
12552 23611
26215 23607
69498 23607
6886 23601
58106 23596
29664 23593
8340 23593
85445 23592
11960 23592
7913 23584
724 23581
197981 23577
92585 23573
10968 23564
7247 23561
215383 23561
10776 23558
5748 23540
57944 23534
85460 23534
1679 23530
7139 23525
1900 23507
9282 23507
240408 23503
52485 23498
8742 23493
32924 23487
95605 23486
169384 23476
8566 23476
2783 23474
69961 23474
15797 23468
3664 23468
10463 23467
13003 23460
243841 23459
244317 23452
20974 23436
29922 23436
7320 23434
10650 23434
154627 23426
9416 23422
7044 23385
28497 23383
6699 23372
2507 23351
14792 23349
2812 23345
1235 23328
11252 23327
5551 23319
6707 23316
210964 23311
37457 23308
11998 23307
9564 23306
58740 23295
3508 23295
202191 23294
73544 23292
218936 23290
222082 23286
4425 23285
182642 23282
5339 23279
211744 23277
8193 23277
160104 23276
8644 23273
16888 23270
12848 23257
5284 23245
53203 23235
8207 23224
22238 23217
221070 23216
215328 23204
24038 23194
6570 23177
10993 23166
199072 23165
33682 23163
50366 23161
12673 23126
37775 23123
4156 23101
15771 23095
227474 23084
2435 23084
63201 23075
205264 23070
655 23067
40923 23066
10503 23054
13205 23043
11026 23040
6374 23035
2777 23028
214893 23022
216540 23015
203325 23015
11745 23001
1121 23001
3222 23001
6121 22999
3459 22999
7435 22995
7529 22988
1370 22987
13171 22980
3915 22962
15203 22952
178129 22951
207118 22947
3181 22942
32439 22941
73186 22936
6902 22931
62907 22928
2333 22923
15388 22895
42356 22889
174852 22886
171683 22878
166130 22876
7055 22870
9467 22861
5956 22857
44116 22839
5075 22837
55949 22832
10743 22823
36551 22821
24725 22820
12957 22818
8150 22788
5562 22778
10390 22757
15561 22747
25181 22747
6600 22746
223931 22744
9608 22742
3080 22726
237841 22724
14712 22724
6765 22721
9834 22717
219360 22717
3320 22713
205372 22709
6191 22705
7796 22696
11751 22686
12777 22685
7881 22684
5189 22672
15440 22671
236833 22671
7101 22651
7020 22647
33153 22629
2598 22616
18817 22615
1618 22613
233698 22602
2597 22596
7330 22588
21624 22585
1375 22581
215070 22576
236293 22572
218317 22562
31466 22558
22825 22551
10278 22548
2530 22545
43769 22543
7106 22541
234589 22540
14294 22539
201074 22535
15234 22532
243303 22530
38425 22520
189229 22519
5548 22511
48808 22510
9561 22506
27619 22502
686 22502
7233 22491
7230 22491
64124 22489
67100 22488
220311 22485
5457 22474
1660 22472
1250 22461
163095 22454
26094 22453
6386 22444
244342 22430
2126 22429
18802 22426
234824 22407
19335 22392
237360 22367
4691 22367
3960 22361
53931 22360
4332 22349
6989 22349
11222 22327
4573 22327
214537 22316
7995 22303
240133 22291
714 22290
1065 22278
12313 22274
10235 22264
11607 22251
4532 22248
7125 22239
11815 22227
7397 22220
5981 22220
1566 22214
7853 22213
33968 22212
153182 22206
17512 22193
4680 22170
8683 22167
5908 22163
8252 22154
167293 22152
6557 22137
1025 22136
12317 22125
9176 22119
4836 22110
235710 22087
7226 22081
3087 22070
10031 22057
3977 22057
1709 22055
233099 22048
5238 22047
12544 22045
200112 22041
7172 22035
8019 22034
3184 22033
10300 22025
8665 22021
613 22012
163098 22002
12537 22000
1460 21991
22090 21987
17312 21987
12069 21977
11782 21961
6784 21960
4449 21959
3060 21959
15407 21956
237764 21946
905 21943
3920 21916
26067 21916
12436 21911
8190 21910
162177 21896
43284 21882
10784 21879
65663 21866
14531 21865
29017 21865
16324 21853
2429 21848
2374 21846
5978 21839
674 21838
26431 21828
231236 21821
56771 21815
16012 21814
16096 21814
10152 21813
9212 21810
57542 21804
163287 21775
2534 21774
3833 21771
69406 21757
237325 21744
5823 21737
164465 21731
58739 21729
8318 21725
17267 21716
19978 21708
9082 21707
33088 21706
5289 21692
7766 21687
28669 21681
178253 21681
46737 21679
215888 21665
2349 21662
215176 21648
216434 21646
27929 21638
225347 21633
10868 21632
1732 21629
11245 21624
18612 21623
23846 21621
6653 21610
189477 21610
17167 21601
4409 21601
25868 21601
4056 21598
5701 21598
4744 21593
18904 21572
201433 21567
813 21559
85210 21558
163636 21557
190837 21555
217655 21549
572 21536
183101 21530
221813 21528
20685 21525
5634 21523
229927 21503
3568 21495
14999 21493
5743 21492
241014 21490
62808 21488
204787 21487
39242 21484
199417 21482
10450 21479
2536 21476
10023 21474
229625 21470
8260 21453
41975 21453
3839 21442
4131 21442
55299 21439
157715 21430
9171 21416
223257 21411
220513 21407
25265 21403
9387 21398
11493 21393
33805 21383
3626 21383
13569 21382
45409 21377
88403 21375
28661 21369
6560 21363
18173 21358
7480 21350
12529 21335
25183 21294
163664 21283
8615 21281
164601 21263
17151 21260
157927 21248
74045 21245
244714 21243
22527 21241
23638 21240
5070 21226
176241 21224
5265 21216
4855 21201
200492 21200
1981 21199
3204 21195
46068 21193
11192 21183
9788 21175
35390 21173
13043 21168
26542 21164
8934 21155
15589 21154
55172 21154
8381 21149
10629 21141
8187 21138
11863 21129
3956 21124
645 21111
10153 21107
4337 21103
8904 21103
213837 21087
6535 21079
16743 21060
2491 21059
12781 21052
4881 21051
5262 21037
22567 21017
10877 21017
741 21011
15977 21008
25208 21003
10869 21001
6895 20991
11361 20987
83150 20977
22458 20967
4464 20964
6038 20962
1200 20957
212193 20940
50820 20938
11099 20933
6378 20932
8557 20925
8905 20922
4502 20911
220700 20911
223454 20908
11857 20896
5920 20893
165541 20887
1098 20884
28428 20880
7165 20880
34037 20878
9155 20873
54962 20871
36599 20866
243687 20862
7049 20850
10765 20841
8438 20839
38474 20836
3462 20820
5733 20820
27867 20813
11639 20787
39836 20785
7395 20785
11549 20784
26565 20781
10910 20778
168660 20767
228069 20764
16346 20761
5529 20756
10535 20751
859 20734
875 20734
93878 20732
31196 20731
5121 20729
2832 20729
20106 20724
9373 20719
29152 20718
177284 20718
49904 20714
4642 20712
15569 20709
11716 20702
5157 20702
12896 20695
573 20684
8071 20680
5409 20680
231555 20678
161737 20673
1015 20669
9575 20668
11532 20665
161500 20661
3501 20652
3820 20649
191180 20647
11290 20640
9931 20638
6676 20636
22382 20634
5061 20633
7039 20625
6369 20623
67628 20606
5418 20599
1657 20595
6747 20591
13591 20590
244841 20586
1363 20577
5144 20576
1086 20573
46704 20571
215595 20570
6007 20564
12874 20562
157166 20554
85492 20553
13518 20552
12321 20551
24580 20548
60204 20544
10286 20544
41006 20539
4526 20538
3370 20537
87930 20537
3272 20536
7462 20529
2345 20519
1410 20516
24979 20515
890 20508
238628 20499
76112 20491
244177 20490
53844 20477
1448 20467
23495 20464
40203 20461
1888 20457
12297 20447
519 20443
1943 20434
24665 20416
5192 20415
12483 20403
16384 20394
956 20386
619 20385
244733 20384
156530 20377
85027 20375
174712 20371
59924 20352
18679 20350
13538 20345
22005 20342
17333 20332
13854 20321
20973 20320
8389 20319
18920 20314
17524 20303
27533 20303
237589 20302
16300 20302
15526 20294
8430 20293
162694 20293
5601 20293
30620 20291
7521 20287
17153 20284
6179 20283
15047 20280
5111 20278
48647 20277
13787 20277
15395 20273
7815 20273
10175 20270
5621 20264
2729 20263
230428 20262
7131 20258
23312 20254
12309 20253
5871 20250
17422 20248
228391 20231
3446 20225
4973 20220
38087 20218
10795 20211
11396 20211
5518 20210
17075 20209
971 20209
29577 20206
83589 20206
1529 20205
23773 20205
2307 20196
86579 20192
238528 20189
15337 20181
156801 20179
210231 20177
224805 20177
42180 20176
1755 20171
157443 20164
9870 20163
2089 20160
2631 20160
11183 20152
26068 20151
7980 20151
26254 20150
3633 20144
165239 20131
161359 20130
2149 20129
1996 20128
228481 20125
207603 20115
20386 20108
168431 20106
11848 20100
29730 20100
3534 20099
5183 20094
205225 20094
9774 20086
1696 20082
58864 20077
3957 20064
22887 20061
6946 20058
8225 20054
74686 20048
14593 20045
4674 20038
3809 20036
7497 20035
202866 20029
7188 20029
21402 20024
62805 20017
9471 20009
1178 20008
1960 20006
8132 20004
8070 20001
22627 19993
13646 19989
8801 19975
5508 19972
2679 19955
5708 19947
2973 19933
51319 19928
60333 19923
31088 19922
8032 19915
203529 19912
10132 19908
3674 19907
4143 19902
18237 19901
10895 19899
10163 19898
153915 19896
13258 19888
14891 19884
211929 19881
36962 19878
24146 19874
28434 19872
57848 19862
28280 19862
160845 19859
46804 19845
79214 19842
8862 19842
2828 19837
9409 19829
19070 19826
19175 19806
29121 19804
633 19787
22024 19786
30394 19785
47308 19785
8018 19785
17872 19780
24464 19779
225703 19778
10744 19778
3511 19777
166028 19776
8963 19775
8343 19773
177868 19772
14067 19772
81723 19770
12840 19767
10641 19763
4243 19761
36953 19761
39752 19756
5530 19751
67002 19747
211636 19745
1269 19744
4677 19732
226186 19719
3456 19716
5381 19709
3432 19699
11679 19697
8526 19696
74995 19694
11439 19693
156890 19687
157067 19670
14185 19668
1762 19666
1930 19665
202465 19660
6966 19658
70065 19643
5936 19638
11436 19625
5150 19623
10291 19618
74817 19617
663 19617
1353 19611
234162 19607
7967 19601
214748 19594
39249 19594
240033 19592
10597 19592
11990 19583
13464 19576
41720 19574
6046 19572
17082 19566
222569 19565
3369 19560
229093 19558
6714 19534
6843 19516
36780 19516
11081 19506
11528 19506
177848 19503
214583 19501
4380 19498
4800 19497
7502 19489
8604 19489
3636 19485
7176 19485
3101 19484
17106 19479
4650 19478
15641 19477
1634 19474
8007 19474
5448 19471
800 19469
1753 19468
10911 19462
26008 19460
6824 19456
8484 19452
8030 19441
6092 19440
7251 19439
5805 19435
209906 19433
20586 19433
21831 19432
8636 19431
163921 19426
3561 19424
3178 19418
14382 19405
6077 19399
232905 19396
13543 19392
230219 19391
13912 19390
234928 19388
4687 19386
1106 19372
199179 19364
41900 19360
181463 19356
189800 19354
83871 19351
14311 19350
12662 19350
7695 19347
20480 19342
220285 19338
8313 19335
28534 19332
208747 19330
2704 19327
18309 19317
10746 19310
3618 19309
2822 19309
1113 19304
21405 19304
842 19302
213116 19299
12615 19297
8436 19296
8181 19285
1564 19285
2914 19279
240275 19278
227992 19276
243947 19263
10785 19262
9919 19258
4480 19257
25756 19249
21115 19245
11352 19244
194285 19239
17508 19237
13665 19232
10468 19230
5673 19218
10467 19218
7687 19214
2682 19213
24545 19211
8142 19210
29868 19210
10098 19208
12076 19206
1570 19200
8428 19198
204728 19194
10522 19192
160188 19190
10128 19187
66055 19185
6553 19183
3208 19182
3589 19177
6643 19172
242825 19165
6592 19159
14959 19158
9290 19143
9933 19135
4603 19134
1277 19134
59615 19131
208020 19127
8661 19126
186230 19122
46221 19118
23288 19117
2737 19113
2791 19113
11694 19110
13679 19109
189238 19105
35686 19104
12194 19098
205063 19096
8350 19093
1188 19092
34165 19089
5910 19081
193345 19072
29976 19072
27662 19066
40537 19062
33472 19061
207994 19058
2858 19055
12102 19051
23037 19045
5856 19044
244040 19044
10721 19041
6745 19034
13102 19029
3553 19025
19598 19024
196444 19016
229023 19012
53571 19009
10095 19005
242014 18997
13365 18995
48075 18980
19080 18978
61982 18976
3115 18974
3016 18970
5434 18961
27920 18954
232089 18951
5983 18936
3037 18933
22402 18931
6923 18930
25658 18924
237755 18918
15623 18916
5382 18912
42691 18910
79159 18910
8144 18901
211535 18900
1071 18898
12851 18898
20619 18898
1711 18897
13946 18893
6332 18892
939 18887
36515 18886
20558 18886
14970 18885
46838 18882
3999 18881
6794 18879
163510 18877
7005 18873
3339 18871
13228 18864
38681 18863
15011 18863
1075 18863
28729 18853
3288 18846
15397 18844
5560 18843
2805 18839
14172 18833
73555 18833
2185 18832
12182 18831
19612 18830
238876 18828
5527 18824
47772 18819
24366 18818
16182 18814
10044 18814
12335 18809
9229 18806
14198 18804
208866 18798
58883 18789
8061 18784
10022 18782
3596 18782
11401 18776
12103 18775
19116 18772
5995 18767
79950 18766
31920 18761
10866 18747
9727 18744
189037 18742
46124 18742
2833 18741
87117 18740
177792 18736
2325 18732
4770 18730
16575 18722
28465 18720
6416 18709
25598 18706
1303 18701
4482 18691
8020 18691
14195 18679
29988 18675
32584 18672
5737 18670
40971 18668
5711 18668
219072 18658
11230 18656
30373 18656
8292 18655
16099 18648
231048 18644
7143 18643
245598 18641
76366 18637
743 18637
52434 18629
16359 18627
970 18624
75094 18624
25681 18623
30800 18620
6859 18617
2911 18615
20499 18610
238869 18604
19182 18601
10817 18600
19241 18589
17485 18587
180178 18581
19775 18577
12078 18574
11901 18572
11421 18571
5599 18567
238804 18566
195886 18566
3583 18566
161349 18555
230670 18554
3173 18550
222085 18549
6712 18548
12952 18548
181485 18545
5864 18533
37631 18527
10951 18526
41816 18524
10452 18519
61924 18517
1548 18517
6134 18517
4098 18516
40088 18514
24546 18513
11810 18506
1929 18502
39615 18498
245886 18498
37967 18496
6439 18490
204751 18489
58818 18488
5406 18488
23911 18487
7002 18487
208794 18485
22327 18473
76787 18471
41788 18469
6907 18468
31153 18466
4614 18464
2085 18460
220591 18459
198953 18452
14212 18450
6348 18447
21349 18447
7776 18434
29861 18432
5587 18430
11861 18427
7361 18415
25252 18410
13155 18407
14402 18407
46571 18403
184691 18399
18426 18397
163759 18394
13329 18393
234544 18391
15717 18388
28336 18386
19867 18378
5827 18375
18863 18364
677 18352
8796 18351
5218 18347
35968 18344
243402 18333
18717 18316
17102 18311
6197 18304
42377 18299
13442 18295
24561 18293
3032 18289
849 18287
36203 18280
4970 18268
41767 18263
10487 18262
12757 18261
17378 18249
4396 18247
10963 18239
2422 18237
44669 18237
15321 18234
22283 18233
3026 18233
44334 18231
16002 18230
14660 18224
15213 18221
213721 18219
66856 18216
1515 18215
16155 18214
16884 18210
16599 18206
3435 18197
9506 18193
71201 18180
24985 18178
246448 18175
6356 18172
6220 18169
51323 18168
9486 18163
19726 18159
12065 18155
62762 18153
6113 18146
33725 18138
3807 18138
50549 18135
750 18133
201650 18130
49516 18127
11955 18125
10592 18122
3250 18115
17919 18112
1712 18110
26401 18105
6001 18096
75783 18094
17631 18094
26801 18081
20473 18080
72115 18079
7594 18077
30784 18066
7829 18061
218654 18058
198493 18058
166234 18058
8785 18039
180657 18038
28043 18038
7825 18037
67283 18035
10919 18030
3714 18022
40693 18021
3976 18019
14654 18013
21124 18011
33126 18011
11107 18005
7954 18004
25839 17998
42060 17987
18910 17985
16853 17983
6287 17980
243520 17978
5512 17974
8744 17972
8704 17971
22941 17964
14811 17957
2070 17955
9281 17948
66976 17944
19260 17942
37762 17941
8474 17940
12215 17940
31358 17938
25516 17937
13229 17933
18346 17929
74542 17929
5667 17925
522 17924
35555 17920
61507 17918
163412 17916
81122 17915
2022 17915
35293 17911
42209 17911
19294 17910
35274 17910
28034 17904
5187 17903
14698 17894
11690 17893
4374 17891
199821 17891
46433 17891
36040 17890
12348 17889
8586 17881
11442 17880
20889 17880
5193 17879
63636 17878
7355 17876
2865 17875
198942 17875
23705 17872
5916 17869
11772 17868
29505 17866
60211 17865
40429 17862
39861 17856
17607 17855
7987 17854
2515 17851
36948 17846
29206 17844
84156 17844
54133 17842
93258 17832
13704 17830
49703 17826
11806 17825
28712 17824
230280 17822
48979 17822
10027 17812
3584 17811
4178 17810
985 17805
12768 17805
31965 17804
19821 17803
16629 17802
21222 17798
34327 17798
5928 17794
226478 17780
60593 17778
60915 17770
16972 17767
12525 17761
72198 17761
12345 17760
69987 17760
17603 17759
25283 17757
9781 17757
4058 17746
26641 17739
35386 17737
35091 17737
41251 17735
55562 17735
5445 17734
14046 17730
8005 17726
23478 17725
9197 17722
15689 17718
219785 17717
211145 17711
22510 17710
4548 17703
5332 17703
53269 17702
5824 17702
59907 17700
95462 17699
206223 17698
19114 17696
10582 17687
72278 17686
191521 17681
541 17680
1905 17679
3205 17678
18797 17676
13129 17669
12137 17666
16946 17666
33664 17666
34538 17666
6054 17662
10116 17658
9592 17656
213323 17655
3145 17647
54149 17646
82926 17641
217875 17639
14527 17638
39565 17638
3906 17636
243862 17626
68298 17626
188460 17624
241370 17610
11991 17607
57341 17603
82883 17597
50508 17595
1308 17591
1147 17587
10269 17584
66983 17573
2707 17572
76335 17569
726 17569
6730 17568
9333 17567
6672 17564
39983 17563
563 17557
20763 17554
189069 17549
8166 17546
28315 17544
13849 17544
693 17543
10373 17539
801 17538
10725 17535
226480 17534
209536 17534
191303 17533
2926 17530
2538 17528
4809 17523
3968 17521
3703 17519
9297 17518
209119 17505
58204 17502
195941 17495
193046 17488
32391 17487
64157 17483
59970 17482
9511 17482
7803 17469
92849 17467
10281 17465
38801 17463
75114 17463
12647 17460
7826 17456
13621 17452
11519 17444
31100 17444
8950 17442
25193 17439
13139 17430
3547 17421
16690 17419
226450 17418
32087 17412
94964 17412
37916 17407
16954 17405
753 17403
29732 17401
165898 17398
75104 17394
12801 17392
93933 17382
61758 17375
69609 17363
15202 17359
237673 17357
14590 17348
2502 17344
10229 17342
65761 17341
3721 17330
217276 17329
78302 17328
167603 17326
7261 17326
33470 17325
59916 17321
32265 17320
71989 17317
7905 17315
52317 17311
48863 17308
32862 17301
60448 17301
67234 17296
7300 17296
53024 17291
192197 17290
31884 17290
32547 17286
22868 17285
57599 17280
31459 17280
27210 17278
14208 17278
9377 17269
44658 17268
58783 17266
31645 17266
38847 17264
240274 17256
15489 17248
17800 17247
58438 17245
5597 17245
21244 17244
74047 17240
44459 17233
154696 17233
74946 17231
6652 17230
82147 17229
3591 17229
39708 17226
53318 17220
41994 17215
37374 17210
55032 17209
94353 17209
2380 17209
26587 17209
6876 17208
2819 17206
208150 17204
158074 17202
5776 17201
2799 17200
77283 17199
27565 17199
11312 17198
58144 17198
22434 17197
5261 17195
15377 17193
8405 17188
14825 17188
4290 17187
70368 17183
29359 17179
41350 17179
53091 17179
62642 17179
81688 17179
1217 17178
2803 17175
6222 17170
22330 17169
45658 17169
4864 17165
59898 17158
5758 17153
21887 17142
5833 17129
8176 17129
14658 17123
4944 17122
46133 17111
14885 17110
1936 17106
2931 17106
4531 17103
6631 17099
3414 17099
34407 17092
40535 17092
84608 17084
2562 17082
28240 17080
10141 17077
6028 17073
2806 17066
6775 17065
11514 17064
7183 17061
2121 17060
10155 17058
18141 17055
175063 17055
18054 17047
12497 17040
56351 17038
228274 17036
17290 17024
23320 17018
79619 17017
8421 17012
17531 17008
924 17000
6587 16997
25643 16992
244028 16985
5782 16980
7725 16978
8366 16974
21924 16961
181522 16959
3746 16958
27510 16956
49265 16955
16845 16955
923 16940
5836 16938
217465 16935
17024 16932
23568 16924
66675 16918
232740 16914
20017 16908
55482 16907
17191 16898
22690 16896
3148 16876
8204 16872
30269 16869
10806 16867
6186 16865
8708 16865
11590 16864
50235 16862
1356 16846
5494 16842
17435 16838
25322 16835
11388 16831
6679 16830
9422 16824
66539 16824
2029 16822
4952 16821
12408 16815
11983 16810
23776 16806
17853 16805
16665 16797
7386 16797
216711 16797
3325 16791
21966 16775
9907 16774
233480 16773
14484 16772
222076 16769
16094 16761
6066 16760
2257 16747
4090 16744
4299 16743
157670 16738
5402 16731
9637 16723
4702 16723
17648 16711
18541 16705
5642 16703
3438 16702
5368 16698
225121 16685
14377 16683
2503 16682
6195 16682
12238 16672
36259 16664
10663 16663
9405 16663
31187 16661
63409 16659
6250 16656
159420 16655
206224 16643
6040 16634
14833 16632
30293 16627
841 16627
218776 16624
157470 16623
6505 16620
8010 16612
78784 16591
9896 16589
8333 16587
9143 16586
538 16580
10340 16573
236933 16572
4699 16572
8275 16571
29220 16567
184474 16560
46018 16560
70435 16559
240591 16552
1559 16550
188889 16547
59023 16546
21388 16545
11085 16532
30931 16531
25568 16531
30298 16529
12443 16528
80969 16526
221040 16522
235770 16520
17997 16519
2648 16516
187796 16506
6805 16506
10339 16502
2410 16500
62535 16500
16804 16499
10029 16499
62450 16495
6693 16494
22921 16486
6282 16484
179340 16483
3586 16480
3051 16474
9857 16461
6213 16460
90884 16457
33413 16455
92245 16450
226921 16444
11878 16435
15095 16434
14789 16427
233801 16423
626 16422
14533 16417
3708 16412
12675 16410
35302 16408
11784 16406
19124 16404
33491 16394
48794 16393
7258 16392
3704 16391
3391 16390
244124 16388
11510 16385
2809 16379
8551 16376
49464 16376
7852 16372
78983 16370
31718 16369
2295 16367
3754 16366
2932 16365
60122 16358
2734 16356
4748 16350
49386 16350
6635 16344
14074 16343
11116 16341
9434 16340
1002 16336
18554 16335
24797 16335
23823 16334
192269 16330
13993 16329
60775 16326
21192 16325
25794 16321
9695 16315
45234 16312
45192 16309
71835 16309
1858 16307
10306 16305
27031 16302
190757 16300
71914 16298
86914 16297
2754 16297
233357 16296
65156 16293
241815 16291
3762 16290
30851 16290
4415 16288
214954 16288
179493 16288
3506 16287
22115 16280
1139 16278
2364 16268
15146 16267
1671 16266
1242 16260
5184 16257
10406 16251
25337 16245
227942 16237
9149 16231
22980 16220
19246 16220
188924 16219
34215 16218
73779 16216
38391 16208
9482 16201
8330 16190
13395 16190
210583 16183
213199 16174
13559 16173
24201 16171
9180 16156
10183 16156
11168 16151
19292 16140
29600 16135
245263 16125
24813 16120
42545 16116
899 16111
222966 16105
7974 16100
4757 16095
11337 16087
38663 16087
36849 16087
7530 16085
9367 16085
12055 16085
16010 16085
654 16077
24693 16077
219628 16073
6339 16073
3212 16073
1421 16071
6659 16069
243603 16058
3953 16056
3681 16054
1326 16052
11600 16050
12850 16048
24902 16048
45838 16047
1364 16043
9667 16041
1371 16041
3605 16040
13322 16037
2554 16036
2456 16034
7007 16034
36196 16034
10789 16027
33902 16025
4088 16017
5514 16014
16964 16013
233280 16012
8887 16009
11220 16000
8404 15995
219179 15994
15782 15994
2392 15991
6420 15989
199396 15977
14469 15976
2864 15975
3378 15974
12910 15969
235839 15964
17796 15958
6930 15958
216875 15953
238141 15952
236011 15952
29652 15946
31789 15945
35501 15939
2850 15939
246586 15934
70971 15933
4306 15932
4888 15931
22149 15930
13180 15922
9192 15921
11668 15920
14674 15912
31626 15909
10321 15906
61552 15903
210594 15902
5130 15902
12039 15893
24348 15889
14947 15878
213988 15877
8842 15872
246413 15869
18336 15867
221524 15866
1601 15865
13522 15865
6757 15862
7941 15858
1968 15857
11156 15856
20564 15854
8042 15854
55186 15852
61042 15845
19310 15841
244099 15841
52451 15835
6477 15834
69754 15833
90549 15816
3066 15814
7429 15813
3260 15809
157410 15808
245554 15808
66065 15802
15196 15802
6340 15801
12676 15795
5706 15793
244798 15786
30702 15784
7374 15783
64796 15781
7831 15779
11108 15774
74864 15772
18118 15770
6561 15766
6941 15766
11938 15766
7896 15764
5117 15761
36456 15760
3112 15755
6632 15754
7810 15752
5898 15752
25215 15750
5860 15744
3755 15738
216223 15738
1389 15731
19133 15731
5370 15728
8869 15725
6414 15720
12969 15719
40379 15711
8023 15707
21546 15702
25170 15702
1658 15701
10661 15696
12901 15689
38858 15687
25854 15686
172706 15683
6521 15683
1367 15680
15537 15676
208593 15673
20125 15672
11715 15671
11002 15668
20138 15666
206877 15664
4723 15664
193689 15655
4561 15651
2867 15650
4334 15647
8853 15625
53107 15621
8928 15611
9976 15608
170693 15603
9206 15601
2264 15600
22583 15595
1623 15594
20117 15593
2767 15593
51596 15592
4520 15591
24138 15590
224246 15586
2763 15586
45546 15574
9483 15572
22236 15572
33218 15571
43563 15570
10440 15568
16142 15564
17349 15550
12211 15547
14933 15547
1971 15544
18788 15538
24557 15537
12572 15534
9969 15534
981 15530
73529 15527
4497 15526
47944 15520
17572 15516
10724 15515
23810 15513
13744 15508
20019 15507
26322 15506
33076 15502
8077 15501
9343 15489
8855 15488
27228 15479
7978 15476
9536 15476
9680 15476
18516 15474
4736 15461
33734 15461
83079 15461
5106 15460
22232 15455
9464 15451
5340 15448
15494 15446
2741 15430
12268 15425
19084 15424
46908 15417
6737 15415
10607 15410
28028 15410
187889 15409
40753 15408
6826 15408
1777 15403
3221 15403
32537 15400
4055 15397
4075 15389
15884 15385
39180 15385
215124 15382
13852 15381
16366 15378
3036 15374
12387 15373
4862 15372
15243 15361
17397 15356
43066 15350
4574 15350
207847 15349
28935 15346
167142 15346
11619 15346
161474 15339
6004 15338
230238 15338
18101 15336
5598 15325
61110 15324
16993 15318
22892 15317
10551 15312
200473 15311
57208 15308
35778 15299
25530 15288
192519 15284
6478 15283
8233 15278
36655 15273
6608 15272
13234 15270
21207 15269
3144 15267
826 15265
6335 15264
9419 15263
223260 15263
13325 15253
8972 15247
6510 15247
179011 15245
10333 15242
3455 15238
12893 15231
18900 15217
33893 15212
15209 15212
11698 15211
28053 15194
9417 15190
3669 15189
35845 15188
35175 15184
10404 15183
7350 15182
6758 15179
7792 15178
197812 15177
156070 15175
20539 15173
184883 15167
10381 15165
8162 15159
1527 15153
17806 15152
10782 15143
8631 15141
220870 15136
14588 15135
4892 15125
631 15123
244344 15122
239792 15117
39188 15117
21902 15115
6058 15115
166776 15105
1349 15102
15029 15095
20898 15094
3110 15090
37421 15088
200137 15086
4741 15085
12556 15084
6454 15080
6430 15072
11944 15071
1886 15068
219883 15067
1619 15066
196204 15065
24414 15064
73775 15056
3156 15052
10660 15043
3831 15040
6059 15037
22773 15033
158591 15031
9431 15031
6666 15029
33811 15027
8417 15024
3670 15023
21202 15016
2277 15011
15236 15010
6268 15007
61587 15003
19720 15002
2572 14999
18915 14989
12963 14987
36438 14979
1976 14976
24102 14976
13900 14970
16392 14963
7474 14962
2779 14959
11602 14955
246641 14949
1466 14946
14230 14942
13468 14941
3622 14934
70290 14931
14898 14923
749 14923
5353 14922
4692 14918
52965 14918
11881 14910
6549 14901
5102 14900
237562 14895
1219 14891
24699 14877
14400 14874
3743 14867
20812 14849
1664 14849
707 14847
8068 14845
3536 14844
239063 14843
17489 14843
4162 14843
13948 14839
661 14828
81354 14827
14367 14824
26292 14816
14778 14812
203611 14811
214655 14810
3503 14810
11293 14796
7287 14796
155232 14793
5065 14786
8499 14776
30687 14773
2774 14772
9259 14768
8626 14767
7677 14766
9134 14766
18716 14763
2634 14759
7574 14745
58709 14743
21814 14742
16198 14728
5091 14728
23211 14725
211934 14725
13071 14720
22062 14718
1494 14715
6702 14714
239490 14713
187220 14712
57497 14710
16312 14710
7926 14706
17562 14705
5971 14702
23223 14701
23197 14699
198945 14692
15747 14689
11101 14685
50072 14684
183985 14681
3769 14681
766 14675
10386 14674
3474 14672
8638 14670
16336 14666
21262 14665
64536 14663
24171 14661
28555 14659
14730 14657
2112 14653
246735 14652
11319 14641
14378 14640
18830 14634
212182 14633
17294 14632
14314 14631
3913 14624
6846 14622
4161 14620
8094 14619
7451 14613
6312 14612
27490 14611
9376 14609
60379 14607
190868 14606
66140 14603
9574 14602
15822 14596
54802 14591
20319 14590
241115 14589
237855 14587
176525 14584
233473 14577
8646 14577
10558 14575
28867 14573
43424 14563
3318 14561
191110 14559
1797 14554
211025 14552
86173 14551
33955 14550
10485 14548
28121 14545
1836 14543
11140 14539
5951 14538
16808 14533
214982 14525
20042 14524
227668 14515
17668 14508
17128 14506
27007 14503
243654 14499
27978 14498
28092 14495
12230 14495
7370 14494
6327 14493
165975 14488
7830 14480
220620 14479
1123 14476
5188 14475
2430 14473
12866 14472
2868 14467
190059 14466
23644 14466
12748 14464
2278 14456
8057 14454
53781 14451
20329 14450
14520 14436
12463 14436
10345 14429
167350 14428
78297 14426
2154 14421
52038 14419
49171 14419
13759 14416
5497 14416
6531 14412
10434 14410
244128 14407
44425 14404
6576 14403
16350 14401
5888 14398
55968 14397
27949 14385
231059 14381
16821 14379
6565 14374
24894 14371
3935 14368
13037 14360
14129 14358
9944 14358
34669 14357
18674 14356
5918 14352
33924 14343
20829 14334
1728 14333
2874 14332
91514 14330
16105 14328
61709 14323
159689 14320
50491 14316
18615 14310
11792 14306
12050 14305
9835 14297
59914 14296
16764 14294
1247 14291
609 14291
31766 14290
19269 14287
6720 14284
14821 14279
222116 14277
47577 14274
29940 14274
34933 14269
10966 14265
4109 14264
14447 14262
22806 14250
24793 14250
15319 14249
21600 14248
25432 14243
4754 14239
26984 14237
7821 14237
56036 14235
6501 14233
14827 14232
17450 14229
6135 14226
1533 14222
7842 14215
2186 14214
3397 14214
214246 14209
5684 14207
10470 14203
202587 14202
4183 14197
5559 14191
94927 14188
5328 14182
1760 14181
240348 14177
4007 14175
176281 14171
11129 14169
6537 14167
22451 14165
11057 14161
1841 14160
3955 14159
7008 14158
15739 14155
11142 14152
51894 14150
657 14147
8100 14145
22914 14144
5628 14141
2621 14138
26867 14137
8938 14134
14055 14131
190391 14130
17845 14129
36435 14129
2366 14124
6290 14123
74451 14121
2521 14116
8341 14115
28606 14112
21568 14112
41863 14108
12889 14107
8388 14102
8826 14102
7494 14098
50524 14095
23729 14094
154186 14089
1080 14088
2516 14087
7869 14086
9086 14083
16278 14081
8008 14080
35300 14077
4621 14074
8446 14074
9158 14073
20832 14072
24765 14066
8809 14063
32988 14058
30367 14056
18520 14054
14234 14046
14802 14046
49143 14043
14813 14041
8442 14040
9504 14040
5374 14032
4938 14026
3353 14025
9473 14024
5074 14024
17306 14023
11330 14023
2174 14023
27573 14020
9963 14019
4804 14018
25133 14008
6700 14006
245589 14005
245750 14004
8315 14000
5342 13996
21701 13989
24837 13989
203213 13986
56775 13983
17509 13981
17295 13981
11004 13972
10505 13971
28049 13970
36009 13965
4356 13962
13375 13960
13861 13959
56767 13959
10734 13954
9095 13951
209525 13947
26208 13947
1310 13944
1588 13938
4327 13937
9681 13936
9048 13934
4281 13932
24600 13924
12025 13924
7262 13921
9859 13921
20771 13921
21095 13918
8245 13916
9079 13915
204043 13914
11555 13912
37485 13911
168840 13910
206565 13910
8798 13909
13064 13906
14693 13906
1685 13904
31966 13901
9238 13899
40408 13899
14175 13898
3856 13898
11426 13894
4338 13888
4534 13887
204386 13886
223577 13885
17561 13884
22009 13884
12936 13883
15327 13878
12805 13876
4322 13876
16887 13875
246236 13873
2080 13867
19264 13860
6599 13860
5279 13858
22282 13858
6017 13856
6994 13854
77573 13853
223890 13853
201097 13852
34371 13848
38433 13848
25047 13848
6810 13846
7065 13841
19549 13836
3895 13833
21106 13830
18794 13828
49142 13827
13557 13823
1102 13819
10694 13818
4571 13816
15992 13813
22162 13810
31681 13809
7737 13808
12210 13805
4671 13804
13799 13795
12459 13794
32050 13791
4974 13787
4307 13787
28188 13786
12485 13782
219139 13779
17624 13774
29015 13773
89441 13772
3677 13771
7483 13768
4517 13767
5179 13763
44748 13762
6512 13762
221325 13760
228178 13754
746 13753
15250 13749
3845 13745
11770 13744
73959 13742
13904 13742
18335 13735
27221 13734
15811 13728
11395 13727
2540 13726
17163 13724
7410 13724
8839 13723
188750 13721
1998 13720
216537 13713
4916 13711
20359 13710
2669 13705
7073 13701
26847 13701
4762 13700
12219 13695
219734 13692
6394 13688
27469 13687
22096 13683
13924 13681
13968 13680
14012 13680
50285 13678
10854 13672
15248 13671
21219 13671
15542 13668
168724 13667
35007 13667
70078 13659
8184 13651
22540 13650
34549 13650
226054 13643
7011 13642
38038 13642
76091 13641
13026 13640
18018 13640
202950 13640
13061 13638
26669 13630
32110 13630
2246 13629
10619 13627
237129 13627
3422 13626
4936 13623
4436 13621
16015 13618
31637 13618
8610 13617
8009 13615
22987 13612
17673 13610
54094 13609
19484 13608
4774 13606
22424 13604
9341 13603
83807 13603
39072 13602
10639 13596
52264 13596
15824 13596
21603 13594
8660 13590
9357 13587
30184 13582
11965 13581
2351 13581
7086 13580
576 13580
236417 13579
16983 13576
33782 13574
29561 13572
3161 13571
23304 13565
18247 13565
1829 13561
23271 13557
8152 13555
10358 13553
8024 13549
4040 13547
27384 13546
69833 13544
227153 13543
16489 13541
20072 13539
2553 13538
13595 13537
9061 13534
24608 13532
4568 13528
10539 13527
9856 13516
18546 13515
13928 13513
7598 13511
6744 13511
6677 13509
20302 13509
9266 13508
31511 13505
7433 13505
27570 13496
13145 13492
61425 13490
15620 13489
6470 13489
30022 13487
4833 13484
9017 13469
23173 13469
9053 13469
25299 13468
19755 13465
61842 13462
215240 13462
11527 13461
73300 13461
44776 13460
26824 13459
38002 13458
2116 13454
7556 13454
6881 13453
6124 13452
5395 13447
13959 13443
12151 13442
18934 13442
2068 13441
9317 13439
9691 13437
11829 13435
7309 13435
49813 13434
6411 13433
22889 13432
6968 13431
246463 13430
912 13430
26731 13425
8973 13417
17323 13417
2820 13415
37135 13414
12891 13413
1737 13411
61369 13410
3257 13408
12737 13407
222064 13403
7501 13399
7715 13398
18739 13397
8915 13397
9687 13396
4019 13396
16184 13391
9858 13390
2337 13390
16245 13388
27323 13379
161066 13378
16430 13378
41403 13378
16923 13377
58552 13375
6562 13374
232293 13374
12162 13370
5132 13369
4643 13368
9827 13368
24785 13368
27050 13368
10598 13368
14872 13367
27085 13366
10647 13364
24350 13364
54684 13363
184813 13363
3030 13361
12955 13361
240361 13359
180266 13353
10779 13352
55010 13348
6552 13343
3059 13343
15595 13342
2800 13339
241897 13339
13046 13337
7189 13330
22606 13329
20214 13326
8990 13326
19716 13325
90960 13325
26961 13323
49908 13322
17942 13320
2179 13317
22249 13316
237594 13313
13767 13312
24228 13311
57477 13311
62089 13311
162678 13308
15015 13305
4034 13305
63993 13305
4851 13305
25219 13303
6452 13302
5909 13301
23094 13293
15563 13288
207786 13286
13419 13286
8958 13286
19140 13286
15525 13285
23187 13281
3644 13276
15127 13275
4159 13272
42351 13269
233746 13268
2935 13266
3924 13266
5649 13264
236853 13264
23221 13261
17735 13258
54876 13257
3362 13256
1803 13253
5147 13250
11013 13249
7056 13248
57587 13244
11894 13244
12283 13243
28186 13242
57878 13242
59469 13240
10917 13225
20064 13224
12389 13223
610 13222
7260 13214
23443 13214
56699 13209
194157 13208
4246 13208
17564 13204
2924 13200
3513 13200
25812 13196
6914 13195
13668 13189
29136 13186
1994 13186
13305 13184
31108 13180
8684 13180
27798 13172
44737 13172
233971 13170
25204 13169
236528 13167
5444 13167
2703 13155
57691 13154
22044 13150
9828 13149
44532 13147
73174 13147
23243 13145
1638 13144
51845 13143
9939 13141
14748 13141
245208 13139
45794 13135
16490 13133
19766 13132
11398 13132
43998 13132
5149 13131
8540 13130
2225 13127
28360 13123
3627 13123
31552 13118
8002 13118
234986 13117
1502 13116
18687 13115
24382 13113
48924 13111
1003 13106
13933 13103
11467 13099
56264 13097
155884 13097
14227 13092
3884 13091
226155 13090
13943 13090
2646 13088
28761 13088
17034 13086
3720 13083
16971 13083
28718 13083
14205 13081
212515 13079
7136 13075
88664 13074
37799 13074
14525 13072
173655 13072
16614 13066
4226 13065
7059 13062
7003 13062
24276 13061
18473 13058
6625 13056
23708 13053
41054 13052
14936 13051
17407 13051
6665 13049
23692 13048
5534 13047
43472 13046
9787 13045
39740 13041
198644 13040
2896 13030
8609 13029
43050 13028
69840 13026
90602 13026
4141 13025
2082 13024
51572 13024
14189 13022
3543 13022
12854 13021
12439 13020
44722 13014
182262 13014
4989 13012
2318 13008
27549 13007
1646 13007
4051 13002
4450 12999
8075 12998
51716 12997
13044 12996
43006 12994
19552 12989
7168 12988
69425 12987
6796 12983
14215 12983
5468 12980
239867 12977
22700 12976
16036 12975
12961 12972
9052 12968
8022 12967
68148 12966
63554 12965
184575 12964
27775 12963
31062 12961
164368 12961
23014 12959
1552 12957
14370 12957
45148 12954
14605 12953
33761 12952
4112 12951
16551 12951
29989 12951
23620 12949
5354 12948
15350 12948
18942 12942
17963 12941
49766 12941
22265 12937
238195 12931
29541 12928
32145 12922
21397 12921
68309 12920
76280 12920
7499 12919
42151 12917
9728 12915
8977 12914
24112 12910
35078 12905
4468 12904
72860 12904
19352 12903
160623 12902
7701 12897
12791 12892
7081 12892
2211 12891
6639 12889
16505 12888
4361 12887
53249 12884
8995 12883
54034 12881
5195 12880
207610 12878
10533 12873
41391 12869
80112 12869
1949 12869
7096 12866
1725 12863
20491 12863
17079 12861
26678 12861
244966 12861
22292 12857
35341 12857
11911 12855
2662 12852
1471 12852
7675 12851
11324 12849
222651 12842
14836 12842
26052 12842
43860 12840
20034 12840
60881 12839
13747 12838
51935 12837
10723 12834
15588 12833
27023 12831
39784 12830
35201 12828
32120 12821
13983 12818
53981 12818
2093 12815
1501 12812
219297 12812
243561 12812
9652 12811
10865 12810
6178 12800
6260 12799
64515 12795
37260 12792
8288 12791
10130 12791
12421 12788
17410 12787
93182 12785
21877 12784
1816 12784
11969 12782
18839 12779
67525 12779
27864 12776
5392 12774
4079 12771
40249 12771
13255 12771
214647 12770
21217 12769
187003 12769
30600 12768
17750 12766
13053 12766
18941 12762
5013 12760
3577 12758
38237 12756
25003 12756
8036 12754
7222 12749
881 12749
48244 12748
5996 12748
4816 12745
241477 12739
10140 12738
1072 12738
9302 12733
32187 12732
7949 12730
7548 12728
11876 12725
18617 12724
11650 12722
16051 12718
1635 12718
26343 12715
3159 12714
26119 12709
50017 12709
18654 12709
29764 12705
8807 12703
14850 12702
13496 12701
18652 12701
18163 12700
2852 12699
23551 12697
30137 12694
35863 12693
2870 12687
32921 12686
41659 12685
22428 12685
16881 12684
2580 12684
5812 12682
14038 12679
26933 12679
21452 12677
10077 12676
49836 12673
11961 12671
38806 12661
9054 12659
4895 12657
50402 12651
53653 12651
166719 12649
5466 12648
675 12648
3282 12647
18234 12646
234495 12640
32336 12639
75566 12639
6792 12638
94411 12633
8041 12633
17172 12629
233743 12629
11437 12628
26043 12628
17280 12627
730 12625
26029 12625
21613 12623
10352 12621
7478 12620
206545 12618
24678 12617
191602 12616
8685 12616
5526 12616
11609 12615
18557 12615
21789 12615
40893 12613
10342 12612
46894 12612
7784 12611
64743 12608
2310 12605
1781 12605
4637 12605
62394 12604
3840 12604
9226 12603
68092 12603
5138 12597
4037 12596
52954 12596
14761 12595
40874 12593
26162 12591
52022 12587
17101 12583
11771 12581
91802 12572
7878 12570
68374 12570
31909 12566
36421 12566
63942 12566
148993 12566
234648 12565
51520 12565
50716 12559
27995 12558
8418 12557
19645 12557
225908 12550
7718 12547
33791 12544
21605 12542
67450 12542
4431 12542
17557 12542
3838 12541
34256 12540
3172 12540
58302 12535
17097 12533
3382 12531
4689 12531
28547 12528
10213 12524
10839 12524
11543 12523
3771 12522
20589 12519
218052 12518
2638 12518
168914 12518
14162 12517
17447 12515
37987 12515
9632 12515
4507 12513
65903 12512
30016 12510
8917 12508
49222 12508
63864 12507
37119 12504
9009 12500
5917 12498
51297 12497
34762 12496
39048 12494
34131 12493
25620 12492
30575 12490
45332 12490
3431 12484
22901 12483
32687 12482
196879 12480
41928 12478
5490 12474
40554 12472
230078 12472
12837 12471
75377 12469
81932 12469
31733 12468
16021 12468
16829 12460
41476 12460
11451 12459
22756 12458
16958 12458
46480 12457
40293 12456
11986 12455
15625 12455
36885 12455
221232 12454
41040 12453
11708 12450
40921 12450
38117 12449
29880 12448
56896 12448
12601 12448
2110 12446
14095 12443
29097 12443
40183 12435
6945 12435
14437 12434
7670 12434
50786 12433
21959 12431
58145 12431
41062 12431
217274 12429
30433 12427
1209 12427
1804 12426
77153 12424
163642 12421
31253 12421
19581 12419
16168 12419
24891 12416
7417 12415
34232 12413
25270 12411
71171 12411
174075 12409
87541 12408
37888 12408
3947 12407
25434 12406
10429 12404
26774 12403
11246 12397
9046 12397
7953 12396
12296 12394
61738 12393
40760 12392
8295 12392
24738 12391
19890 12386
33180 12385
42942 12385
2309 12383
44800 12383
20759 12383
17133 12377
2341 12375
67827 12373
45292 12372
10252 12364
50240 12360
7741 12360
39893 12359
28535 12357
22686 12356
3560 12354
1229 12353
1162 12353
15192 12351
36234 12350
40916 12350
204183 12349
68812 12348
43191 12348
1365 12348
12571 12346
13902 12343
10657 12343
5945 12342
36781 12342
13709 12342
22656 12342
12920 12341
3541 12339
31277 12336
4130 12336
1864 12333
35839 12332
16820 12326
63001 12324
4847 12324
909 12323
5819 12322
38667 12322
7788 12321
184074 12320
222967 12320
14683 12318
2497 12317
39997 12315
17394 12315
12325 12313
32267 12311
5515 12308
173927 12305
17695 12304
15048 12302
9084 12297
49485 12297
4807 12296
18358 12293
21221 12292
5062 12292
7348 12292
55334 12291
31655 12288
44719 12288
62362 12288
10279 12285
65479 12284
28342 12283
10542 12279
227876 12279
10036 12277
5362 12277
45692 12276
41453 12276
42855 12275
82443 12273
239385 12271
24764 12270
36480 12264
26706 12264
49669 12264
9498 12262
12760 12258
1794 12257
11993 12257
21637 12256
29177 12252
39931 12251
212094 12250
51301 12249
51779 12248
34912 12247
22846 12247
55078 12243
15969 12242
2147 12241
15567 12240
68170 12239
8555 12238
192935 12236
41536 12236
1008 12236
11573 12235
14204 12234
739 12233
1479 12232
20028 12231
49880 12228
56617 12227
62581 12227
8771 12225
25562 12223
6041 12220
10407 12215
16506 12213
36549 12213
20612 12209
11321 12205
26526 12200
10730 12200
10635 12197
11256 12195
79061 12194
39087 12194
163853 12193
36154 12192
49855 12191
29155 12190
5653 12190
1055 12189
228059 12188
224019 12188
4341 12187
43570 12184
27558 12184
163140 12181
25449 12180
2482 12180
29171 12179
1932 12177
55991 12177
14269 12177
21513 12175
38841 12174
72389 12173
56606 12172
52971 12170
62637 12167
1666 12166
55049 12165
11150 12164
73897 12164
17300 12162
29781 12159
26487 12158
56633 12155
63683 12154
39692 12154
75180 12154
27971 12153
93482 12150
37962 12149
66504 12147
810 12143
20756 12142
30058 12142
24860 12141
72832 12141
10727 12140
62879 12140
34098 12138
204527 12137
18886 12135
8026 12132
51690 12130
35752 12129
66728 12128
82795 12127
10383 12125
12347 12120
19424 12119
22045 12119
2012 12119
60651 12118
68484 12116
56852 12115
221335 12112
27647 12109
95617 12109
17789 12107
22426 12105
47897 12104
43187 12102
45703 12100
17861 12099
2733 12098
171643 12098
43765 12097
16812 12096
41065 12094
30129 12092
20994 12091
62082 12089
23164 12088
7376 12088
49549 12088
24239 12087
34885 12084
233894 12083
33351 12077
7793 12077
8907 12074
47214 12074
19723 12072
82268 12071
20633 12068
165755 12068
16698 12067
61845 12065
1295 12064
85922 12061
50355 12061
167450 12059
64850 12057
73944 12056
63545 12050
84200 12046
2044 12045
237766 12043
6636 12042
35840 12042
29763 12042
6105 12041
46001 12040
45356 12040
94878 12037
9910 12036
9400 12034
80265 12034
82520 12034
91574 12034
11291 12033
5428 12031
1063 12029
29286 12024
42078 12024
86543 12023
41298 12022
27796 12022
46520 12021
88768 12021
193930 12016
14653 12013
181502 12008
206907 12008
17314 12008
39103 12008
2742 12003
8174 11998
5348 11997
52269 11997
55068 11997
66830 11997
72513 11997
90130 11996
29735 11996
63208 11995
46325 11992
48024 11992
6674 11991
16866 11991
1294 11989
226705 11989
29810 11988
7097 11987
22791 11983
10326 11980
52011 11979
61051 11978
5388 11975
30069 11974
88441 11973
53113 11971
83597 11970
14807 11969
231681 11967
87071 11965
4623 11964
92746 11963
28460 11961
62309 11961
90615 11961
24003 11960
6279 11958
181675 11955
8440 11955
5901 11951
1757 11951
1535 11950
3964 11950
56687 11949
60850 11949
71426 11949
9202 11947
24054 11946
14989 11946
18400 11946
55625 11942
55296 11940
81821 11940
54642 11937
94762 11937
38257 11935
55782 11935
5416 11935
81572 11933
53732 11930
4670 11929
11926 11927
55632 11927
1311 11926
55745 11925
63915 11923
93613 11921
55938 11919
1701 11918
51790 11917
33655 11916
39545 11915
7944 11915
44972 11910
43447 11910
53983 11909
27763 11908
68247 11907
32975 11906
48699 11906
5651 11906
7770 11905
243669 11903
3959 11902
12425 11902
25469 11902
39132 11901
88923 11900
10151 11899
83017 11897
19911 11896
10442 11896
38829 11896
52145 11893
3993 11893
6450 11892
33466 11888
38815 11888
78395 11888
4167 11887
57080 11886
53190 11886
9102 11885
59361 11884
13122 11884
81011 11884
42789 11882
229460 11880
23079 11877
14795 11876
52186 11876
92822 11876
14281 11876
24566 11876
59770 11875
74333 11872
37638 11872
74291 11872
75592 11872
11948 11870
38093 11870
52987 11867
171836 11866
12123 11866
5174 11865
9442 11865
95545 11864
24441 11864
80804 11864
57634 11863
80899 11862
3849 11860
49338 11858
1190 11856
31139 11852
55349 11852
59470 11852
29547 11850
46448 11850
62051 11849
74261 11849
85685 11849
88026 11849
2274 11848
27382 11844
46092 11844
73834 11840
90552 11840
2358 11839
1874 11838
54166 11838
25952 11837
66256 11837
11240 11835
77024 11835
55940 11834
14858 11833
35806 11833
23723 11831
76045 11828
80652 11828
84953 11828
193199 11828
9576 11827
46466 11826
46746 11824
235122 11823
80456 11820
7943 11818
1047 11815
8497 11815
58078 11813
81010 11812
6657 11811
17958 11808
6199 11807
64438 11804
78973 11803
81356 11803
88684 11803
93776 11803
49195 11800
93048 11799
89071 11798
91087 11798
78050 11791
83783 11791
88818 11791
91928 11791
45633 11789
59982 11789
72791 11789
57331 11789
95235 11785
32367 11785
6781 11784
31634 11784
91786 11783
3152 11783
62191 11779
74618 11779
80241 11779
90415 11779
11982 11777
25262 11776
173519 11774
5552 11772
5181 11769
88409 11767
29969 11765
61837 11765
15382 11764
20331 11761
6880 11759
20518 11758
16835 11755
55935 11755
66801 11755
51885 11753
77485 11752
3927 11744
9866 11743
31980 11743
74411 11743
83119 11743
85159 11743
173464 11743
1828 11737
214770 11737
5478 11735
6763 11734
19401 11733
232806 11730
242637 11729
10134 11727
21884 11726
4489 11725
10212 11725
3826 11721
7731 11717
23856 11717
5849 11711
7057 11705
16874 11704
17803 11703
20077 11702
7326 11702
10287 11695
1889 11688
213128 11682
13057 11677
2038 11673
209479 11660
210909 11652
37707 11650
57637 11647
41737 11646
16059 11646
59769 11643
9463 11641
11046 11641
1850 11636
17120 11635
37220 11635
15921 11635
23655 11634
28410 11632
17030 11632
210144 11623
19466 11617
12823 11615
16153 11611
16681 11611
18145 11608
11847 11602
6656 11597
18456 11597
30705 11595
1100 11593
12092 11589
4052 11584
238966 11582
1320 11582
15480 11582
10758 11577
16231 11575
14426 11574
239499 11572
66054 11571
2712 11571
50992 11571
28299 11568
23825 11561
1967 11560
15663 11559
29055 11557
15212 11556
22687 11548
5751 11545
175559 11542
8063 11540
10327 11539
15917 11539
91640 11537
11559 11530
52984 11521
29648 11518
3811 11516
6458 11514
17722 11513
25864 11510
236948 11510
188886 11507
63192 11501
19041 11499
5752 11495
759 11495
9639 11490
33993 11489
4939 11482
11592 11480
9981 11480
5680 11473
4818 11471
2131 11470
15816 11467
18973 11466
3004 11466
3919 11458
158514 11454
1922 11449
11778 11440
51372 11439
3040 11438
11618 11438
4909 11435
11171 11429
57427 11426
4422 11425
18463 11422
10682 11420
227480 11420
9628 11420
176705 11419
4981 11419
11128 11414
4118 11414
39129 11414
2090 11411
13866 11409
28226 11398
11822 11397
32313 11394
6319 11387
15765 11386
4601 11382
5197 11378
10014 11378
21047 11376
20120 11375
14689 11372
9497 11371
1378 11369
9023 11366
23410 11363
5853 11361
67447 11358
9283 11347
4759 11345
6362 11344
16146 11343
12784 11340
6768 11328
156682 11326
81232 11325
14863 11325
10156 11325
1150 11324
45893 11324
9973 11316
13153 11315
11300 11307
12503 11304
1280 11303
5171 11303
2458 11302
8122 11300
6751 11298
10158 11298
22291 11298
35393 11297
3899 11292
154319 11292
9761 11284
18550 11283
7249 11280
39537 11280
13977 11280
2768 11279
4101 11278
9012 11277
1457 11275
13359 11267
19111 11267
8885 11264
4997 11259
68879 11258
1672 11256
45309 11251
8334 11250
32023 11249
17448 11248
78556 11247
10403 11246
3301 11245
4421 11244
203153 11244
188509 11243
32015 11237
74808 11237
48741 11236
7227 11235
27086 11233
7302 11233
16218 11228
24564 11223
3781 11220
8856 11220
11556 11219
167828 11218
15433 11211
234849 11209
6873 11207
52340 11206
6426 11206
11024 11206
5191 11201
10906 11195
31185 11192
26777 11192
12200 11192
14336 11191
18921 11189
9938 11186
2995 11183
2271 11176
13596 11176
21339 11176
1551 11173
30441 11171
2576 11170
15119 11167
21306 11167
3646 11167
8680 11166
15594 11166
2311 11166
3268 11161
20025 11159
10267 11159
25250 11155
15947 11155
43015 11154
53637 11153
25896 11143
15415 11143
30089 11141
242289 11140
17507 11139
12233 11138
25503 11137
20185 11135
15462 11135
7557 11135
6546 11135
7339 11135
197127 11131
9072 11129
222865 11128
51476 11125
38144 11125
17955 11121
54600 11116
3017 11114
2802 11113
49219 11112
30715 11112
40469 11111
5979 11111
11836 11105
13600 11104
7621 11095
38024 11090
4904 11090
1361 11088
6021 11087
18562 11087
17582 11085
9461 11083
4023 11081
12418 11079
34314 11073
167391 11072
2700 11072
12998 11069
5682 11069
7043 11065
4310 11060
54570 11058
2845 11058
39318 11056
15608 11054
6160 11054
15411 11054
23645 11054
5258 11050
17367 11047
177904 11046
26849 11037
6026 11036
2413 11035
25642 11035
85033 11033
42383 11028
21500 11025
11023 11022
12430 11019
9753 11016
13194 11013
8186 11011
3902 11010
215449 11009
16352 11006
18708 11004
1743 11002
16751 11001
37877 11000
237388 10999
17316 10998
13805 10997
32422 10996
36479 10995
9493 10993
4083 10986
4803 10985
36844 10977
13769 10977
72585 10976
1315 10974
13016 10974
51046 10973
6387 10973
30126 10969
10418 10969
4711 10965
6075 10965
31907 10964
65976 10963
3598 10963
9284 10959
19270 10956
13453 10954
160686 10954
59930 10952
8217 10952
17670 10948
5323 10946
26310 10945
15578 10943
13394 10940
1812 10940
242355 10937
6522 10934
7033 10933
16661 10933
51269 10932
15656 10929
3085 10924
16676 10923
922 10921
23294 10919
70568 10911
6476 10903
9037 10901
20982 10897
18229 10896
8099 10896
936 10892
29451 10889
2796 10888
22184 10887
15477 10885
24037 10881
10960 10880
56885 10880
5479 10879
17736 10878
3331 10876
232895 10873
3210 10866
23358 10866
150457 10863
21678 10862
9345 10858
7809 10857
10736 10851
43457 10850
230941 10847
13609 10847
167768 10846
245279 10845
33545 10841
48167 10841
20460 10841
86746 10834
14992 10832
41306 10829
20826 10828
1485 10827
1447 10825
6205 10824
24676 10823
11386 10821
8614 10815
9159 10811
4012 10809
44239 10808
43690 10807
28573 10806
12640 10803
186929 10803
872 10800
7459 10795
8320 10793
151903 10788
79852 10787
7669 10787
11244 10787
29717 10779
12207 10778
245048 10773
35359 10772
8513 10771
42417 10770
9956 10768
2262 10767
31639 10767
8238 10766
74187 10765
9363 10765
50142 10760
12355 10760
11484 10757
8948 10756
3412 10756
9410 10754
29310 10752
23183 10750
11038 10746
15270 10745
19478 10744
57367 10743
16492 10741
7963 10740
16267 10737
6473 10735
92096 10733
27882 10732
232753 10731
3403 10730
35985 10730
1158 10730
10002 10729
7849 10728
55437 10728
24963 10728
17181 10727
41549 10726
5240 10723
236222 10722
1119 10721
188848 10719
23548 10719
1670 10714
30407 10711
3356 10710
37158 10710
1806 10702
230857 10699
5808 10699
24458 10695
4593 10692
19954 10691
43112 10689
5954 10676
959 10676
9476 10676
43205 10674
218519 10672
2238 10669
18983 10662
9163 10660
851 10660
2194 10660
16456 10659
14715 10659
14856 10657
2792 10655
198267 10655
12994 10649
45334 10649
18268 10644
18937 10642
5016 10641
16110 10641
8511 10637
19038 10628
32491 10625
46303 10624
38950 10624
18469 10623
2797 10622
3981 10618
2260 10617
9908 10613
244044 10608
219902 10606
12618 10600
2388 10600
17171 10590
4577 10583
4556 10578
31509 10578
3164 10577
11789 10577
8559 10574
6644 10572
7186 10568
54676 10567
10092 10566
33817 10561
23952 10547
2356 10544
2991 10544
25393 10543
7156 10542
20188 10542
210509 10541
530 10541
8053 10538
10695 10533
4968 10530
1648 10527
30399 10527
15540 10523
13295 10522
235581 10521
168063 10519
55906 10517
14661 10515
162084 10513
6488 10506
18561 10505
1347 10501
20895 10497
16009 10495
37935 10494
204821 10494
50100 10490
5618 10490
37266 10489
14380 10486
12333 10485
234225 10482
28694 10481
6045 10480
4735 10478
11283 10478
34810 10476
22425 10476
54572 10476
82105 10475
16847 10475
40118 10473
6149 10469
206085 10468
7966 10466
19474 10466
22246 10466
13926 10465
19087 10463
29339 10463
84854 10462
3593 10460
17685 10459
3723 10452
6646 10452
13418 10449
6663 10448
16709 10448
5458 10446
2010 10446
8516 10445
239413 10443
52920 10438
72444 10436
2419 10433
11338 10430
5376 10429
23716 10427
22559 10427
16873 10426
16737 10426
25146 10426
16624 10425
200667 10425
14601 10422
20615 10415
15680 10412
186719 10410
5022 10410
215746 10409
5119 10405
89322 10405
14623 10404
20068 10402
165305 10400
23677 10394
3028 10393
1274 10390
13685 10390
14673 10387
179326 10387
14419 10387
221768 10384
17465 10381
11759 10378
12132 10374
5202 10374
8943 10370
217322 10362
13092 10358
85892 10357
12143 10354
4719 10354
15697 10354
63188 10354
17000 10351
224040 10350
12622 10348
203319 10347
8200 10346
6851 10346
2766 10346
12878 10345
27423 10344
19887 10336
9721 10335
42598 10334
13890 10327
26060 10324
12906 10323
32746 10320
21090 10319
50319 10318
8367 10315
41504 10314
17549 10310
11163 10308
8085 10307
48522 10306
27365 10305
56067 10304
211146 10298
988 10297
3157 10297
10649 10297
27483 10296
17483 10293
21994 10284
30127 10283
9241 10282
238959 10278
11717 10276
7094 10276
13319 10275
58837 10273
15937 10273
8848 10272
13336 10270
15560 10268
57438 10258
233787 10254
11673 10253
75738 10248
13715 10248
63723 10244
75113 10243
28171 10243
229912 10241
238935 10237
9389 10235
12877 10235
4100 10234
4990 10233
1391 10233
26762 10232
8748 10231
30243 10227
204276 10221
16902 10218
232432 10212
25917 10211
8552 10209
27222 10207
17822 10207
12908 10204
10122 10203
61811 10203
16332 10203
2036 10202
1511 10197
13007 10194
40253 10192
77923 10192
18453 10192
23395 10189
3393 10185
5442 10184
8961 10184
53792 10184
36998 10183
52066 10182
10195 10182
15894 10180
21003 10177
194779 10177
2428 10177
59197 10168
8632 10168
20846 10167
242568 10164
18433 10164
993 10164
7253 10164
91597 10164
54120 10160
8984 10155
1314 10153
18488 10151
840 10150
24409 10149
166207 10149
1938 10147
4282 10147
74020 10146
8760 10142
17741 10141
1160 10137
30494 10136
10669 10135
14548 10134
204077 10132
9398 10132
13013 10131
9024 10130
4549 10129
156856 10127
5190 10126
16075 10121
18710 10121
25175 10121
86479 10121
210108 10117
8105 10117
3569 10117
21716 10115
3361 10115
35255 10114
237683 10112
18132 10109
47326 10106
26259 10104
12088 10104
2133 10103
17044 10103
11422 10102
9664 10100
5889 10099
33759 10095
199158 10094
9893 10093
10426 10093
7969 10093
12041 10089
4763 10087
84957 10083
691 10083
15131 10083
53007 10081
155086 10081
181380 10080
10883 10078
10478 10077
13218 10076
93708 10073
6780 10072
31961 10072
7121 10071
19846 10070
19938 10069
13920 10069
21254 10068
8259 10068
26760 10063
10428 10060
18511 10058
21622 10057
10377 10056
15291 10054
22052 10053
896 10051
27969 10048
15083 10044
24958 10044
28044 10040
2258 10039
46659 10039
18791 10037
15694 10035
12623 10032
1006 10031
27869 10030
22741 10026
10173 10025
10684 10024
4503 10024
6328 10023
23785 10018
9868 10013
15365 10010
18280 10009
3219 10008
61774 10002
19262 10001
53354 10000
231954 9999
8871 9999
34523 9996
8294 9992
11092 9989
14410 9987
6564 9987
177891 9984
68112 9982
5926 9980
65491 9979
235791 9975
5000 9973
10771 9970
34339 9970
4967 9969
9368 9967
33311 9966
14053 9964
21873 9964
14759 9963
41159 9962
42750 9961
30733 9959
17566 9959
29178 9959
152864 9957
14338 9957
219535 9956
40188 9951
19034 9950
14051 9949
1609 9949
10012 9948
34217 9944
33042 9942
7034 9942
2824 9940
89702 9937
168023 9937
190305 9933
8490 9932
72299 9931
66706 9929
8957 9919
20365 9918
8015 9916
5459 9916
55954 9914
29181 9914
16798 9911
18770 9909
66885 9908
24886 9907
3297 9905
12159 9904
39098 9903
70490 9898
22778 9897
15734 9896
23075 9895
32469 9892
21087 9890
6844 9888
30147 9886
16355 9886
18146 9885
60450 9882
3731 9874
10537 9871
37794 9867
15756 9861
18810 9861
199759 9860
24868 9859
23230 9859
17720 9858
186173 9855
200649 9853
11813 9853
6933 9851
59666 9848
7993 9847
5120 9847
46649 9842
22023 9842
822 9840
41662 9840
77981 9839
6777 9837
17189 9837
25899 9837
9648 9833
11723 9833
12663 9832
221760 9830
12178 9828
9310 9827
39589 9827
13697 9822
1966 9819
15781 9817
10643 9814
9136 9811
40506 9808
48663 9805
78611 9796
10335 9796
37250 9794
48664 9793
9487 9792
214564 9791
34647 9791
13891 9788
52524 9788
943 9788
37208 9787
2252 9786
9475 9781
26141 9776
19255 9776
6913 9771
4826 9770
52591 9766
8906 9766
16284 9765
8251 9764
51586 9763
1059 9757
31079 9756
6082 9755
13250 9745
13181 9744
7752 9743
932 9740
15451 9737
6451 9736
8523 9733
892 9732
6243 9731
3943 9730
9670 9725
23435 9723
88445 9723
35971 9722
39566 9717
66320 9717
32880 9715
40431 9715
48454 9709
229430 9708
762 9707
20679 9705
19852 9704
74890 9701
25605 9700
52487 9699
181849 9699
3793 9699
9468 9698
92260 9698
85408 9697
21874 9695
20699 9692
6615 9690
40657 9687
44226 9686
17264 9685
60391 9685
27712 9685
86443 9679
13976 9678
9101 9678
13428 9675
7772 9673
3107 9673
6545 9672
4169 9670
46880 9669
37556 9667
19994 9665
651 9664
2508 9662
18211 9661
17496 9660
66653 9660
6563 9659
9766 9659
1977 9658
19875 9656
12898 9655
14727 9653
14279 9650
17921 9649
2649 9648
11429 9647
930 9647
19121 9647
22063 9646
240108 9643
25053 9643
54589 9642
17978 9641
231953 9630
8151 9630
13265 9630
2705 9628
7181 9626
12217 9624
14993 9623
13273 9623
16069 9622
49708 9622
23128 9620
47396 9619
49403 9619
2425 9619
11837 9618
23329 9617
191059 9617
35564 9615
20869 9614
245287 9608
11756 9607
4394 9604
18764 9602
7038 9601
168531 9598
9444 9598
9752 9597
12704 9595
16450 9594
7962 9594
4461 9593
3925 9592
228071 9589
10997 9589
5225 9589
7091 9586
20335 9586
6698 9585
18205 9583
3597 9582
2324 9580
24289 9579
162898 9577
24953 9576
15861 9575
3702 9575
620 9571
235569 9570
219760 9570
10137 9569
181368 9565
8548 9563
1458 9563
8305 9562
190217 9562
90842 9562
3659 9560
210305 9558
12423 9553
12917 9553
4137 9553
65837 9551
5331 9550
2878 9544
10757 9543
27059 9543
69567 9543
46668 9541
10090 9539
30901 9539
44745 9535
18862 9534
7673 9529
246573 9529
11748 9528
10808 9526
12044 9526
10800 9523
27392 9522
4335 9519
9503 9519
192498 9518
3974 9517
4781 9516
53916 9514
57029 9513
20993 9510
54377 9509
166237 9509
68465 9509
9964 9508
18065 9507
219564 9505
19372 9505
41641 9503
34773 9501
157415 9500
45279 9500
2467 9499
218048 9498
14445 9495
32745 9493
10696 9493
32017 9493
8699 9492
79639 9491
63471 9491
15464 9490
21750 9489
241905 9486
36969 9486
5705 9483
13860 9483
17051 9483
47283 9482
9379 9480
223578 9479
868 9477
13838 9474
8394 9471
4698 9470
56900 9468
34475 9468
2940 9467
18675 9463
11144 9461
15732 9459
21078 9459
64588 9458
1682 9458
12849 9457
13483 9457
13416 9456
10204 9455
25575 9452
1605 9451
18428 9448
7479 9448
19739 9446
15790 9441
232284 9441
161629 9441
217806 9439
21813 9438
32088 9438
12468 9437
41019 9435
13282 9435
7489 9434
15039 9434
30765 9431
6536 9431
1329 9430
24207 9429
40161 9429
1616 9429
225895 9427
42435 9426
9321 9423
23592 9423
46594 9420
6246 9420
246502 9420
199871 9419
19329 9418
15926 9416
165631 9413
39031 9413
1927 9413
60436 9412
19410 9411
20171 9410
27526 9409
66006 9409
9541 9409
3086 9407
10549 9407
16941 9406
33994 9404
194268 9404
30173 9402
4429 9401
36066 9400
52003 9398
706 9397
171277 9396
13486 9392
53061 9391
21539 9386
31039 9386
28701 9385
3415 9383
3870 9382
630 9380
81591 9378
15979 9376
245838 9373
12105 9369
71458 9367
14739 9367
57857 9367
39833 9367
205184 9366
161611 9366
237252 9364
18090 9364
4148 9364
38147 9360
3314 9360
16154 9359
3237 9359
9013 9353
6697 9351
3587 9351
16371 9351
21282 9351
8427 9350
2788 9342
6333 9340
244464 9340
3493 9338
242331 9331
239866 9328
1157 9328
9135 9325
32379 9325
69798 9324
54814 9321
7591 9321
3655 9320
22375 9320
22381 9319
168577 9318
1554 9316
10569 9315
4616 9314
12701 9311
9203 9310
5039 9310
35104 9310
65794 9310
7604 9309
11393 9309
13455 9308
2170 9308
11292 9308
17270 9308
5677 9307
45715 9305
3491 9305
27815 9301
63261 9300
23066 9299
44305 9297
25128 9295
19025 9291
17679 9290
90563 9289
20375 9288
12534 9288
42162 9286
2006 9286
15893 9282
33662 9282
17039 9280
7900 9269
15519 9269
27065 9267
21297 9266
31312 9262
61228 9259
16173 9255
4654 9254
226396 9253
20728 9252
14701 9252
12026 9252
9572 9252
29806 9252
90766 9251
48372 9250
16031 9250
18616 9249
44887 9249
14411 9248
10564 9248
9747 9248
238091 9247
40729 9245
49105 9243
39107 9242
13674 9241
1821 9241
1418 9241
64910 9239
12340 9239
7593 9239
35908 9239
13448 9239
31310 9238
12059 9236
55988 9233
4693 9232
23649 9231
7017 9230
12997 9229
19783 9229
30038 9229
3125 9229
29584 9228
9251 9228
25606 9227
12495 9223
38754 9223
7573 9222
29858 9222
8901 9219
9087 9219
77227 9218
221786 9218
11693 9218
33265 9216
17432 9215
220662 9214
89245 9212
4104 9212
21778 9211
26314 9211
8365 9211
9674 9208
85784 9208
153752 9206
22827 9204
13556 9202
16050 9201
7999 9199
8750 9198
20952 9196
16063 9193
14107 9192
75297 9192
18005 9192
33178 9191
20891 9189
26098 9188
35358 9186
79812 9181
12539 9180
14967 9179
4595 9179
13183 9178
9622 9178
10690 9177
8649 9176
27355 9172
8652 9172
166274 9172
11331 9170
207047 9170
672 9169
2329 9168
4908 9167
6866 9166
4064 9164
82534 9164
11667 9164
35479 9164
44564 9163
38406 9163
19344 9162
66465 9162
3191 9160
58136 9158
29995 9157
11930 9156
6106 9155
15885 9155
52236 9148
40186 9147
27000 9147
27690 9147
13062 9144
8932 9144
15170 9143
6130 9139
11117 9138
66339 9138
7798 9138
43164 9135
14000 9134
24679 9134
21135 9133
17987 9132
3088 9131
23184 9127
222040 9127
18490 9127
6633 9124
39054 9123
40922 9122
7763 9121
29559 9120
163016 9118
6061 9117
7588 9114
56502 9114
234678 9112
82253 9110
8940 9110
15013 9107
1525 9107
2978 9107
54771 9106
11078 9103
54703 9102
30474 9102
73533 9101
8098 9100
36988 9097
31820 9097
4543 9096
20789 9093
31137 9092
18303 9088
5847 9088
7922 9087
5584 9086
17663 9086
74060 9086
3248 9085
12491 9083
28184 9082
179342 9082
87418 9080
4115 9080
10931 9079
41100 9078
13089 9077
193524 9077
2964 9077
53337 9077
10726 9076
4555 9074
19018 9074
26999 9072
6093 9070
10239 9068
84972 9068
18760 9068
5112 9066
25583 9066
188050 9066
12323 9064
179258 9064
46490 9062
16905 9061
8466 9060
32332 9059
240420 9057
13472 9056
4787 9056
11920 9056
7532 9055
13392 9055
25700 9054
86055 9053
221089 9052
25134 9052
21320 9049
23833 9047
88194 9046
37989 9046
241693 9044
26684 9044
82931 9043
20308 9043
165434 9039
11563 9039
55956 9037
39805 9035
2355 9033
20618 9031
44299 9031
15285 9030
35456 9030
19002 9028
13732 9027
28662 9027
74420 9026
25901 9026
82637 9026
59981 9026
168195 9023
28514 9023
15614 9020
4150 9017
4427 9016
24638 9015
9992 9013
89403 9007
19989 9005
55125 9005
14855 9000
7990 8999
59739 8999
7522 8999
18143 8998
40414 8997
64914 8997
20641 8996
24154 8996
21633 8996
19107 8995
48575 8991
9214 8991
64416 8990
2347 8989
179909 8989
4456 8989
66406 8987
6540 8987
22218 8986
2762 8986
19210 8985
9195 8985
6047 8984
197219 8981
28713 8979
3922 8979
6729 8978
52053 8977
12583 8977
223572 8975
22993 8975
59110 8975
34203 8975
3608 8975
33398 8974
10401 8971
18041 8970
233754 8970
78761 8968
17289 8967
18661 8966
3544 8966
13101 8965
24028 8964
4297 8964
1176 8964
43559 8961
217919 8960
8244 8956
76526 8955
164782 8953
38508 8950
8029 8948
92788 8945
56062 8945
80983 8945
197041 8944
89784 8943
7890 8942
164359 8940
36898 8938
5982 8937
4852 8935
43675 8934
60797 8933
1300 8933
227254 8931
3186 8929
3711 8928
40790 8927
10118 8926
37167 8925
40359 8924
40846 8924
15891 8924
12134 8923
14147 8922
23617 8915
64013 8915
234542 8915
9697 8914
39330 8914
6349 8914
47823 8913
34874 8911
6912 8911
26989 8909
19845 8909
67409 8907
50472 8907
25665 8905
10548 8905
237488 8904
48788 8904
229844 8903
7667 8903
89274 8902
10923 8902
94295 8900
1182 8899
168732 8898
156795 8897
25243 8896
12606 8894
14312 8894
45214 8894
39257 8894
70888 8894
37363 8893
244952 8891
3528 8890
46004 8890
21473 8889
32160 8889
9573 8888
20135 8884
13023 8884
28073 8884
12184 8883
49428 8883
35414 8883
2818 8883
163283 8882
6628 8879
1984 8878
24993 8875
91575 8875
8850 8874
30337 8873
31205 8873
42066 8873
197593 8873
8601 8873
20672 8872
11892 8869
6343 8868
24806 8868
75887 8867
30653 8866
22290 8866
38410 8865
25519 8865
167327 8865
46902 8864
33185 8863
36927 8863
64313 8863
94540 8863
31058 8856
28760 8855
23878 8853
41532 8853
50880 8853
22469 8852
11788 8850
26418 8849
3199 8848
90651 8846
38245 8845
19632 8843
83876 8842
50084 8842
2569 8841
29712 8840
9527 8839
50726 8838
223219 8837
95548 8836
5822 8833
13242 8833
17287 8832
31516 8832
18471 8831
9934 8830
40167 8828
20877 8827
10579 8827
94718 8827
60049 8824
17706 8823
39840 8823
41861 8823
3444 8820
11342 8819
12052 8819
21459 8816
66560 8816
8953 8816
35694 8814
35311 8814
36875 8813
48424 8812
40411 8812
6052 8812
4400 8810
75469 8810
1787 8809
195790 8808
1273 8808
23251 8805
186146 8804
62462 8804
203792 8803
46505 8803
80765 8803
18733 8802
76588 8800
245435 8799
61055 8798
75810 8796
10205 8794
20774 8793
27160 8792
88679 8791
2432 8788
29371 8786
11402 8786
23156 8785
4764 8782
13850 8782
68659 8782
18003 8778
67095 8778
49170 8776
8256 8775
25334 8773
30871 8773
72910 8772
45753 8772
12870 8771
81982 8771
10973 8770
23756 8769
29563 8768
187430 8766
10378 8766
11798 8762
19953 8762
10709 8762
95386 8762
3759 8759
24123 8757
87760 8755
63690 8754
75279 8753
32320 8752
26143 8752
25514 8751
4619 8748
45553 8748
82007 8748
10867 8748
10772 8745
58987 8744
84791 8743
29869 8742
31024 8742
41813 8742
15766 8738
6926 8737
71862 8737
24398 8733
12771 8732
11877 8731
12028 8731
15044 8731
51326 8731
4267 8731
8206 8730
27140 8728
246723 8727
2383 8727
13363 8725
11137 8725
2550 8723
92496 8721
75630 8721
40406 8720
70577 8720
26048 8719
54877 8718
11882 8717
15600 8717
93261 8716
211278 8715
93183 8713
241539 8712
22802 8712
14128 8712
24337 8712
90223 8711
15923 8710
2359 8710
7605 8709
10913 8708
15099 8708
93141 8707
77930 8702
22881 8702
18879 8701
18787 8701
24293 8701
37606 8701
87547 8701
61980 8701
29908 8700
32343 8700
34801 8700
69351 8699
13851 8699
8884 8697
79118 8697
73642 8697
26691 8694
1825 8694
61664 8693
26622 8693
83167 8691
46570 8691
79021 8691
79210 8691
79872 8691
28097 8688
12732 8687
28872 8683
55387 8682
2718 8681
33517 8681
51436 8681
55048 8681
18194 8681
245033 8680
26124 8680
8488 8677
75988 8677
4793 8676
8495 8674
38778 8674
1175 8671
29089 8671
39572 8671
45294 8671
65973 8671
21166 8670
36175 8670
88133 8668
166497 8666
56383 8664
3595 8663
46474 8663
51889 8662
39284 8662
39748 8661
75966 8661
83967 8661
88141 8661
69985 8660
4928 8657
29761 8653
6156 8652
30101 8651
8173 8650
30123 8650
30339 8650
41473 8650
43189 8650
71924 8650
88808 8650
63989 8650
22594 8649
240376 8646
37398 8644
6695 8644
6379 8642
7578 8641
6251 8641
77127 8640
28358 8640
75441 8640
3696 8636
18167 8634
2373 8632
94399 8632
10055 8630
16859 8630
17709 8630
37964 8630
58549 8630
14541 8629
3405 8629
27258 8629
51510 8629
63503 8627
11136 8626
13853 8626
6808 8625
63289 8624
76198 8624
163937 8624
26050 8622
222530 8622
18405 8620
31940 8620
50530 8620
69526 8620
19290 8619
54854 8616
24303 8615
17533 8613
171997 8612
3504 8610
9315 8610
51316 8610
74211 8610
80927 8610
93832 8610
68064 8609
71975 8609
26661 8608
1145 8608
31520 8607
37443 8605
7709 8604
88630 8602
231442 8601
17943 8600
18598 8600
36587 8600
91810 8600
10799 8598
27030 8597
31495 8595
32994 8591
15063 8590
25995 8590
29791 8590
31903 8590
31956 8590
34443 8590
35549 8590
45572 8590
46000 8590
47197 8590
49181 8590
49200 8590
51136 8590
52549 8590
54007 8590
64773 8590
66943 8590
71339 8590
73857 8590
78999 8590
83259 8590
83675 8590
85152 8590
90003 8590
91235 8590
93579 8590
95000 8590
95644 8590
12363 8586
2670 8585
15966 8582
27424 8580
28670 8576
154797 8575
19633 8575
9014 8575
14181 8575
23941 8571
10495 8570
9351 8570
15952 8570
55254 8566
49675 8559
9932 8555
25502 8552
29314 8549
35165 8549
7116 8547
184707 8546
12715 8541
17209 8539
4554 8535
7750 8534
7760 8531
18871 8531
35221 8529
23608 8528
3168 8527
214688 8527
24714 8527
20073 8524
587 8523
10679 8521
17062 8521
7150 8520
13251 8519
222768 8519
9469 8516
238535 8516
15780 8515
8673 8511
9029 8511
5404 8510
20065 8510
25640 8509
33910 8508
4738 8508
160220 8507
16416 8507
16224 8501
243310 8496
3641 8495
20559 8494
57784 8491
25131 8489
3546 8488
7026 8487
213197 8485
10986 8484
30125 8481
19220 8477
219093 8476
1855 8476
14540 8474
17759 8473
11051 8472
33436 8470
43666 8468
9690 8467
13865 8466
3931 8465
55587 8463
236876 8462
7779 8456
16988 8454
3875 8454
5742 8454
7250 8454
13185 8453
21048 8453
10521 8453
231771 8452
1899 8448
13093 8447
246120 8446
22273 8445
238582 8445
10729 8444
209754 8442
241763 8439
183169 8439
16753 8436
3996 8435
9952 8434
43868 8433
198311 8433
8261 8431
8338 8431
25662 8431
30068 8426
17622 8425
170151 8425
3700 8424
199404 8421
235312 8420
167790 8419
163460 8417
4190 8413
87378 8410
7426 8400
13550 8399
12360 8398
4342 8396
5286 8395
7245 8394
10488 8394
5194 8392
6602 8390
18002 8389
59421 8386
4679 8386
83711 8382
1051 8380
11496 8378
19314 8377
30231 8377
30393 8376
12502 8374
3196 8369
22771 8368
14192 8366
9711 8366
36419 8365
44484 8363
236958 8358
68868 8358
15019 8357
2680 8354
19293 8354
229580 8352
15161 8351
216641 8351
7321 8351
215386 8349
79733 8346
2059 8344
48874 8342
16478 8339
16511 8338
18274 8338
7626 8336
186771 8334
19841 8333
2128 8333
9537 8330
18641 8330
9875 8329
63953 8326
2835 8326
7602 8322
1505 8322
6440 8319
21016 8318
46356 8318
22699 8315
1275 8313
73218 8310
26533 8309
27629 8308
4620 8306
55020 8306
27044 8303
20010 8302
15895 8302
7867 8301
239856 8299
58516 8294
59491 8293
94778 8293
22591 8292
2639 8285
3360 8285
24002 8282
24386 8281
56733 8281
1775 8280
16617 8277
3103 8276
13387 8276
4315 8271
61737 8268
13030 8268
7538 8267
15452 8265
229913 8263
4946 8260
38214 8257
63204 8256
22814 8255
9646 8253
26123 8252
184852 8252
8593 8251
82302 8247
6819 8246
7632 8245
3573 8245
241728 8243
3228 8240
19982 8238
6132 8238
3372 8238
2829 8237
204418 8236
24151 8235
34455 8235
9050 8235
207763 8234
38947 8231
11229 8230
170286 8227
158323 8225
29053 8223
89028 8222
6637 8215
17754 8214
29980 8212
93324 8209
12567 8208
5363 8207
175762 8207
11886 8205
2974 8205
19050 8204
41340 8203
2132 8201
14934 8200
38622 8199
6437 8197
198839 8196
16488 8196
11554 8194
1191 8190
23779 8188
29612 8186
70979 8186
11684 8186
13840 8180
12510 8179
35679 8174
27827 8170
49269 8166
12189 8166
38099 8164
20403 8163
54884 8162
51769 8160
29302 8153
41717 8153
178848 8147
239865 8146
29377 8145
37276 8142
57932 8142
10274 8138
74455 8137
12398 8133
203318 8131
61665 8130
24095 8129
27198 8128
7256 8128
1509 8127
168183 8125
5579 8124
3903 8124
24342 8121
24240 8120
10544 8119
1594 8118
6573 8117
15450 8117
2709 8116
19235 8115
37538 8114
64583 8112
62464 8109
3692 8104
9278 8103
10179 8102
16762 8101
8254 8095
3338 8094
32690 8093
10003 8093
59995 8091
2027 8089
6901 8088
72485 8082
68163 8081
13574 8080
4419 8076
27897 8075
30912 8073
54376 8073
863 8072
13222 8071
236127 8068
14170 8068
9523 8068
84548 8068
9170 8066
216183 8066
17758 8066
14706 8065
33686 8065
4289 8064
46137 8063
14005 8062
234758 8060
5988 8058
22763 8057
54788 8056
14115 8054
7739 8053
9977 8053
13323 8052
3663 8050
9111 8049
44868 8047
69764 8042
180731 8039
14387 8037
30315 8036
235044 8033
7363 8031
7095 8028
55545 8026
24784 8025
3229 8024
68539 8021
18684 8021
5248 8020
27020 8018
5786 8018
28400 8017
9020 8016
12904 8015
17187 8014
24018 8012
93606 8012
10545 8010
51418 8008
7271 8007
11145 8005
16693 8003
9668 8003
19860 8002
14697 8001
8189 8001
7885 7999
157903 7997
11635 7997
25388 7994
230332 7993
8402 7993
32675 7992
13193 7991
10391 7988
48183 7986
10678 7984
4697 7981
17752 7981
34646 7980
15707 7978
31219 7975
11362 7974
13478 7973
24539 7972
12999 7971
9635 7971
17398 7971
24722 7971
2167 7971
16465 7970
39451 7969
9038 7968
47554 7966
16337 7965
39326 7964
5503 7961
7067 7961
4065 7960
6060 7960
70839 7959
32443 7956
59054 7955
194336 7952
35095 7952
18880 7951
24180 7951
20192 7951
92590 7948
4923 7948
47531 7946
29144 7942
10920 7941
11811 7940
76308 7936
10451 7933
19597 7931
9222 7931
17655 7931
21527 7931
20753 7927
228569 7922
6611 7922
17636 7921
9581 7918
245840 7916
11937 7913
6651 7911
10666 7908
60780 7906
2017 7905
14677 7905
16122 7900
17480 7897
29439 7897
9381 7894
1181 7894
32918 7894
11040 7892
5668 7892
19053 7891
2440 7889
2543 7889
10612 7882
21360 7880
9239 7880
2401 7876
13470 7876
14619 7875
70703 7874
46328 7871
35446 7867
12846 7866
16747 7866
1931 7863
41968 7863
1948 7862
21018 7862
38331 7860
55943 7860
6357 7860
7909 7858
10125 7852
5042 7852
24601 7851
2078 7851
3667 7850
24264 7848
2559 7846
31805 7845
10211 7843
2893 7842
86461 7840
46279 7839
15915 7839
30308 7839
4524 7837
35208 7836
163803 7835
44483 7833
35067 7833
10573 7830
62414 7829
40788 7828
18089 7827
3868 7826
7427 7825
26387 7825
3340 7820
4142 7819
37043 7817
7111 7816
21001 7811
38892 7811
15631 7811
244361 7810
14403 7808
16576 7808
203842 7804
13219 7804
13358 7803
5280 7800
231093 7797
13988 7796
44277 7795
52237 7795
21960 7794
9978 7794
8203 7789
19710 7787
5101 7785
2191 7784
13727 7781
18709 7778
5200 7778
162017 7776
6991 7775
904 7772
10675 7771
8507 7768
16496 7764
164931 7763
87210 7763
13764 7763
10244 7761
18884 7760
10914 7757
21801 7754
31416 7753
10672 7751
14801 7750
13065 7749
2513 7749
12460 7747
59492 7747
26334 7746
15907 7744
238051 7743
46398 7740
8415 7740
6974 7738
11098 7738
7366 7737
21635 7736
168636 7736
11491 7732
4879 7731
19900 7730
36749 7728
8385 7726
193791 7726
1561 7724
8476 7723
18147 7723
167449 7723
65041 7722
19776 7718
27084 7718
3632 7716
15251 7714
30638 7714
55064 7713
16118 7712
9112 7710
15605 7708
30925 7700
16354 7699
10781 7696
163235 7694
17248 7694
32903 7692
243335 7688
6309 7686
9839 7686
2187 7685
13158 7683
10490 7681
5555 7677
12694 7674
6434 7671
54988 7664
19017 7664
5230 7663
22299 7658
3522 7657
4505 7657
13141 7657
19081 7657
84699 7654
7290 7653
57158 7650
30463 7649
81213 7648
187347 7647
20548 7644
6381 7642
14508 7642
33741 7640
49586 7639
231591 7638
11672 7635
13653 7632
76514 7632
6990 7631
14037 7630
61444 7629
6978 7626
16045 7621
19248 7620
7988 7619
4591 7619
71376 7619
14922 7619
29369 7618
21838 7617
25857 7616
61039 7614
192063 7609
5461 7608
4279 7608
25074 7608
62024 7606
79185 7606
2594 7605
19913 7605
36492 7601
49312 7599
15559 7596
19722 7596
162691 7594
4086 7594
1653 7593
23537 7591
13633 7591
9751 7591
2019 7589
844 7586
44103 7586
22443 7586
11653 7584
7910 7584
19159 7581
161574 7580
7930 7580
82841 7576
5087 7576
9262 7570
10502 7569
616 7567
11963 7566
42236 7566
93982 7564
18870 7563
6107 7562
19435 7559
12923 7558
218331 7558
1125 7557
8894 7556
27224 7556
29567 7555
11340 7554
27532 7553
43773 7552
22006 7552
7238 7551
67152 7549
59710 7547
7592 7545
10392 7545
19668 7545
10587 7544
19228 7544
14340 7542
5436 7541
10605 7540
20169 7538
11856 7537
28384 7536
3954 7535
21761 7535
5246 7535
20149 7534
13117 7532
5427 7530
14328 7530
234735 7528
20915 7524
41974 7524
3570 7521
12006 7520
26994 7517
237250 7515
19089 7515
191694 7511
4823 7508
6151 7507
4896 7506
24844 7506
19239 7505
7421 7502
25186 7497
23402 7495
1862 7492
6034 7490
15576 7489
10774 7487
20336 7486
158288 7480
16674 7474
8396 7473
13702 7472
4783 7472
11385 7470
29592 7470
72886 7467
4025 7467
16240 7466
534 7465
47372 7464
2743 7459
25044 7459
4440 7459
2301 7459
16929 7458
173618 7456
20352 7456
21216 7455
6638 7453
10720 7452
8120 7450
8210 7449
20722 7448
58826 7448
20651 7448
36886 7446
59443 7445
8130 7444
10978 7444
21408 7444
15703 7443
5383 7442
11689 7440
242461 7440
18057 7438
65623 7435
9588 7435
18092 7434
3729 7434
26513 7434
10530 7433
180771 7433
15693 7430
11832 7430
5263 7428
90480 7426
21768 7425
20632 7425
12858 7418
521 7417
61182 7417
14581 7415
1640 7414
6722 7414
8479 7413
48775 7413
8509 7411
21652 7409
36777 7409
1550 7407
7458 7405
185456 7404
186025 7404
7083 7404
76342 7404
240382 7400
38782 7400
28258 7399
32150 7399
95641 7396
44422 7394
14434 7393
55730 7393
20112 7392
31779 7387
11167 7385
10355 7385
34898 7384
37236 7383
22982 7383
21131 7381
7860 7379
13095 7378
18959 7376
14765 7375
24640 7375
10574 7374
6133 7372
2215 7368
64163 7360
12501 7357
21870 7357
18564 7355
20621 7355
12584 7354
76193 7352
26857 7351
22484 7348
19851 7346
237691 7346
30859 7344
20670 7343
1271 7338
18659 7335
8854 7334
43715 7333
887 7333
6664 7332
7132 7332
13398 7331
52446 7331
2421 7330
30295 7329
6487 7328
16943 7326
6630 7325
31434 7324
3226 7324
7584 7324
196755 7323
21681 7323
16502 7322
16566 7322
1887 7321
70404 7319
6503 7319
3317 7314
23556 7313
4119 7312
7663 7312
15640 7312
35988 7312
20266 7312
27863 7311
6131 7310
9150 7309
8452 7308
5010 7307
18560 7306
1073 7304
16827 7302
16378 7302
2210 7299
38049 7297
12247 7295
12462 7292
29125 7290
18001 7289
15735 7289
27356 7288
73861 7286
55602 7285
13878 7283
35375 7283
16308 7282
6820 7282
198084 7282
9918 7282
23525 7281
1037 7279
235771 7277
41658 7276
4152 7273
15974 7272
5620 7269
14300 7266
18213 7263
11304 7262
18295 7262
28520 7261
50258 7259
13834 7257
13086 7257
3613 7257
168546 7256
4209 7255
11596 7254
9589 7254
12073 7254
10060 7251
21341 7251
27894 7251
54907 7251
220316 7249
10057 7247
3022 7246
43943 7245
28440 7244
30404 7242
8944 7242
34888 7242
206007 7241
25012 7240
82051 7240
181192 7238
15474 7238
40342 7238
17969 7232
18119 7231
6396 7226
175815 7226
34875 7225
29436 7225
19729 7222
5423 7221
215475 7220
7984 7220
10728 7220
59998 7219
63070 7217
67559 7217
13996 7217
10344 7216
18322 7216
30946 7216
2566 7213
8773 7212
174219 7206
20513 7206
26952 7204
20347 7203
9903 7203
32699 7201
15609 7201
12450 7200
15556 7200
10845 7196
76646 7196
203088 7194
4837 7193
76924 7191
36934 7190
73219 7190
5767 7190
4841 7187
9010 7186
18020 7184
31351 7182
12062 7182
69978 7181
20103 7181
2434 7176
48753 7176
30415 7175
3978 7174
29556 7174
26956 7167
188342 7166
24822 7165
55479 7163
4189 7161
5692 7161
16803 7160
158819 7160
7942 7159
6239 7156
24339 7150
2719 7150
9093 7150
31896 7150
34940 7149
23547 7149
31589 7149
28278 7147
4111 7146
240266 7145
1580 7144
12934 7143
5998 7142
7354 7140
10606 7135
10499 7131
24039 7130
75881 7129
13238 7129
15200 7128
29384 7128
7511 7127
12698 7127
17313 7126
7613 7125
53535 7124
12133 7123
16185 7120
37956 7118
4363 7117
12029 7116
235167 7115
9393 7114
11169 7112
222205 7110
21628 7109
11407 7106
9253 7104
11068 7102
8851 7102
57551 7102
17311 7101
13684 7100
8658 7099
17041 7098
18678 7097
3805 7096
11250 7094
4887 7091
33936 7091
4790 7090
232149 7090
7960 7089
59214 7089
12373 7087
23038 7085
33100 7085
18259 7084
207498 7082
10894 7080
22001 7080
22485 7080
60806 7080
19274 7078
16213 7078
73716 7077
68227 7075
194958 7074
30149 7072
15482 7072
1790 7071
16383 7070
4953 7070
16809 7069
82049 7069
17723 7067
93669 7066
7252 7066
34492 7066
30191 7066
8782 7065
246577 7065
25898 7065
12793 7061
23291 7060
19039 7060
39361 7059
28163 7057
1726 7057
29663 7057
13736 7057
4418 7056
244239 7055
242402 7052
16159 7052
18773 7051
19178 7051
196363 7051
88655 7050
11900 7049
45615 7046
30844 7046
43859 7046
12402 7045
22651 7043
20569 7040
83153 7038
18765 7036
14710 7036
167181 7036
1041 7035
241083 7034
31984 7032
6738 7032
72284 7031
166935 7031
57305 7028
15889 7027
10655 7024
18779 7024
7864 7023
12726 7020
50585 7018
157896 7017
51008 7016
14118 7016
18856 7015
13491 7012
168763 7011
37242 7010
45454 7008
171573 7007
30333 7006
21168 7006
6931 7003
7899 7003
6795 7002
11010 7001
16419 7000
14299 6998
69101 6991
12617 6991
241853 6990
747 6990
18271 6988
26612 6988
10000 6986
5199 6986
1475 6983
6338 6981
12613 6981
6596 6981
8902 6980
30539 6979
3245 6978
11821 6978
38408 6977
38637 6977
42903 6977
5228 6976
21534 6975
18702 6975
8433 6975
19929 6975
42382 6974
84946 6974
10509 6974
8997 6973
6126 6972
5780 6970
1026 6968
7305 6967
7945 6966
237812 6966
7732 6964
2875 6960
231772 6960
15427 6957
58567 6957
6109 6955
2913 6954
13721 6954
176906 6952
88166 6951
35057 6949
2750 6949
16491 6947
4659 6946
2471 6946
14982 6945
2731 6942
38823 6942
14174 6939
3420 6938
9778 6937
15662 6937
10623 6936
36437 6936
3278 6933
22839 6933
6568 6932
1721 6924
1096 6923
30543 6923
3127 6923
30396 6923
36785 6923
33140 6920
12526 6917
14705 6917
21745 6917
33831 6917
75320 6917
65611 6916
4652 6916
23099 6914
153429 6913
68061 6912
39654 6911
24236 6910
54217 6910
56485 6909
4664 6908
28191 6908
155469 6907
67565 6907
1780 6906
20906 6906
17556 6906
15511 6902
15393 6902
13173 6902
13438 6901
57061 6900
27141 6899
16944 6899
25148 6899
3722 6896
25126 6895
35635 6892
7108 6890
3814 6890
41521 6889
16540 6888
38358 6888
23025 6887
31249 6887
20250 6886
151376 6884
2937 6884
74537 6883
22524 6881
2418 6879
9607 6878
11541 6877
38888 6877
8420 6876
8470 6876
54099 6876
9447 6873
175325 6873
2203 6873
18244 6873
17439 6871
7070 6871
30533 6869
42159 6868
176051 6867
13523 6866
56293 6866
11007 6866
8117 6865
57054 6865
16876 6862
19717 6860
14980 6856
15361 6853
26257 6850
38192 6850
9319 6850
14810 6848
47351 6847
44505 6846
8737 6846
10298 6846
54248 6845
37129 6844
17795 6844
68295 6840
36597 6840
54871 6839
5976 6839
5866 6838
14479 6837
11218 6837
8451 6835
20311 6833
22546 6831
13427 6830
74681 6830
21719 6830
7712 6830
91986 6828
4217 6826
76793 6825
24379 6821
7544 6820
20318 6818
10934 6817
45627 6816
20306 6815
15784 6812
166683 6810
37088 6809
12832 6807
38981 6807
30155 6806
231071 6806
78991 6805
22296 6805
46310 6804
49810 6803
11126 6802
37714 6800
17206 6800
4600 6797
14944 6796
231995 6795
50326 6792
10445 6788
3505 6787
1975 6787
38897 6786
19949 6785
24119 6784
19214 6784
83735 6781
23681 6781
37169 6780
6211 6779
3779 6776
14928 6775
11845 6772
15341 6771
29554 6771
13673 6770
9602 6770
21314 6767
19350 6766
18713 6764
154741 6760
59752 6758
10166 6758
27734 6749
1196 6749
54134 6749
233694 6748
6098 6747
6311 6747
7468 6745
27987 6745
8298 6745
17534 6744
60680 6743
5937 6743
3623 6742
1101 6741
3105 6738
1547 6738
13208 6738
68117 6736
1556 6736
82615 6736
237696 6735
13176 6733
2275 6733
5333 6730
11181 6729
2922 6729
1339 6726
4519 6726
13895 6725
28627 6724
227348 6723
2900 6721
38961 6719
210711 6719
22054 6717
63799 6717
13817 6717
16150 6714
18191 6714
35832 6714
3251 6708
2021 6704
10341 6704
74988 6701
2856 6698
17175 6698
15181 6698
3631 6696
18850 6695
95091 6695
13818 6693
23895 6693
9651 6690
65549 6689
28254 6687
4627 6687
12187 6685
49296 6685
22857 6685
7130 6684
10382 6684
3273 6683
26900 6683
49471 6683
910 6680
14315 6679
2686 6677
76388 6677
29903 6673
43551 6673
13412 6673
227271 6672
15272 6671
13669 6671
6273 6670
181583 6668
10484 6668
21084 6666
237949 6666
31142 6665
5612 6665
37212 6663
23966 6663
9494 6661
8799 6661
10832 6661
30035 6661
18283 6660
9173 6659
85573 6658
55798 6653
27595 6652
196934 6652
75663 6651
22165 6650
74855 6648
24577 6646
45834 6646
9324 6646
6979 6646
32783 6646
9603 6645
15706 6644
23261 6644
39930 6643
4404 6642
25109 6641
6648 6641
9076 6641
29573 6640
28599 6638
45899 6635
14335 6635
36064 6634
1592 6633
8044 6633
23507 6633
16147 6632
48862 6632
16757 6631
160488 6629
14764 6626
33539 6625
167800 6623
4043 6622
32319 6622
65016 6622
40825 6622
16248 6622
33793 6621
19334 6620
13068 6619
11008 6619
33286 6618
11178 6617
236844 6617
3258 6614
20465 6611
10035 6611
50750 6611
17363 6609
11378 6607
52551 6607
47105 6605
42152 6605
2823 6604
10957 6603
27680 6602
6177 6602
58276 6602
60719 6601
15906 6600
15777 6600
6214 6599
21126 6598
23386 6598
25111 6598
4173 6596
22301 6592
22070 6591
9221 6590
26096 6588
12928 6588
60640 6588
75582 6586
44528 6586
45326 6582
21234 6582
58231 6582
1908 6581
21520 6581
9842 6580
22633 6579
33989 6578
5405 6575
233253 6575
39315 6574
17315 6573
19471 6573
13876 6571
18049 6570
43908 6570
9254 6569
1129 6568
11062 6564
27016 6564
29893 6563
45178 6563
28641 6561
1218 6561
2615 6560
26878 6560
23598 6558
4708 6557
22551 6557
7495 6556
17055 6555
7524 6554
73752 6553
57491 6552
5175 6551
6614 6550
11691 6548
32866 6548
14334 6547
22958 6547
78312 6546
21675 6546
28639 6543
43138 6541
14103 6540
6235 6540
73630 6539
24526 6538
33367 6535
7325 6532
10219 6532
168605 6532
78234 6526
53834 6525
28739 6525
32194 6525
33826 6523
12672 6521
13643 6521
9364 6521
35909 6520
4089 6520
10249 6520
212512 6519
26949 6519
234799 6518
12669 6516
21561 6515
7135 6515
29617 6513
6556 6513
1128 6511
21261 6511
10552 6510
229673 6507
34366 6507
27396 6503
6403 6503
36758 6502
8648 6501
165439 6498
239234 6498
8095 6497
228121 6495
7210 6494
7761 6494
13260 6494
4122 6493
202205 6492
41889 6491
51338 6491
10015 6488
58320 6485
17498 6481
5522 6481
9460 6480
49120 6479
30030 6477
5571 6476
33732 6476
223866 6476
2032 6475
213866 6470
30670 6470
90948 6470
244117 6469
192021 6468
15731 6467
210584 6467
19263 6467
1678 6467
63029 6467
23631 6465
37285 6465
6070 6464
18922 6464
23985 6462
63456 6461
966 6461
37774 6460
41564 6459
9642 6459
27088 6458
22757 6457
11164 6455
1681 6454
35944 6453
29145 6451
10949 6450
8448 6450
27832 6448
23850 6447
29082 6446
1684 6445
180282 6445
25858 6444
3949 6443
12426 6441
23129 6440
8759 6440
24284 6438
893 6438
202141 6435
26472 6434
2001 6433
27770 6432
13870 6430
617 6430
26657 6430
27976 6430
66536 6430
69517 6430
25423 6429
20182 6428
236955 6427
3013 6427
192980 6426
26454 6424
88047 6422
3998 6421
10615 6420
53880 6420
82980 6420
90048 6420
25171 6419
5407 6418
172583 6417
19342 6416
7128 6416
1656 6416
178457 6415
2909 6414
158639 6414
13022 6413
90854 6411
35355 6411
1686 6410
30863 6409
1896 6409
200210 6408
22676 6407
19545 6404
31579 6404
46393 6404
80215 6404
11655 6403
61782 6402
3844 6402
20459 6402
27393 6401
15135 6400
5271 6400
13626 6400
25848 6399
8199 6399
12163 6398
60637 6397
21621 6397
86272 6397
24167 6397
30949 6396
192572 6396
242791 6395
67017 6389
2055 6389
13004 6388
12197 6388
232322 6388
12937 6388
40591 6385
6207 6384
9716 6383
49370 6379
15522 6375
58905 6374
17245 6373
9540 6373
11363 6373
14931 6372
46206 6369
37514 6369
3713 6369
58400 6368
18042 6367
22777 6364
51119 6363
7110 6360
42389 6359
39429 6358
54683 6358
84068 6357
53485 6356
43124 6355
43850 6355
18514 6354
16335 6352
10930 6351
28754 6350
50867 6350
203957 6349
12661 6348
55786 6347
52290 6347
22041 6345
9953 6345
17583 6345
37036 6344
47477 6343
162448 6342
2968 6342
5523 6339
11316 6333
155117 6332
181462 6332
43134 6332
20599 6331
6464 6329
27577 6328
32652 6328
14935 6327
11804 6327
54538 6326
95149 6326
33652 6325
12621 6324
19570 6324
181488 6322
37568 6319
15795 6318
28829 6315
82319 6314
7444 6313
22466 6312
9215 6311
3138 6311
69716 6311
13806 6310
51350 6309
83901 6307
49422 6307
46385 6307
218854 6306
1956 6304
16111 6304
25122 6303
15010 6302
54737 6301
93207 6301
2929 6300
7078 6298
25165 6298
6532 6298
44402 6298
4273 6297
65163 6295
60408 6293
9285 6292
11006 6290
15142 6290
43086 6289
29607 6288
14817 6288
19548 6288
10457 6288
55169 6287
15338 6286
35927 6285
10431 6285
12322 6284
11073 6283
20653 6282
12636 6281
2959 6279
14905 6279
13245 6279
41804 6279
18772 6278
32258 6278
65411 6278
180700 6274
59493 6274
36762 6274
43718 6273
8818 6273
10289 6272
23070 6272
755 6271
34075 6271
9840 6271
45529 6270
14250 6268
70728 6267
30253 6265
34780 6262
8302 6261
2134 6261
48995 6261
43873 6260
41179 6259
41260 6259
9268 6259
13069 6257
25493 6256
20444 6255
4325 6254
3388 6252
34139 6250
61432 6250
1962 6249
43041 6249
7391 6247
21389 6247
87160 6247
39021 6247
34171 6247
73513 6247
80592 6247
85202 6247
9452 6246
42176 6245
74348 6243
3374 6243
40940 6243
185705 6242
212825 6242
53258 6239
17177 6239
13458 6238
4060 6237
41416 6235
17852 6235
5451 6234
9598 6233
29748 6233
15346 6233
160422 6233
29696 6232
7919 6231
22114 6231
33632 6231
57233 6231
68057 6230
47866 6229
23260 6229
24840 6228
9846 6226
40392 6226
13731 6225
21067 6223
1227 6223
17225 6222
20737 6220
12391 6220
41013 6218
32354 6217
14031 6217
25216 6217
50078 6217
15833 6216
16431 6215
13898 6213
14432 6212
4840 6211
5139 6210
46814 6208
24635 6207
25284 6202
48400 6201
9100 6200
232371 6200
237265 6198
10698 6198
10039 6197
10580 6197
8471 6196
33621 6194
85116 6194
31481 6194
8937 6193
41163 6193
19873 6192
236462 6190
175467 6189
13393 6188
37298 6188
39539 6186
43127 6186
76908 6186
1520 6184
27327 6184
1565 6182
165461 6178
1187 6177
36352 6177
4542 6177
95116 6176
179407 6175
46866 6174
62674 6173
39018 6172
22439 6169
818 6169
6574 6165
4344 6163
45997 6163
33883 6162
44395 6162
83581 6162
19008 6161
7041 6161
2173 6159
5299 6158
8106 6157
29074 6157
11719 6154
7272 6154
23379 6151
9883 6151
61299 6150
31868 6149
83672 6148
19137 6147
30621 6147
88656 6146
21649 6146
30895 6146
18305 6145
17724 6144
12250 6144
16317 6143
6125 6141
32751 6140
46487 6138
70978 6137
19096 6136
84674 6136
10425 6136
65342 6136
44559 6136
14018 6135
848 6134
15529 6133
3879 6132
39585 6132
1240 6131
19872 6129
32974 6128
64487 6128
13504 6127
42717 6126
78194 6126
18545 6126
70523 6125
59560 6124
5485 6124
12868 6123
8897 6123
4902 6122
19979 6120
27519 6118
17147 6116
47425 6116
25289 6115
10964 6115
1286 6115
2541 6113
32036 6111
86684 6110
18349 6110
202281 6107
13525 6105
20868 6105
21658 6104
15574 6103
44357 6102
23104 6100
92290 6100
73874 6099
1225 6097
12119 6095
23515 6095
13773 6095
180685 6094
30731 6092
155220 6092
12611 6092
3423 6092
69235 6091
1034 6091
67647 6089
92019 6089
64644 6088
37334 6086
29096 6086
7581 6085
13128 6083
8687 6080
33763 6078
50997 6077
56140 6077
75309 6077
4309 6077
11376 6075
12671 6075
242306 6074
67407 6072
68453 6072
7897 6072
217315 6070
62930 6069
12244 6069
16025 6068
57166 6065
9028 6065
33101 6064
71395 6062
4005 6060
50920 6060
77237 6059
16637 6058
231927 6058
65704 6056
1805 6054
17077 6054
42714 6054
26707 6053
18991 6053
79540 6053
193808 6053
6457 6051
4832 6050
8192 6050
63851 6049
17742 6048
74594 6045
1031 6044
7387 6044
53720 6044
69033 6044
83648 6044
16980 6043
1651 6043
8457 6042
22191 6042
17914 6041
67728 6041
68366 6041
71499 6041
238421 6038
29760 6038
52429 6038
88855 6037
24876 6037
22134 6036
20665 6036
36794 6035
3328 6034
23917 6034
12097 6033
9809 6032
5938 6031
69364 6029
8563 6028
7359 6028
22555 6028
12046 6027
12169 6027
79701 6024
163013 6024
8728 6024
27758 6024
71528 6024
32382 6022
4144 6021
11318 6021
23380 6018
243560 6017
15226 6017
20858 6017
40897 6017
59805 6017
19611 6017
36842 6014
51973 6014
67594 6014
48657 6013
73664 6012
14009 6011
83613 6008
10601 6007
91555 6005
7353 6004
30885 6004
22738 6003
57510 6002
234200 6002
237895 5999
12514 5998
20128 5998
190508 5998
95662 5998
47378 5997
92632 5995
16536 5993
16178 5992
9064 5990
27803 5985
58655 5984
32301 5984
9190 5984
10711 5984
23805 5984
26990 5983
18223 5982
42234 5980
3651 5980
26432 5979
13048 5978
76528 5978
54639 5977
3650 5974
5572 5974
43014 5974
47332 5973
7493 5973
7467 5973
7107 5972
15881 5972
5953 5970
10853 5970
29358 5970
22385 5970
62624 5968
67657 5968
14458 5968
44933 5966
31083 5966
16911 5965
92960 5965
41642 5964
23117 5964
3179 5964
3067 5964
44926 5964
11305 5964
36760 5963
12266 5963
65853 5962
11765 5959
44736 5958
52173 5956
61169 5956
13434 5956
10878 5954
18139 5954
662 5954
10553 5954
15995 5954
6280 5953
45890 5953
11550 5952
23298 5951
191839 5950
30237 5949
13936 5949
33887 5949
45815 5944
88709 5944
14152 5943
41009 5943
44572 5943
1569 5943
78249 5942
18394 5942
92517 5942
20383 5941
31736 5940
10408 5940
7516 5939
88997 5939
71897 5938
17836 5935
19518 5934
16935 5934
23093 5934
10123 5933
175990 5933
204946 5932
35889 5932
53404 5932
84409 5932
157218 5932
2795 5928
15513 5928
22800 5928
4256 5927
4567 5926
27521 5924
38617 5923
9831 5923
21604 5923
59670 5923
74012 5923
83485 5922
12331 5921
9593 5921
83309 5920
199921 5918
9585 5918
42296 5918
200637 5916
1945 5916
16545 5915
84401 5914
5505 5912
73468 5912
28404 5910
34470 5909
13413 5909
80381 5908
14417 5907
19839 5907
10680 5907
10207 5906
61430 5903
9817 5902
30451 5902
77663 5901
15473 5899
18939 5898
22127 5898
21993 5897
38597 5897
10144 5896
68650 5896
83550 5896
12401 5894
28352 5894
26055 5893
74403 5893
15636 5893
81369 5892
11059 5892
84477 5892
4045 5891
28941 5891
74951 5889
22279 5889
15275 5885
58768 5884
58083 5884
86619 5884
53228 5883
969 5882
61411 5882
55723 5875
1173 5874
24816 5874
16311 5873
77470 5872
61787 5871
82369 5871
90011 5871
197005 5871
9786 5869
19572 5867
243512 5866
2348 5865
17132 5865
74344 5864
11205 5864
8952 5863
13452 5863
11454 5860
9777 5858
8707 5858
11106 5857
16357 5857
216255 5854
22512 5853
12766 5852
13050 5852
16788 5851
9551 5851
11513 5851
15896 5847
20770 5847
31480 5846
9108 5846
218784 5846
17210 5844
16379 5844
12480 5842
58286 5842
3914 5841
37586 5840
29386 5840
16463 5840
37540 5837
13001 5837
15688 5837
220348 5833
10232 5833
3392 5829
9098 5827
8949 5825
37570 5824
50115 5822
15752 5822
32872 5821
60814 5821
86622 5821
7771 5821
8678 5820
14094 5818
15956 5818
25276 5818
17657 5816
228264 5815
6398 5815
14865 5815
4775 5814
12444 5814
76532 5813
12506 5812
16580 5812
1693 5811
1774 5811
8494 5810
1251 5809
167468 5808
5541 5806
93952 5806
2998 5804
10897 5802
2303 5801
26177 5801
22033 5800
14327 5798
3803 5798
12478 5798
18533 5797
5219 5793
23762 5793
29094 5792
41984 5791
76498 5791
15843 5790
26879 5790
18769 5789
39352 5788
153373 5788
53019 5788
1875 5788
1334 5786
4686 5785
15097 5783
18913 5783
26775 5782
9696 5782
24554 5782
5291 5781
11733 5781
23361 5781
8663 5779
6248 5779
42149 5776
15579 5774
8413 5771
5473 5771
6995 5769
31369 5769
15394 5768
32208 5767
4205 5766
13661 5766
13762 5763
52836 5760
76018 5760
27840 5760
9114 5760
19122 5759
26659 5759
16315 5759
18608 5759
187558 5758
26398 5757
24331 5753
237532 5751
18952 5750
6030 5750
223569 5750
1474 5749
33145 5747
41361 5746
32453 5746
53573 5745
1924 5744
177218 5742
32665 5740
164005 5739
16701 5739
57799 5737
26887 5737
66514 5735
193928 5735
10621 5731
30747 5730
22394 5729
4929 5729
22732 5724
1057 5723
30954 5723
44257 5722
62937 5722
28812 5721
33142 5721
10217 5721
75236 5721
22775 5720
217866 5717
59733 5716
70967 5711
14459 5711
43788 5711
9411 5710
29239 5710
20616 5708
7716 5708
16732 5708
35938 5707
210225 5707
19773 5707
233393 5707
14385 5706
31410 5705
10405 5705
50225 5704
13038 5704
17878 5704
4846 5701
11390 5701
16728 5700
12523 5700
15700 5696
4211 5694
4230 5694
3190 5692
14575 5691
10325 5691
18168 5691
71664 5687
9586 5686
14995 5686
217444 5686
25385 5685
10365 5685
216272 5683
14884 5681
8870 5681
2990 5680
165647 5679
18626 5679
39712 5677
61288 5676
24760 5676
22561 5673
215332 5673
20267 5671
4447 5669
1802 5669
28767 5667
4890 5665
13138 5664
15521 5664
35538 5663
18320 5662
14868 5662
35725 5661
64203 5661
10314 5659
40640 5658
15484 5658
7728 5654
6817 5654
5517 5651
20655 5651
40032 5650
78230 5650
57712 5649
12351 5646
24023 5646
13607 5645
221537 5645
13699 5644
5472 5644
219606 5643
14322 5642
14642 5642
3701 5642
49113 5641
30456 5637
21955 5637
85346 5636
2206 5635
16058 5633
7569 5632
79216 5632
5716 5631
12420 5631
45342 5631
35922 5631
8040 5631
12090 5631
92320 5630
33921 5629
31799 5629
9655 5626
38412 5626
8164 5625
18866 5622
11447 5622
928 5621
10266 5620
25339 5618
34071 5618
49776 5618
6245 5616
28721 5616
4977 5615
39942 5615
13608 5615
12630 5613
19411 5613
26566 5611
185356 5610
21197 5608
43265 5607
10654 5607
24246 5606
38515 5605
180225 5604
26089 5604
5327 5602
218618 5602
41341 5601
2626 5599
18009 5598
26893 5598
10113 5598
30814 5597
20542 5597
42756 5596
38208 5595
12149 5594
31688 5594
3539 5592
3192 5592
1937 5591
91170 5590
26275 5588
26223 5585
75997 5584
95069 5583
5882 5583
22822 5583
17157 5582
25797 5580
15030 5580
10199 5580
5386 5578
30909 5578
5487 5575
32524 5575
1258 5571
5727 5570
1333 5569
18507 5569
6114 5567
10977 5565
11277 5563
11158 5562
7587 5558
9201 5557
13067 5557
49623 5551
2484 5550
17689 5549
20629 5548
11603 5548
6320 5548
1832 5547
2459 5547
8478 5547
19772 5547
52602 5546
30773 5546
8121 5545
8335 5541
10861 5541
6750 5540
10756 5540
11786 5538
1014 5538
42972 5536
12365 5535
38684 5532
21322 5531
226655 5531
12356 5531
238440 5530
12942 5529
54757 5528
221948 5528
10050 5528
23470 5527
13449 5521
20554 5520
25881 5520
3319 5519
14534 5517
14631 5516
8767 5515
6985 5514
21354 5514
22263 5512
34320 5512
25729 5512
219229 5511
18398 5511
21371 5510
6803 5510
28217 5509
1868 5508
200133 5505
35102 5505
164055 5504
8079 5502
5303 5501
13987 5500
2595 5499
17240 5498
29832 5498
84836 5497
218021 5494
7061 5494
40290 5493
2738 5489
2442 5486
12031 5486
25988 5485
14691 5484
22136 5481
40731 5480
25429 5480
2904 5478
17065 5478
20254 5477
24911 5476
35360 5476
5266 5475
10616 5475
1090 5473
12192 5473
44901 5473
22276 5472
79870 5471
67459 5470
28731 5470
26768 5468
29158 5467
14912 5467
19040 5467
5227 5465
27952 5465
59386 5462
30825 5461
241032 5461
12168 5460
8591 5460
30623 5459
35529 5456
58511 5456
6645 5456
22767 5453
25800 5451
71318 5449
33093 5447
72066 5446
73991 5446
208888 5444
15867 5443
192571 5442
9421 5440
33488 5438
4002 5438
21662 5437
23864 5437
19998 5437
36039 5437
18148 5436
22471 5435
3289 5435
16187 5435
8502 5435
8486 5433
8155 5433
20044 5431
9492 5430
38647 5430
14247 5428
3225 5425
7263 5424
3065 5419
23409 5419
2996 5419
5304 5418
83138 5418
4911 5417
20367 5416
18195 5416
607 5414
1714 5414
9303 5411
21189 5410
7268 5408
28714 5408
2084 5408
26155 5407
12828 5407
198517 5407
33129 5406
40751 5406
39799 5406
14572 5404
28644 5402
9124 5401
36182 5401
25570 5400
8243 5400
23533 5399
18157 5398
65765 5397
213565 5397
36478 5396
11995 5395
6241 5395
22372 5395
14517 5394
81014 5394
8893 5393
225697 5392
166997 5388
5136 5385
5868 5385
11015 5385
48959 5385
10258 5384
20874 5384
17605 5382
17935 5382
10840 5382
6621 5380
11999 5380
47563 5377
59127 5377
7877 5375
6217 5375
12933 5374
72983 5373
6528 5372
45269 5371
35296 5371
14193 5370
4675 5369
3276 5368
6962 5367
172909 5367
41962 5367
168315 5366
12813 5365
18131 5365
11366 5365
203663 5364
27910 5364
5968 5364
7117 5362
3860 5362
76512 5361
13477 5360
4180 5358
5745 5357
8037 5356
4475 5355
29030 5355
151800 5354
2789 5353
76187 5353
69543 5352
14577 5352
15963 5350
17637 5350
21863 5350
21860 5350
6232 5348
6879 5348
90710 5347
20654 5347
21711 5345
8055 5345
9645 5345
84209 5345
3736 5344
10062 5344
19095 5343
32471 5341
19449 5340
24423 5340
1136 5340
23047 5339
22268 5337
40937 5335
13290 5335
77517 5333
44458 5333
33118 5332
14287 5332
34738 5332
6167 5332
1871 5331
6323 5329
35542 5328
41853 5328
34019 5328
32594 5328
21310 5326
15269 5326
160668 5326
15715 5326
17970 5325
11325 5324
41575 5324
12037 5319
73048 5318
768 5318
3796 5318
11141 5318
13889 5317
14229 5316
11985 5316
11453 5316
30406 5314
61274 5314
43753 5310
237888 5306
1999 5306
7178 5305
9146 5304
27984 5302
4682 5299
16570 5298
218551 5297
23274 5296
31304 5296
26808 5296
211436 5295
18176 5295
40166 5295
90763 5295
2908 5294
42514 5294
15425 5293
12490 5293
33001 5291
39049 5291
30357 5290
60342 5290
18685 5289
26110 5289
94118 5289
2992 5288
29666 5288
29680 5288
15686 5287
166569 5286
2346 5286
59315 5286
5031 5285
28786 5284
1944 5283
11086 5282
35185 5280
23689 5280
26469 5280
17703 5280
3081 5277
37247 5277
15043 5276
7185 5275
22499 5275
43090 5274
10752 5273
14586 5273
8671 5273
6170 5272
13424 5271
9894 5271
15555 5270
236226 5270
23751 5268
209933 5267
18504 5267
1730 5267
188252 5265
11606 5264
82025 5264
6425 5263
27354 5263
11680 5263
19565 5263
7714 5263
4765 5263
12259 5263
2475 5262
1352 5262
9522 5262
9569 5261
7450 5260
16145 5259
7032 5259
13634 5258
3407 5257
6322 5254
86602 5253
9677 5253
7757 5253
158496 5253
30651 5252
89352 5250
10903 5247
16782 5247
1986 5244
218119 5243
2571 5243
5755 5243
24062 5242
19743 5241
11248 5241
23747 5241
4842 5237
23449 5237
204930 5236
14717 5235
24795 5235
194421 5234
9451 5234
60322 5234
8849 5233
12604 5233
204169 5232
19101 5232
12876 5231
22608 5230
15406 5229
7082 5228
70337 5227
56071 5227
24209 5225
5330 5224
78086 5224
12678 5223
42284 5223
4269 5223
11311 5222
94450 5222
22244 5222
8087 5220
566 5220
32713 5219
17517 5219
195623 5218
19895 5217
18989 5216
27446 5216
29329 5214
25080 5214
10921 5213
21537 5213
62196 5213
2159 5212
6208 5212
18748 5210
51178 5210
27713 5210
12941 5209
5939 5208
178354 5207
6266 5207
219973 5206
18193 5205
6262 5205
15768 5204
11282 5203
9686 5203
24161 5203
78354 5203
233279 5202
28707 5200
11408 5200
12507 5198
5143 5197
50183 5197
20740 5197
40132 5196
230467 5195
32616 5195
36646 5195
43423 5194
9816 5192
18140 5192
17310 5189
8255 5186
18040 5185
33649 5185
51012 5184
11233 5184
9326 5184
219722 5183
27871 5183
21610 5183
15622 5182
15672 5182
2196 5181
19097 5181
29966 5180
45316 5180
6799 5180
2643 5179
54644 5179
5015 5177
25911 5177
232591 5177
33489 5176
29827 5175
14641 5173
94793 5171
9853 5170
14890 5170
12789 5170
7711 5170
4245 5169
22014 5169
8925 5167
87422 5167
93223 5167
3411 5166
9207 5166
9930 5165
5540 5163
58126 5163
8262 5162
23661 5162
41286 5162
17762 5161
4755 5161
14454 5160
10733 5160
11642 5160
15036 5159
20070 5159
12909 5159
11102 5157
10829 5157
15215 5154
19379 5152
21083 5152
21721 5152
16893 5152
33094 5150
50557 5148
237672 5148
63164 5148
39813 5147
31076 5147
33027 5146
20452 5144
6336 5142
3523 5141
58729 5141
230220 5140
33200 5139
29080 5138
18248 5138
193233 5137
82289 5137
49112 5137
10652 5137
16659 5134
42912 5133
3535 5133
13660 5133
75962 5133
26131 5133
164110 5128
2816 5127
12109 5127
83556 5125
15866 5124
19724 5124
11072 5124
5499 5124
24481 5123
72755 5123
41839 5123
38334 5123
48015 5122
53048 5122
75867 5122
11353 5122
75058 5122
46587 5120
1198 5119
1254 5119
85603 5118
1265 5118
14780 5118
18726 5117
6865 5116
35807 5113
196553 5113
603 5113
5690 5112
51085 5111
11272 5110
155023 5110
228056 5110
4132 5108
34382 5108
4330 5107
41042 5106
8123 5106
12240 5105
46379 5105
18085 5102
30787 5102
6529 5101
9481 5101
204278 5100
15666 5100
12375 5099
23949 5099
1374 5099
18508 5098
191314 5097
36983 5093
30491 5093
17440 5092
44456 5091
27664 5091
24319 5087
24587 5087
13613 5085
2694 5085
9986 5084
21695 5082
64258 5081
39286 5081
69452 5081
14344 5078
37665 5077
16916 5077
23016 5077
50163 5076
232567 5075
61145 5074
31607 5074
10632 5073
6108 5073
3417 5072
84040 5071
20908 5071
41268 5070
13343 5070
12279 5070
2391 5069
5712 5068
20514 5068
46460 5068
8656 5068
40478 5065
8290 5064
1130 5063
17820 5062
3195 5062
6530 5062
30382 5062
10786 5062
18660 5062
29282 5061
61126 5061
18261 5058
18911 5057
26217 5057
5736 5056
27852 5056
33847 5054
6003 5053
66364 5053
48970 5051
8837 5051
11595 5051
8500 5050
16766 5050
18240 5050
36786 5047
15414 5046
11629 5045
32378 5044
24674 5043
3472 5042
19306 5041
34015 5040
4979 5037
6064 5033
162891 5033
24249 5033
2276 5033
9520 5031
43065 5030
50752 5030
7575 5030
7884 5029
166554 5029
14498 5028
6920 5028
49197 5028
11315 5028
10886 5027
11197 5026
67294 5024
22905 5024
17415 5023
9611 5021
21025 5021
19132 5020
19868 5020
18299 5020
6542 5020
58603 5019
18662 5018
26502 5017
77064 5015
7153 5010
22828 5010
39803 5010
1700 5009
38710 5008
11585 5008
37818 5006
17967 5004
13934 5003
157554 5003
18944 5002
50202 5002
3231 5002
58641 5001
4582 5001
14973 5000
7694 5000
2060 4999
2486 4999
28699 4998
18676 4998
25593 4998
46228 4997
6474 4996
12624 4996
15704 4994
13047 4993
10941 4992
16436 4992
47341 4991
10875 4989
12803 4989
13893 4989
19516 4989
7208 4989
13462 4988
5940 4988
2155 4988
14133 4988
38486 4987
9948 4987
3970 4984
11654 4984
18656 4984
42728 4981
174580 4981
33602 4979
8535 4979
19169 4976
94971 4975
1513 4974
28109 4974
13781 4972
18103 4971
26785 4970
14066 4970
15846 4969
17523 4969
30930 4969
34558 4969
93895 4969
10534 4969
6588 4967
28932 4967
34319 4966
24060 4966
17546 4966
4972 4966
8228 4965
27073 4964
10932 4963
209886 4963
17229 4962
91364 4962
223906 4961
50023 4961
36691 4959
43645 4959
21999 4958
86616 4958
18369 4957
20340 4956
9078 4956
4262 4954
94320 4954
35226 4953
11587 4953
20624 4952
44903 4951
3083 4950
1913 4949
51880 4949
8588 4949
12806 4947
94692 4947
189221 4946
34546 4945
48002 4943
13698 4943
79957 4942
94370 4941
20667 4941
48478 4941
27574 4939
54529 4939
12427 4938
50559 4937
11125 4936
19373 4936
23437 4936
83285 4935
41952 4935
5519 4934
29892 4932
4805 4929
6811 4929
8892 4929
12300 4929
18895 4929
25103 4929
16303 4929
18432 4929
30817 4929
14849 4928
21002 4928
3580 4928
18351 4928
151843 4928
66107 4925
44647 4924
18423 4923
7127 4923
2190 4921
5182 4920
54985 4919
15659 4919
35780 4919
27335 4919
5671 4918
73574 4917
11974 4916
52827 4916
22882 4914
3092 4914
53761 4910
14276 4910
18149 4909
90654 4909
202295 4908
24194 4908
11302 4908
22809 4907
42344 4904
6447 4903
42118 4902
80624 4902
13505 4902
3662 4901
58476 4900
86704 4900
17974 4900
13498 4899
16610 4899
66135 4899
11185 4899
206343 4899
17932 4898
62337 4898
18097 4897
26137 4896
44989 4895
13570 4894
214092 4894
10388 4893
39411 4892
3064 4890
25457 4889
67921 4888
8924 4887
13528 4887
13469 4886
40152 4885
38531 4884
7540 4883
51809 4883
14488 4882
231212 4882
43752 4881
7553 4881
34403 4880
5400 4880
28936 4880
21738 4879
14471 4879
5394 4876
49287 4876
228180 4876
12106 4875
14144 4873
10498 4873
26170 4873
6095 4873
20066 4872
10032 4872
15199 4871
238023 4871
1624 4871
35967 4870
7822 4869
6903 4869
7834 4869
65740 4868
8013 4868
23371 4868
34135 4868
195300 4868
213703 4865
16706 4865
225250 4865
8468 4863
4638 4863
6142 4862
13535 4860
10184 4859
754 4859
21112 4858
35716 4857
25057 4856
11472 4856
19403 4856
15006 4854
7485 4853
13316 4853
63520 4852
166392 4850
38507 4848
9890 4848
50642 4848
20660 4848
19280 4847
10755 4846
28649 4845
79963 4845
194396 4845
25043 4842
12649 4841
28895 4839
23168 4839
166842 4838
7080 4838
19020 4836
14365 4834
86498 4832
34388 4832
6033 4832
14749 4831
4982 4830
15235 4830
27601 4829
67076 4829
1443 4829
62861 4828
8016 4827
27362 4827
30470 4827
48833 4827
3682 4827
6140 4827
2412 4825
83546 4825
24425 4823
28241 4823
3909 4822
49720 4820
7918 4820
22217 4819
25790 4819
15874 4818
51783 4817
72981 4817
84342 4815
18233 4814
47547 4809
7004 4809
34902 4809
82628 4807
36944 4807
17638 4805
6489 4803
6589 4803
79752 4802
20922 4802
16413 4802
48879 4802
244508 4801
19577 4800
16917 4799
71878 4799
32376 4798
21692 4798
2106 4796
26074 4795
3965 4795
6554 4795
1940 4794
19920 4793
18718 4793
12811 4791
54866 4789
74639 4788
38228 4788
199377 4788
1192 4788
58635 4788
10644 4787
7155 4787
10447 4787
23868 4785
171546 4785
10937 4784
22998 4784
31788 4784
27968 4783
16513 4783
29998 4783
7977 4782
46369 4781
14436 4779
7839 4779
53312 4779
23195 4778
17899 4777
68672 4777
91493 4777
24092 4776
60922 4776
18060 4775
20162 4772
188361 4771
39586 4771
8241 4769
91937 4767
34415 4767
10302 4767
22826 4767
54247 4767
35590 4766
184544 4765
7028 4763
17991 4762
60993 4762
11727 4761
10751 4761
177722 4758
182110 4757
18156 4757
25716 4756
233060 4756
244381 4755
42481 4754
6238 4753
48114 4753
14362 4752
12282 4752
82586 4749
15403 4748
34535 4746
10770 4746
11746 4746
47343 4744
17799 4744
4678 4744
13761 4744
3778 4743
53971 4742
15449 4740
12863 4740
11347 4739
8464 4738
9512 4738
14135 4737
19387 4736
23263 4736
55769 4736
68783 4736
88308 4736
4448 4735
7303 4734
36972 4733
4920 4732
33382 4732
18318 4732
37331 4731
48804 4731
42303 4730
26926 4729
20129 4729
761 4729
59040 4729
26226 4728
23986 4726
14270 4725
60935 4725
17827 4725
35184 4722
12253 4722
56405 4722
11030 4721
47584 4721
22911 4720
22900 4720
14255 4719
226321 4717
1537 4717
3822 4717
30223 4716
88456 4716
20658 4715
19168 4714
27568 4714
34575 4713
5717 4711
167708 4710
66291 4710
7535 4708
89867 4708
15194 4706
20160 4706
13605 4705
86570 4705
28996 4704
9666 4704
3243 4703
24385 4701
165711 4700
237548 4700
5163 4699
94663 4699
12665 4699
24086 4699
37223 4699
8145 4696
28169 4696
17463 4696
58981 4695
1890 4694
233678 4693
8127 4693
14522 4692
15838 4692
16765 4691
3819 4690
2983 4690
51253 4689
62116 4689
20165 4688
11286 4687
4001 4685
18682 4684
5008 4684
7559 4684
17982 4683
12555 4682
52088 4682
91896 4682
12931 4681
29134 4680
19072 4680
65157 4680
4796 4678
11135 4677
63854 4677
43822 4677
74720 4677
5414 4676
10731 4676
12888 4676
13750 4676
204203 4675
11428 4674
206252 4674
20114 4673
5464 4673
17701 4671
38906 4671
10411 4670
212518 4670
10284 4670
9722 4669
11823 4669
19697 4668
18725 4668
11516 4666
28755 4665
48072 4665
59632 4665
90409 4665
27502 4665
33300 4665
20438 4664
4313 4664
2052 4663
15862 4662
29437 4662
6281 4660
47260 4660
6705 4660
24982 4659
25119 4659
27657 4657
15210 4656
27406 4655
33667 4655
17458 4655
26260 4655
10959 4654
29967 4653
28513 4651
1731 4650
41706 4649
5379 4649
3858 4649
25907 4648
215234 4647
10142 4646
63667 4646
14206 4645
3744 4645
87960 4645
12177 4644
217734 4644
45543 4644
47357 4644
731 4641
13932 4641
13676 4639
16439 4639
232639 4639
79396 4638
14371 4636
20470 4636
8659 4635
13388 4634
12980 4633
24110 4632
9833 4631
6006 4630
16818 4629
43927 4628
22841 4627
21912 4627
16262 4627
174640 4627
4168 4627
3375 4626
5666 4626
18600 4626
24109 4625
30561 4625
57003 4625
1011 4625
23061 4621
239179 4621
15892 4620
8345 4620
4996 4619
87161 4619
4442 4618
86381 4618
4575 4617
7432 4617
3661 4616
10970 4616
21252 4615
16030 4615
5317 4614
22602 4614
25391 4614
37641 4613
48856 4613
23886 4610
67465 4610
21300 4609
940 4608
67770 4608
8712 4608
14177 4608
33191 4606
7678 4604
16065 4604
3760 4603
7407 4603
68250 4603
2688 4603
162254 4602
10811 4600
40302 4600
17830 4600
172830 4599
48826 4599
30477 4597
18408 4594
76698 4594
16144 4594
11132 4594
5506 4593
5725 4592
12315 4590
13379 4589
19501 4589
156095 4589
2320 4589
15982 4587
47392 4586
25534 4586
26783 4586
12558 4585
192406 4585
8443 4584
35859 4582
3601 4582
34261 4582
59332 4581
19820 4579
187343 4578
199568 4578
32335 4578
20790 4577
36850 4576
11322 4575
27413 4575
22999 4574
25521 4573
8697 4573
162886 4572
7520 4572
51103 4572
27707 4571
29566 4569
41650 4569
95133 4569
25045 4569
239953 4569
28495 4568
84569 4566
26354 4566
19712 4566
11360 4564
15298 4564
29681 4562
12054 4562
219859 4561
26352 4561
18403 4561
47353 4560
18631 4560
8969 4559
37630 4557
245971 4557
78285 4556
3151 4554
236354 4554
33673 4554
45978 4554
23286 4553
8639 4552
65063 4550
21933 4549
15612 4549
72805 4549
41735 4548
11435 4547
21208 4547
37820 4546
89809 4546
1186 4546
9974 4545
59085 4544
26458 4544
16904 4543
61476 4543
81189 4543
7708 4542
16235 4540
174877 4540
23098 4540
19980 4539
12856 4539
2473 4538
24758 4538
22506 4537
1793 4537
8762 4537
10984 4535
15899 4533
19226 4533
8820 4533
19189 4533
26093 4533
12452 4531
13765 4531
5318 4530
18569 4528
70019 4528
26964 4528
27189 4527
38540 4527
228752 4526
43008 4525
9175 4524
21186 4523
64146 4523
16290 4522
11079 4522
21708 4519
29535 4519
10603 4518
52785 4516
19193 4515
28882 4515
12954 4514
26382 4513
14465 4513
34395 4513
86418 4513
7345 4513
40813 4513
42959 4511
18053 4510
14873 4510
12248 4509
2056 4509
15592 4509
3247 4509
27538 4508
47628 4508
31719 4507
25832 4506
25710 4506
11490 4506
10189 4505
9559 4505
35945 4504
39380 4503
19001 4502
29689 4500
22672 4500
14448 4499
7052 4498
24443 4498
31969 4497
10686 4497
14442 4495
23041 4494
75899 4494
71647 4493
21461 4493
26268 4493
18749 4492
56246 4492
24642 4492
2160 4492
24631 4490
1135 4490
18887 4488
14913 4488
39737 4487
7859 4486
2723 4485
22733 4484
65220 4484
2476 4483
84601 4483
27602 4483
17009 4481
19347 4481
166924 4479
24197 4479
2284 4476
38865 4476
20016 4476
58193 4475
23424 4475
8482 4474
232086 4473
240998 4473
67826 4473
7098 4472
17169 4472
23618 4471
11114 4471
33431 4470
12226 4468
217764 4467
7211 4467
181172 4467
28279 4466
23442 4465
65691 4464
46446 4463
241371 4463
3829 4463
13140 4462
23954 4462
58807 4462
3896 4462
2379 4460
5816 4460
2953 4460
12761 4460
27301 4459
20002 4458
1115 4456
28064 4455
29449 4455
7843 4455
3795 4454
41605 4453
5830 4453
4462 4452
44549 4452
30701 4451
14791 4451
33945 4451
13422 4451
18330 4449
44275 4448
61484 4447
10939 4447
41233 4446
8327 4446
17488 4445
5249 4444
21061 4444
65601 4443
14762 4442
6298 4442
20447 4442
58021 4440
18255 4440
60868 4440
16242 4440
10435 4439
11210 4439
17292 4439
34110 4438
30064 4438
47091 4438
52450 4437
72244 4437
29122 4437
13888 4436
17606 4433
22812 4432
35383 4432
8359 4432
3854 4431
15572 4431
42905 4430
11173 4429
15957 4429
66352 4429
45472 4427
29623 4427
9649 4427
1826 4424
7371 4422
40381 4422
69179 4420
2123 4420
11523 4420
31238 4420
1959 4419
7546 4418
9885 4416
13749 4416
184196 4416
19500 4415
11310 4414
21846 4413
15153 4413
23922 4411
74582 4410
231894 4409
7199 4409
59433 4409
17070 4408
18527 4408
21010 4408
21815 4408
18252 4408
167054 4407
20409 4407
201179 4406
9168 4405
3732 4405
243319 4404
21264 4404
29167 4404
13196 4403
55771 4403
20269 4403
8761 4402
21312 4402
5083 4401
209147 4401
52967 4401
47241 4400
76591 4399
19043 4399
8624 4399
198883 4398
31819 4397
32875 4397
17931 4395
37709 4394
81280 4394
43755 4394
3751 4393
6525 4392
10796 4391
20104 4391
24495 4391
5723 4391
177974 4390
77140 4390
13985 4389
16060 4389
58550 4389
50525 4388
13331 4388
35740 4387
44254 4386
9485 4385
35366 4385
227812 4385
13136 4385
1099 4384
29168 4384
163729 4383
19354 4383
26955 4381
33131 4381
52782 4381
23314 4380
10456 4378
209831 4376
41550 4376
41043 4376
64919 4376
83686 4375
17860 4375
3486 4373
14223 4373
16746 4373
28058 4372
32248 4372
17791 4372
23161 4372
5029 4371
22966 4371
1568 4371
44525 4370
5204 4370
9685 4368
5709 4367
68323 4366
26079 4365
82298 4365
21260 4364
1833 4364
798 4363
52515 4362
14984 4362
80776 4361
6617 4361
6900 4361
12559 4361
20807 4361
26742 4361
12310 4361
5818 4360
176986 4360
33138 4359
57221 4359
20481 4359
233083 4358
14307 4358
5669 4358
37589 4357
12787 4357
8868 4356
93170 4356
73819 4355
13239 4355
42125 4354
8467 4353
8074 4353
19595 4352
33971 4352
31144 4352
58212 4351
10747 4351
66773 4351
31138 4350
4225 4350
2327 4349
38679 4349
12697 4348
12946 4347
7174 4346
12861 4345
28946 4344
36942 4344
5772 4344
63838 4344
36065 4344
61866 4343
9884 4343
20052 4342
62583 4342
5987 4341
46830 4341
20101 4341
37326 4339
200709 4339
58585 4339
14004 4339
4410 4338
30204 4336
41003 4335
29257 4335
233221 4335
23194 4334
30604 4333
18986 4333
4492 4333
163390 4333
39457 4332
36283 4331
28193 4330
54042 4330
33394 4329
41998 4329
2524 4327
15092 4327
45831 4327
5691 4326
156571 4326
243122 4324
27649 4323
37194 4323
21256 4320
35956 4320
41834 4320
65446 4320
4716 4320
23746 4320
241275 4320
67425 4318
47635 4317
4135 4317
79789 4317
83093 4317
214895 4317
14202 4317
22373 4316
16574 4316
7565 4315
8999 4315
16894 4315
7650 4314
63310 4314
7745 4313
24427 4312
7972 4312
32238 4311
30511 4310
30883 4310
78732 4309
54595 4309
9110 4308
79795 4307
13772 4307
196345 4307
13984 4306
8996 4305
16402 4304
24508 4304
230507 4303
21758 4303
31686 4302
22021 4302
79386 4301
12354 4300
15815 4300
40432 4300
16648 4299
202501 4298
15606 4296
32387 4296
7322 4295
2399 4295
18970 4295
13241 4295
58579 4295
73211 4295
215479 4294
12576 4293
49427 4293
77330 4292
26196 4291
38023 4290
4633 4290
27494 4290
28185 4290
63985 4290
14779 4289
60101 4289
20476 4287
9987 4287
5619 4286
182800 4285
23907 4285
1668 4285
24238 4283
33995 4282
11718 4282
156240 4281
65470 4281
10604 4280
31986 4280
20464 4280
8282 4280
19912 4280
34374 4280
51741 4278
15383 4276
29805 4276
63670 4275
15750 4275
68634 4275
59987 4274
14349 4272
6263 4270
11506 4270
4212 4270
25667 4270
40979 4270
75325 4270
11483 4270
9808 4269
201113 4269
12786 4269
11477 4269
30157 4269
6453 4269
3072 4268
88341 4268
61598 4268
18046 4268
69369 4267
18909 4267
53230 4266
75776 4266
245514 4266
213115 4265
173818 4265
222394 4264
26647 4263
9358 4263
30116 4263
13640 4263
10270 4262
45047 4261
12692 4261
15443 4260
20610 4259
26895 4259
40679 4258
81295 4258
56209 4257
11332 4257
14519 4256
59326 4256
35465 4256
3155 4255
35464 4255
12965 4255
23667 4253
7812 4253
13892 4253
38706 4253
189702 4252
8530 4250
21988 4250
26397 4250
6731 4250
15384 4249
68894 4249
35494 4249
40719 4249
25510 4248
16562 4246
21722 4245
236126 4245
9675 4245
37824 4245
37619 4242
24164 4240
6655 4240
13430 4240
9558 4240
8805 4239
38247 4239
78148 4239
83241 4239
86372 4239
39915 4238
22537 4238
67279 4238
7352 4237
28122 4236
46734 4236
62062 4235
58786 4234
19221 4234
1600 4234
30962 4233
30205 4232
26053 4231
75242 4230
222640 4230
17550 4229
20428 4229
56723 4229
78200 4229
37462 4228
15175 4227
16441 4225
33974 4225
15435 4224
40435 4224
12702 4223
31131 4223
171318 4222
226842 4222
3062 4222
27737 4221
56729 4221
5511 4221
16522 4220
43373 4220
168825 4220
93144 4219
12083 4219
7192 4219
50390 4219
65783 4219
77290 4218
18820 4217
13775 4215
62336 4215
69637 4215
32318 4214
17661 4213
6948 4210
50226 4209
80234 4209
40490 4208
3496 4208
16298 4208
2787 4208
43900 4207
71058 4207
70713 4207
35101 4206
20720 4204
8369 4204
54463 4202
56574 4201
11656 4200
19231 4200
3124 4199
26203 4199
16568 4199
6551 4199
7635 4199
19768 4199
77391 4199
10810 4198
13271 4198
17469 4197
7360 4196
8891 4196
6616 4196
23877 4196
83508 4195
14026 4195
71917 4194
33708 4194
179254 4194
14182 4193
221446 4193
2751 4192
89314 4191
71829 4191
20876 4190
47614 4189
10614 4188
42012 4188
43342 4188
17220 4187
9803 4187
78056 4187
34242 4187
25042 4186
32532 4185
15751 4185
7120 4185
28958 4184
7010 4183
16229 4183
8481 4183
54342 4182
1934 4181
73182 4180
4767 4179
5264 4178
48524 4178
26788 4178
32637 4177
9838 4177
56598 4177
16587 4176
57972 4175
36491 4175
31243 4175
32115 4173
26616 4172
82734 4171
89799 4171
17078 4170
45487 4170
29815 4170
51852 4169
14242 4168
15510 4168
42116 4168
79446 4168
56999 4168
56911 4167
11122 4167
208472 4166
17697 4165
173134 4165
73294 4164
28623 4163
10178 4163
52884 4163
11644 4163
57177 4162
21891 4162
45690 4161
25117 4161
8512 4161
26944 4161
3761 4159
8833 4159
16742 4159
8158 4159
49573 4158
5206 4158
54621 4158
12320 4158
32559 4158
16282 4158
16897 4157
6401 4157
31930 4156
73352 4155
5935 4155
9630 4155
23245 4155
12458 4154
28008 4154
14467 4154
76760 4152
22922 4152
17708 4152
63547 4150
6330 4150
25717 4148
9133 4148
42263 4148
202365 4148
80901 4148
23740 4148
23816 4148
1897 4147
14268 4146
25680 4146
1400 4145
45105 4144
27661 4144
24179 4144
31350 4143
32404 4141
44857 4141
4175 4141
93022 4141
189038 4140
22124 4139
66035 4138
21345 4138
23123 4137
8281 4137
192290 4137
28633 4136
237791 4135
23544 4135
56014 4135
44039 4134
38848 4132
7736 4132
223420 4132
11971 4132
5078 4130
12897 4130
12091 4130
4470 4130
61429 4129
31988 4128
6860 4128
43101 4128
17185 4126
28538 4126
22178 4125
16338 4124
30640 4124
13567 4124
33303 4123
6154 4123
9769 4123
20798 4123
4008 4122
35843 4122
207894 4122
13819 4121
28784 4121
1454 4119
17828 4119
5676 4118
13942 4118
29593 4118
18981 4117
39652 4117
8770 4117
19708 4117
51204 4117
16252 4117
15492 4116
16411 4115
31158 4114
33591 4114
45285 4114
51982 4114
18021 4111
238940 4110
67722 4109
15749 4108
2601 4108
6980 4108
32773 4107
81783 4106
48593 4105
26937 4105
34886 4105
12964 4105
12925 4103
29001 4103
25397 4102
76127 4102
63123 4101
8279 4101
3726 4100
25224 4100
3852 4100
10427 4100
68326 4099
173712 4098
3678 4098
7023 4098
10147 4097
12208 4097
84906 4097
39482 4097
52459 4097
184006 4097
72331 4096
26219 4095
32956 4093
28564 4093
38274 4092
26596 4092
2527 4091
37265 4091
73492 4090
34404 4089
40155 4089
212846 4089
9094 4088
19652 4087
31727 4087
74042 4087
7576 4087
23683 4087
19919 4086
1053 4085
5934 4082
17265 4079
19201 4079
19026 4079
4248 4079
72915 4079
12461 4077
7200 4077
7681 4077
14373 4077
20507 4077
48870 4077
13734 4076
9982 4075
2368 4074
7947 4070
5894 4070
52879 4069
28695 4069
34664 4069
1405 4068
3709 4068
81486 4068
23826 4068
79301 4068
56430 4067
87423 4066
9361 4064
23222 4064
54667 4064
22433 4063
44329 4063
31233 4063
4756 4063
175309 4062
213643 4061
31754 4061
19829 4061
8781 4061
42117 4060
86473 4060
70721 4058
37237 4058
26584 4057
8532 4057
8908 4057
9021 4057
10528 4057
28919 4057
29538 4057
22934 4057
12361 4056
16950 4056
4866 4056
33341 4055
5794 4054
35636 4053
40356 4053
40007 4052
2169 4052
24556 4052
18164 4052
3346 4051
20913 4051
29140 4050
8001 4049
40876 4048
236815 4047
207336 4047
7299 4046
8403 4046
11544 4046
16756 4046
36544 4046
3730 4046
87341 4045
3310 4045
10560 4044
74829 4044
2224 4044
7872 4043
93321 4043
14390 4043
20292 4043
24066 4042
6438 4041
64388 4041
23956 4039
66950 4039
9174 4038
11127 4037
55610 4037
18221 4037
35124 4036
55818 4036
58347 4036
12096 4035
36831 4035
3507 4035
38016 4034
241272 4034
30982 4034
26899 4033
7773 4033
12004 4033
40963 4029
49166 4029
50802 4029
3128 4029
19835 4028
15056 4028
85957 4026
12515 4026
183397 4026
11414 4025
8625 4025
9708 4025
7413 4024
25869 4024
155702 4024
16909 4023
20772 4023
9730 4022
15746 4021
2683 4021
25162 4021
13378 4021
49165 4020
18559 4019
8992 4019
15802 4019
10459 4019
190670 4019
41275 4018
19996 4017
12547 4017
21518 4017
81747 4017
83506 4017
22125 4017
14857 4016
10018 4016
2714 4016
24720 4016
29850 4016
34755 4016
19265 4016
194969 4015
7608 4014
5396 4014
36835 4014
52851 4013
28678 4012
12945 4012
8357 4011
23795 4011
21857 4011
11567 4010
23097 4009
11206 4008
25417 4008
42835 4007
65070 4007
16022 4007
55438 4005
20196 4005
41198 4005
35461 4003
29753 4003
27823 4001
11482 4000
23283 4000
43494 3999
51290 3997
38712 3996
12668 3996
24602 3996
26024 3996
37958 3996
15845 3996
19473 3996
20800 3996
40503 3996
60516 3996
7545 3995
15882 3995
26438 3994
55544 3993
24281 3992
3971 3992
67335 3992
3170 3991
38737 3991
47244 3991
190190 3990
38889 3988
85246 3987
7799 3987
53826 3987
24787 3986
33671 3986
40372 3986
5672 3986
20029 3985
17608 3985
231200 3985
22226 3984
32829 3984
16639 3984
17539 3983
19208 3983
11579 3983
22994 3983
19222 3982
89229 3982
38194 3981
37225 3981
50973 3981
237023 3979
74041 3978
13885 3978
48947 3978
10834 3978
51673 3977
26690 3977
20758 3976
11306 3976
14503 3976
19498 3976
21119 3976
30594 3976
11616 3975
22312 3975
239005 3973
217222 3973
23339 3972
6897 3972
16247 3971
53785 3969
1869 3969
61138 3968
70488 3968
42446 3968
56981 3968
10471 3968
22495 3968
11984 3968
4249 3967
9793 3966
14014 3966
6189 3965
37179 3965
45388 3965
54978 3965
13675 3965
12779 3964
1982 3963
46751 3961
34177 3961
8627 3961
26016 3960
5746 3959
17266 3959
15245 3958
16239 3957
28079 3957
13168 3956
5100 3956
71550 3956
4695 3955
47310 3955
81898 3955
2037 3955
13706 3954
40296 3954
244641 3954
9807 3953
16140 3953
178691 3953
18834 3953
15257 3952
7337 3952
4506 3952
88797 3951
28338 3950
26388 3948
45248 3948
25708 3947
11750 3947
8047 3947
31251 3947
9533 3945
12578 3945
21068 3945
22518 3945
70153 3945
76719 3945
152195 3945
18950 3945
33735 3944
4606 3944
37137 3944
246397 3944
95304 3942
11687 3940
27464 3940
35016 3940
6704 3939
20674 3939
40134 3938
41655 3936
37198 3935
58252 3935
23930 3935
21941 3935
26065 3935
3223 3935
35242 3934
39116 3933
59569 3932
62534 3932
81639 3932
81995 3932
17629 3930
94577 3930
15514 3930
19242 3927
13340 3927
4261 3926
37592 3925
38766 3925
48604 3925
12433 3924
4987 3923
37473 3923
18348 3923
22677 3922
19923 3922
19142 3918
10255 3918
24101 3917
58117 3917
11839 3916
17399 3916
4715 3915
57150 3915
60612 3915
7836 3914
32043 3914
24396 3913
199534 3912
2402 3912
45116 3911
222023 3910
2103 3909
89944 3909
52612 3909
60141 3909
9535 3908
5840 3908
29653 3908
37316 3907
34624 3907
39975 3907
10888 3906
11801 3906
84614 3905
16691 3905
70518 3905
77785 3905
10846 3904
19661 3904
68022 3902
8979 3900
87772 3899
42824 3898
12236 3897
1028 3896
11280 3895
6754 3894
13741 3894
20056 3894
19521 3894
69180 3894
24302 3893
47000 3893
9892 3893
30553 3892
11722 3891
7278 3891
4734 3890
21901 3889
17031 3888
7838 3887
24723 3887
199523 3885
36449 3884
33240 3884
2098 3883
24214 3882
66900 3881
9750 3881
54558 3880
8794 3880
48855 3880
4351 3880
89699 3880
19909 3879
5213 3879
15898 3879
14168 3879
33474 3878
40523 3878
243627 3878
202661 3876
19874 3876
4443 3876
3997 3875
14209 3875
11988 3875
19014 3874
35186 3874
17161 3874
38783 3874
4934 3874
37216 3874
11061 3873
13315 3867
22865 3866
27118 3865
69830 3865
1859 3865
11640 3864
17371 3864
11014 3864
83562 3864
16990 3863
6885 3863
6258 3862
93401 3862
2408 3862
18548 3861
13592 3860
29031 3859
189439 3858
4013 3857
3787 3857
5775 3855
14965 3854
12153 3854
14280 3854
45649 3854
63335 3854
1194 3854
5927 3853
3519 3853
19022 3853
17918 3853
34163 3852
34841 3852
35387 3852
178959 3851
15278 3851
1849 3849
12229 3848
24416 3848
37315 3847
26027 3847
16586 3846
38817 3844
68710 3844
180156 3842
41876 3841
41979 3839
64704 3839
7384 3839
3217 3838
34644 3836
10337 3836
22445 3835
3864 3835
223437 3835
59399 3835
38451 3835
55729 3834
2821 3834
18466 3834
35580 3834
78400 3833
67403 3830
11795 3829
206044 3828
52129 3828
19551 3827
23883 3826
35634 3825
75024 3824
49949 3824
5948 3824
24358 3824
43770 3823
4537 3821
10218 3821
17553 3821
10775 3820
6419 3819
15934 3818
154495 3817
25792 3817
29695 3816
21081 3816
166283 3815
26595 3815
48331 3815
71096 3815
15711 3815
32678 3814
7191 3813
9880 3813
13376 3813
58708 3811
33754 3811
183043 3806
4412 3804
83495 3803
28992 3802
66483 3802
18451 3802
32865 3802
41772 3801
4963 3801
17898 3801
21103 3800
12158 3800
22461 3800
12731 3798
62735 3797
968 3796
1422 3794
11076 3794
50090 3793
24542 3793
72110 3793
55081 3793
20220 3792
5425 3791
4657 3791
171841 3791
13457 3790
28297 3790
17669 3790
28407 3790
57981 3790
9205 3790
5907 3790
7726 3789
18835 3787
43211 3787
10507 3786
21406 3786
3715 3785
27462 3785
46483 3784
21676 3784
7865 3783
9499 3783
2533 3782
25294 3782
5378 3781
33781 3781
25842 3781
17957 3780
9502 3779
54982 3778
11120 3778
20986 3776
242572 3776
22819 3776
36274 3776
666 3775
1351 3775
13391 3775
25472 3774
31591 3774
19787 3773
5678 3773
68572 3773
83056 3773
30576 3769
65986 3768
2480 3768
9657 3767
55112 3766
16035 3766
20928 3765
770 3764
1256 3763
16968 3763
8554 3763
12643 3763
24006 3763
87247 3763
22715 3762
20921 3761
17765 3760
26280 3759
11147 3758
207828 3757
3697 3757
32253 3756
1883 3756
240134 3754
28765 3754
20006 3754
10250 3752
22128 3752
21551 3752
52141 3752
164095 3751
52629 3750
20816 3750
14318 3749
29685 3749
14060 3747
21648 3746
10716 3746
17066 3745
9138 3744
16100 3744
18894 3742
78290 3742
16970 3742
62278 3742
9065 3741
7828 3741
12061 3740
19494 3740
57874 3739
19936 3739
16569 3738
57250 3738
7060 3738
9812 3737
189403 3736
18737 3736
14573 3736
13082 3735
9293 3734
22891 3734
19965 3734
15238 3734
19639 3732
67983 3732
12070 3732
3645 3732
39992 3732
9356 3731
16796 3731
2382 3729
24524 3729
19902 3729
8084 3729
2658 3729
15123 3729
22983 3728
740 3727
214867 3727
6864 3727
92213 3727
76503 3725
55294 3724
12464 3723
22585 3722
30150 3722
47890 3722
92085 3722
22152 3722
202992 3721
18945 3719
11774 3719
6661 3719
19195 3718
67094 3717
12943 3716
47943 3715
11954 3714
89329 3713
14886 3713
14040 3711
12775 3709
7464 3709
20086 3707
19506 3706
10887 3705
17882 3705
16744 3705
12249 3704
8643 3704
163580 3704
43288 3703
25300 3703
12740 3702
39302 3702
46212 3702
53405 3702
60491 3702
11249 3700
16399 3700
164180 3698
59271 3697
14741 3697
13908 3696
11039 3695
7045 3695
15077 3695
44301 3694
24489 3693
17774 3693
22211 3693
5390 3693
12855 3692
93660 3691
42749 3691
17839 3691
6627 3689
14231 3689
15177 3689
27092 3688
219753 3686
24471 3686
5602 3684
57867 3683
18543 3681
52659 3681
6773 3681
31402 3681
32275 3681
63353 3681
48621 3680
45195 3680
11406 3680
5545 3679
1815 3679
20819 3678
1687 3678
4210 3677
4010 3674
19003 3674
47280 3674
3485 3672
23396 3671
32114 3671
71015 3671
16878 3671
217252 3670
26201 3669
23543 3668
9915 3668
22545 3668
40026 3667
34939 3667
20060 3664
221082 3664
10146 3664
6848 3662
14824 3661
17164 3661
28308 3661
31875 3661
57069 3661
3946 3661
19893 3661
183666 3661
21138 3660
5302 3659
7719 3659
14639 3659
5955 3659
3770 3658
16984 3658
4172 3658
62641 3657
8681 3655
23167 3655
29320 3655
19507 3655
28085 3654
78125 3654
57390 3654
58459 3654
582 3653
15687 3653
179884 3653
44340 3650
23215 3649
17973 3649
16101 3649
15596 3649
12379 3648
6053 3648
17321 3647
20038 3646
25919 3646
17597 3645
17604 3645
42884 3645
15518 3644
20453 3644
20013 3643
1336 3642
180389 3642
14075 3642
35195 3641
39109 3641
12782 3640
8520 3639
10047 3638
60735 3637
6742 3637
63161 3636
18877 3636
29834 3635
3995 3635
20661 3634
4780 3632
24530 3632
27117 3631
20050 3631
37673 3631
82160 3631
2004 3629
7476 3629
35661 3628
77989 3628
1595 3628
10493 3627
20199 3627
63066 3627
27317 3626
43469 3626
2949 3626
87882 3625
4192 3624
20412 3623
11888 3623
9731 3622
8003 3622
19340 3621
29853 3621
50488 3621
16815 3621
2285 3620
2140 3620
2675 3619
8955 3619
18007 3618
12171 3618
2227 3617
8670 3616
90252 3615
12612 3614
24855 3614
12150 3613
3847 3613
62625 3612
23563 3611
32920 3611
14180 3611
8825 3610
14098 3610
29786 3610
32129 3610
53294 3610
36892 3610
68924 3610
20105 3610
23820 3609
19205 3609
25368 3608
14352 3608
1456 3608
4441 3608
11509 3607
11247 3607
15873 3604
15050 3604
12597 3604
51129 3603
18470 3602
35477 3601
17814 3601
14478 3600
41366 3600
23481 3600
194576 3599
56526 3599
1988 3598
2907 3598
15463 3597
41701 3597
26192 3596
21249 3595
75897 3594
211915 3594
53470 3593
4017 3593
17639 3592
12195 3592
42103 3592
24535 3592
55676 3591
24057 3590
30596 3590
31247 3590
33105 3589
24582 3588
34849 3588
41964 3588
48043 3587
9625 3587
3281 3587
9121 3586
30911 3586
10627 3586
35612 3585
30334 3584
41727 3584
57501 3584
23103 3584
42727 3584
81537 3583
35640 3583
15759 3582
2138 3582
165352 3582
15544 3582
6176 3580
5627 3580
9954 3580
37072 3580
38387 3580
13259 3578
16251 3575
17764 3575
12314 3575
2575 3575
182131 3574
7795 3574
44693 3573
12808 3573
10131 3572
23897 3572
75767 3572
48632 3572
5593 3572
825 3571
19914 3570
40276 3570
77952 3570
18506 3569
9889 3569
8890 3569
73261 3569
18100 3569
9888 3568
62409 3567
29895 3567
4545 3566
13560 3564
24493 3561
26578 3560
165303 3560
16133 3560
8845 3560
21258 3560
93477 3559
47634 3559
11329 3559
192513 3558
42813 3558
8401 3557
6277 3556
22099 3556
2817 3555
51745 3554
32726 3553
33158 3552
49753 3552
9103 3552
226864 3550
19349 3550
28525 3550
53163 3550
26462 3549
16627 3549
4684 3549
199283 3548
13562 3548
39617 3548
42995 3548
77225 3548
15505 3548
51856 3546
18845 3544
4435 3543
237664 3543
23199 3542
18189 3542
10201 3542
9457 3541
52416 3541
39583 3541
11241 3541
16405 3540
3290 3539
22200 3539
21281 3538
42930 3538
25082 3538
32119 3537
13945 3537
27950 3536
34725 3535
18117 3535
10052 3533
13989 3532
3557 3532
11957 3532
22028 3532
36956 3532
31484 3531
90699 3530
10356 3530
94006 3530
37467 3529
26307 3528
19857 3528
44048 3526
20620 3526
13024 3526
71764 3525
5449 3524
78676 3523
32242 3522
6982 3522
8038 3522
8533 3522
27374 3521
183580 3521
77476 3521
10288 3519
21685 3519
14625 3519
66550 3519
41908 3519
8088 3519
32385 3518
62354 3518
19146 3518
11895 3517
30641 3515
12234 3514
1705 3514
58927 3513
21948 3513
27437 3513
14293 3513
7639 3511
12152 3511
14760 3510
39591 3510
15785 3509
67906 3509
68126 3509
14194 3508
11018 3508
8536 3508
26832 3508
10107 3507
14688 3506
246717 3505
14788 3505
12899 3504
55746 3504
15654 3503
12481 3502
23951 3500
28819 3500
14979 3500
6581 3499
14097 3499
33719 3498
8178 3498
44303 3498
62708 3498
18458 3498
26601 3497
52519 3496
198825 3496
31032 3495
29099 3495
4784 3494
28238 3494
58405 3493
12260 3493
35571 3493
21717 3491
29411 3490
56425 3490
86422 3490
199094 3490
28961 3490
8814 3489
25781 3489
33611 3489
23044 3489
19591 3488
7543 3488
60362 3485
29721 3485
31703 3485
14020 3485
4721 3485
21100 3484
27318 3483
1620 3481
18420 3479
7637 3479
38718 3479
79178 3478
20609 3477
17353 3477
11912 3476
10073 3476
6099 3476
64941 3476
43303 3475
25618 3475
9524 3473
5005 3473
13454 3472
10182 3472
13355 3472
163837 3471
31319 3471
6858 3470
31439 3470
14829 3470
8400 3470
8492 3468
21541 3468
27973 3468
30812 3468
29166 3468
6013 3468
3381 3467
24365 3465
19700 3465
14218 3464
1549 3464
13227 3464
9178 3464
22315 3463
78962 3463
22248 3463
5862 3462
5999 3461
47047 3461
70126 3461
9128 3460
25442 3460
17617 3460
43126 3458
30578 3458
46417 3458
5292 3458
41052 3457
6590 3457
3494 3456
2259 3455
5969 3455
1582 3455
3348 3454
56514 3454
84613 3454
199012 3452
16068 3452
24448 3452
20981 3452
80114 3452
18795 3451
25569 3451
50305 3451
6845 3451
9546 3450
25286 3450
52116 3450
36353 3449
8713 3448
10149 3448
32462 3448
33067 3448
69400 3448
25278 3448
24297 3447
21853 3447
13657 3446
10577 3446
37382 3446
55014 3446
5817 3446
8930 3445
30379 3445
9971 3445
39686 3445
19510 3443
7147 3441
12222 3441
28692 3440
12517 3439
20645 3439
10190 3438
10979 3438
26574 3438
57774 3438
69262 3438
89818 3438
18798 3437
6668 3436
237558 3435
41716 3435
9671 3435
13604 3434
46157 3434
11031 3434
5334 3433
6517 3431
28155 3431
6816 3431
11043 3431
51533 3430
50966 3429
34809 3429
5681 3428
12550 3428
17084 3428
25214 3428
2987 3428
4149 3427
168364 3427
32090 3427
39481 3427
52498 3427
168835 3425
221457 3425
11091 3423
6582 3423
26642 3422
74386 3421
3002 3421
69206 3420
37441 3419
10309 3418
13917 3418
23023 3418
240081 3418
32895 3417
8779 3416
2834 3416
63525 3415
19777 3415
11227 3413
58890 3413
31258 3413
26305 3412
43142 3412
13087 3412
2495 3412
27142 3411
20380 3411
42140 3411
15527 3411
11420 3410
49653 3409
8637 3407
22452 3406
17089 3406
15025 3405
44475 3405
16201 3404
40050 3404
6967 3404
63608 3403
18290 3402
13311 3401
67226 3399
16092 3399
41571 3397
77616 3397
10037 3397
27676 3397
6569 3397
5166 3396
73858 3396
18266 3395
1488 3395
46120 3395
57628 3395
51984 3393
2095 3392
65785 3391
54125 3391
6475 3391
6964 3390
7756 3389
27095 3388
16086 3388
90315 3388
52118 3388
35920 3387
2472 3387
6691 3387
36292 3386
6080 3386
15230 3386
84157 3386
11285 3384
41707 3383
198280 3381
8823 3380
19176 3380
27724 3380
9470 3380
2871 3380
36306 3380
28464 3379
22717 3379
25685 3379
4003 3379
16469 3377
23135 3377
28074 3377
38266 3377
21483 3376
85139 3375
16410 3375
15296 3375
9663 3374
26666 3374
41728 3373
23270 3373
53111 3373
36566 3372
29445 3371
28970 3371
9006 3371
5577 3370
7076 3369
33692 3369
30046 3368
35657 3367
30999 3366
16673 3366
32139 3365
5697 3365
8920 3365
12607 3365
9455 3364
225855 3364
7789 3363
60703 3362
45143 3361
238432 3360
15221 3360
18985 3360
1382 3358
32380 3358
3034 3357
12709 3357
53215 3357
22362 3357
22419 3356
9129 3356
42139 3355
191737 3354
218486 3354
25152 3353
214222 3353
42365 3353
28909 3352
41069 3351
74694 3351
9189 3350
12924 3350
8534 3350
12627 3350
15573 3349
24046 3348
24312 3348
30744 3348
40784 3348
5082 3347
9352 3347
19916 3347
24351 3347
25481 3347
27153 3347
49936 3347
51425 3347
11351 3346
15132 3344
14191 3344
11327 3342
47503 3342
24118 3342
86406 3342
234474 3341
20385 3341
20805 3341
21664 3340
22285 3340
15959 3340
12095 3340
8605 3340
160056 3339
21998 3339
15920 3338
17554 3338
85181 3338
14772 3337
65086 3337
50876 3337
1522 3337
7259 3337
8521 3337
33005 3337
65373 3337
44206 3336
11452 3336
12882 3332
21800 3332
4176 3332
22962 3330
233647 3330
22766 3330
66218 3328
51479 3327
28561 3326
67739 3326
4850 3326
225766 3326
7902 3326
197088 3326
941 3325
13033 3325
178814 3324
38149 3321
160902 3321
12084 3321
29531 3321
11908 3320
5872 3320
43748 3320
54446 3319
7638 3318
30457 3318
31879 3318
962 3317
18722 3317
27599 3317
13594 3316
20257 3316
21629 3316
24752 3316
3027 3315
26680 3315
16376 3314
27008 3314
14665 3311
17677 3311
12568 3311
6215 3310
10402 3310
1861 3310
39327 3309
14486 3309
25849 3309
226471 3307
92253 3307
39303 3307
8083 3306
72116 3306
90751 3306
66489 3306
20776 3305
18931 3304
19363 3304
19947 3303
10362 3302
10446 3301
11058 3300
12603 3300
7618 3300
18099 3299
63740 3298
8355 3298
26230 3297
64831 3297
37073 3297
8829 3296
19690 3296
30667 3296
31902 3296
39736 3296
2782 3296
22649 3296
6069 3294
16602 3294
24559 3294
53454 3294
58788 3294
5044 3294
70626 3292
2979 3291
17790 3291
31071 3290
11918 3290
25241 3290
7634 3288
202635 3288
33485 3287
18524 3286
14120 3286
17797 3286
181110 3286
55442 3286
66480 3285
196114 3284
30614 3282
53702 3282
30219 3281
176669 3280
5287 3277
44980 3276
13252 3276
22779 3276
5203 3275
11343 3275
15227 3275
39597 3274
4899 3274
2447 3273
7609 3271
90377 3270
29615 3270
48395 3270
20649 3269
26183 3269
9590 3269
12298 3268
173448 3268
3449 3268
1377 3267
15485 3267
203612 3267
5990 3266
61889 3266
72039 3266
16996 3265
50132 3265
63957 3264
37116 3264
11411 3263
19556 3261
44660 3260
2745 3259
21620 3259
17865 3258
22985 3258
17296 3257
18609 3257
67690 3257
4379 3257
35705 3257
6353 3257
2877 3256
13520 3256
5608 3256
8900 3256
65832 3255
2609 3255
27534 3254
21293 3254
27006 3253
16534 3253
46170 3253
20051 3253
14154 3253
29809 3252
26600 3252
68284 3251
29249 3251
61779 3251
21935 3251
12798 3251
7700 3250
27934 3249
37274 3248
73756 3247
208387 3247
10778 3246
4547 3246
22408 3246
33358 3246
15828 3245
8416 3245
10275 3245
15197 3245
22556 3245
15218 3244
12718 3243
80622 3242
10105 3242
15124 3241
20275 3241
7148 3240
2370 3240
34494 3239
6081 3238
159573 3238
9440 3238
83772 3238
4160 3237
18379 3237
58687 3236
161590 3235
28885 3235
5282 3235
5502 3235
53261 3235
65870 3235
18826 3235
34106 3235
1827 3235
33333 3235
40080 3233
19715 3232
11996 3231
56548 3230
20926 3229
27035 3229
10054 3227
9500 3226
20782 3226
10192 3226
87470 3226
26253 3225
46848 3225
62404 3225
7775 3224
1498 3224
9784 3224
10264 3223
13232 3222
29364 3222
7787 3222
33912 3221
2511 3221
3888 3221
22275 3220
23190 3220
6162 3220
26791 3219
24491 3218
224724 3218
1703 3217
64371 3216
13777 3215
26442 3215
29725 3215
91585 3215
15997 3214
23540 3212
166386 3212
5025 3211
11827 3211
9758 3210
9184 3209
16170 3209
30717 3209
18310 3209
37748 3207
4583 3207
33171 3207
221333 3207
24729 3206
25616 3205
12653 3205
28874 3205
32964 3205
66324 3205
75888 3204
27986 3204
19705 3204
35643 3203
171329 3203
55316 3203
48213 3202
29397 3202
55484 3202
33582 3202
19382 3202
224363 3202
31022 3201
22262 3200
183871 3200
20511 3200
14183 3199
30887 3198
18597 3198
33613 3197
742 3197
12124 3197
11840 3197
9255 3196
1808 3195
45759 3195
11065 3195
12082 3195
12089 3195
24991 3195
35482 3195
42154 3195
2897 3195
52026 3194
25887 3194
9798 3193
11657 3192
24637 3190
41378 3189
228051 3189
22043 3188
42088 3187
18095 3187
199319 3186
2697 3186
13857 3185
13338 3185
202693 3185
48867 3185
10112 3184
15872 3184
42695 3184
25586 3184
19163 3183
19691 3182
32459 3180
20099 3180
29118 3179
25187 3179
41882 3178
1878 3178
12489 3178
91259 3176
14626 3176
35734 3175
11149 3174
33922 3174
36146 3174
80653 3174
23475 3174
43577 3174
1376 3173
93434 3173
12101 3173
7401 3172
13789 3171
33481 3170
62481 3170
4258 3169
3757 3169
5069 3169
30466 3166
37886 3166
23324 3166
32338 3166
6724 3165
19317 3165
6392 3164
7600 3164
11838 3164
14685 3164
48577 3164
50222 3164
19926 3164
5177 3163
9643 3163
15144 3163
27745 3162
47188 3162
35530 3162
8695 3162
81875 3161
88936 3161
19174 3161
20817 3161
16034 3160
6101 3160
3383 3159
8307 3159
157946 3158
26097 3158
49647 3157
22187 3157
16501 3155
11561 3155
13666 3155
81153 3155
12541 3155
9344 3154
10315 3154
14409 3154
29964 3154
49463 3154
4236 3154
58011 3153
20767 3153
22459 3153
27045 3153
19540 3152
34004 3152
15417 3152
10172 3150
13868 3150
67153 3149
24148 3149
37683 3149
4701 3148
12000 3148
12836 3147
241462 3147
14050 3147
36840 3145
31826 3144
46671 3144
75458 3144
89649 3144
6087 3143
11846 3143
11669 3143
24634 3141
55743 3141
23022 3140
4382 3140
11808 3139
55945 3139
12140 3139
246136 3138
2963 3138
21116 3137
8480 3136
25019 3136
25793 3136
49160 3136
30183 3136
60067 3136
13390 3136
39287 3136
41724 3134
26135 3134
42940 3134
3075 3134
8475 3134
13172 3134
24515 3134
34164 3134
52759 3134
64816 3134
16713 3134
53364 3133
17867 3133
7744 3132
19606 3132
164033 3132
5779 3131
15725 3131
48285 3131
2884 3130
28868 3130
2411 3130
89385 3130
26355 3129
33702 3129
11831 3128
81429 3128
21413 3128
87843 3128
5903 3125
51206 3124
84979 3124
18196 3124
21398 3124
13975 3124
31735 3124
20600 3123
25986 3123
18091 3123
28741 3123
21253 3122
53798 3122
2622 3122
5582 3122
16162 3122
15531 3121
15133 3121
34508 3121
16134 3121
35378 3119
7625 3118
213648 3117
24013 3117
21893 3116
65181 3116
24290 3115
8351 3115
191072 3114
53661 3114
13940 3114
12473 3113
34426 3113
40419 3113
43016 3113
56285 3113
91342 3113
19623 3112
81825 3112
9940 3112
207029 3112
5476 3111
19157 3110
20201 3110
18178 3110
225403 3110
32638 3109
8202 3109
45585 3108
26547 3108
215361 3107
20575 3106
57962 3106
10253 3104
27590 3104
6969 3103
13385 3103
31329 3103
31609 3103
186672 3103
25905 3101
19106 3101
19719 3100
13972 3100
18881 3100
73439 3100
27788 3099
30941 3099
34713 3098
30140 3097
22496 3096
2362 3096
4164 3096
10268 3096
28954 3095
31785 3095
53444 3095
171322 3095
18073 3095
5607 3094
4312 3094
62251 3094
18854 3093
48939 3093
25950 3093
23674 3093
12872 3093
18774 3092
65297 3091
5053 3091
32776 3091
22584 3090
88262 3090
72364 3089
28296 3089
19505 3089
24288 3089
48281 3088
82769 3087
18158 3086
15228 3085
35491 3085
21786 3084
20711 3083
27491 3083
15854 3083
20167 3083
26140 3083
41997 3083
50933 3083
55791 3083
17466 3083
2354 3082
25055 3082
13795 3082
29260 3082
5842 3081
20934 3080
2619 3080
15292 3079
52493 3079
59683 3077
29690 3077
16621 3076
81129 3076
27760 3076
2158 3075
38381 3074
84893 3073
5359 3073
8386 3073
38004 3073
38581 3073
41266 3073
23122 3073
8635 3072
19197 3072
36331 3072
9720 3071
29294 3071
10208 3071
31679 3071
28213 3070
10432 3069
16476 3069
16626 3069
16473 3067
78156 3067
49252 3067
7151 3067
34005 3066
50721 3066
57152 3065
12682 3065
45374 3064
26370 3064
2848 3063
2794 3063
23570 3063
154148 3063
8159 3063
10324 3063
10665 3063
18401 3063
18958 3063
31276 3063
80054 3063
90837 3063
2248 3063
16082 3063
45790 3062
18522 3062
22339 3062
9249 3062
25206 3062
10793 3061
63368 3061
22787 3061
37811 3061
20956 3061
238369 3060
28964 3060
2453 3059
45805 3059
29611 3058
10185 3058
14079 3058
29014 3058
11975 3057
45968 3056
61500 3056
7912 3054
9591 3054
6856 3053
22131 3053
50318 3053
59027 3053
67022 3053
25004 3052
19976 3052
28229 3052
78211 3051
7334 3051
28727 3051
13237 3050
63171 3049
18542 3048
27786 3048
21419 3048
34844 3047
17761 3047
8195 3047
43372 3047
1695 3046
18816 3046
3476 3046
664 3045
29395 3045
53414 3044
43688 3044
83117 3043
30929 3042
6057 3042
21059 3042
2145 3041
46491 3041
42634 3040
33774 3040
20893 3037
21756 3037
22240 3037
34427 3036
21563 3035
39795 3035
32095 3035
36358 3034
13190 3034
26164 3034
4343 3034
17454 3033
6037 3033
34237 3033
10705 3032
24647 3032
48052 3032
50113 3032
81253 3032
84130 3032
15879 3032
27500 3032
19024 3030
4584 3030
4386 3029
13863 3029
32450 3029
50568 3029
73148 3029
40014 3029
84903 3028
71915 3028
11370 3027
49303 3027
1769 3027
10277 3027
12987 3026
33393 3026
23327 3025
16708 3025
37633 3025
61947 3025
41197 3024
8287 3024
37864 3024
78018 3024
61911 3023
11261 3023
53150 3023
46853 3023
15911 3023
11799 3023
4333 3022
23967 3021
20905 3021
9626 3020
198952 3020
8064 3020
5118 3020
8422 3019
27996 3018
47185 3017
46008 3017
19278 3016
67590 3016
70491 3015
81735 3015
6541 3014
69064 3013
12656 3013
29032 3013
16477 3012
44178 3011
14244 3011
63460 3011
20731 3010
16922 3010
80170 3009
6577 3009
21066 3009
30007 3008
21934 3008
15496 3008
24733 3008
28594 3008
8049 3007
3321 3007
10357 3006
8398 3005
14326 3004
13874 3004
31489 3004
33356 3004
17221 3004
16837 3003
14536 3003
81206 3003
34540 3002
5210 3002
31656 3002
6409 3000
23991 2999
9550 2999
55483 2999
22759 2998
10465 2997
24328 2995
20285 2994
9669 2994
13425 2993
22503 2993
29460 2993
25676 2993
39141 2992
14943 2992
20791 2992
9453 2992
14676 2992
18341 2992
12010 2991
24912 2991
32826 2991
65526 2991
92480 2990
30310 2989
24469 2989
7703 2989
13783 2989
24903 2989
7242 2989
56433 2988
11146 2987
75837 2987
48922 2986
40561 2986
9325 2986
17887 2986
29380 2985
77863 2985
228072 2984
28026 2984
13484 2984
3654 2984
44839 2983
187221 2983
3216 2983
10584 2983
21015 2983
11676 2982
19638 2982
49878 2982
50062 2982
71142 2982
5095 2981
71365 2981
18588 2981
67144 2979
77412 2979
1039 2978
21209 2978
27932 2977
53697 2977
23560 2976
50769 2976
48417 2976
24689 2975
67052 2975
71802 2975
20309 2974
19573 2973
10210 2973
27546 2973
1853 2973
26929 2972
4811 2972
17149 2972
5146 2971
13598 2971
19859 2971
23619 2971
60988 2971
91251 2971
17664 2971
70266 2970
25358 2970
10491 2969
5316 2968
7583 2967
27509 2967
23459 2967
48976 2967
74498 2967
75898 2967
10191 2967
11176 2966
156532 2965
62443 2965
991 2965
185206 2964
65154 2964
33619 2964
73795 2964
14909 2964
21111 2964
15806 2964
6947 2963
167447 2963
6852 2963
2685 2963
11355 2963
23177 2962
26003 2962
8146 2962
11119 2961
17543 2961
35980 2961
13371 2961
87663 2961
12285 2960
15439 2959
60442 2959
3747 2959
8758 2958
29822 2958
29238 2958
29939 2957
67046 2957
60073 2956
20219 2956
4585 2955
198820 2954
26535 2953
9510 2953
76023 2953
13944 2952
28477 2952
11652 2952
186515 2951
7297 2951
46757 2951
47216 2951
31354 2951
50365 2951
15981 2950
16643 2949
14955 2949
5481 2949
23438 2949
77528 2949
21079 2948
14882 2947
43650 2947
12960 2945
14563 2945
14330 2944
49929 2943
18683 2943
172021 2943
2950 2942
188670 2942
4392 2941
16833 2941
19682 2941
36015 2941
46841 2941
18142 2941
45239 2941
14429 2940
31284 2940
32432 2940
6987 2940
15676 2939
13561 2939
28917 2938
11747 2938
69464 2938
14987 2937
19388 2937
30425 2937
27539 2937
15031 2937
19649 2937
30047 2936
24834 2936
20984 2936
6749 2936
9946 2934
22637 2934
14557 2933
185541 2932
28390 2932
28899 2932
26514 2931
7934 2931
10749 2931
38539 2931
11779 2931
29651 2931
74962 2931
185144 2931
19974 2930
243187 2930
12017 2930
9673 2929
10742 2929
9624 2929
28976 2929
16432 2929
37431 2928
241473 2928
225375 2928
1610 2928
1470 2928
24235 2928
1266 2927
38921 2927
18232 2927
1837 2926
6927 2926
28945 2926
14607 2925
6834 2925
31728 2924
11627 2924
211100 2923
3574 2923
12364 2923
10412 2923
15541 2922
28587 2921
23753 2921
79420 2921
8154 2921
11787 2921
29609 2921
34191 2921
43243 2921
87593 2921
23373 2921
191802 2921
56274 2918
69848 2918
22116 2918
25347 2918
17413 2918
11265 2917
33495 2917
14585 2917
29223 2916
14853 2916
5486 2915
208268 2915
4592 2914
23860 2914
49825 2914
12792 2913
65326 2913
18919 2913
31317 2912
19037 2912
27686 2912
52150 2911
59826 2911
10076 2911
10702 2911
17751 2911
41614 2911
43270 2911
51315 2911
13529 2911
28942 2910
11413 2910
44333 2910
10958 2910
22477 2910
16926 2908
201868 2908
28414 2908
6759 2907
14472 2907
2744 2906
26340 2906
12634 2906
23198 2905
8847 2904
59112 2904
213890 2904
84057 2904
5159 2904
14558 2903
15515 2903
78319 2903
26946 2902
19457 2902
23542 2901
11152 2901
32410 2900
20457 2900
3866 2900
23736 2900
2565 2899
60467 2898
33249 2898
36495 2898
74596 2897
6687 2896
4479 2896
12306 2896
45368 2895
45938 2894
12919 2894
34430 2894
87549 2894
13728 2893
23252 2893
165627 2892
22328 2892
40339 2892
89700 2892
10102 2891
42003 2891
4853 2890
62912 2890
66396 2890
84277 2890
56037 2890
15775 2890
9348 2890
18278 2890
214929 2889
7146 2888
23718 2887
19488 2887
13383 2887
23081 2887
40420 2886
51693 2885
13077 2885
25786 2884
20538 2884
19186 2884
26308 2884
14356 2883
25690 2883
10685 2882
33509 2882
11339 2882
58359 2882
79543 2882
23235 2881
34188 2880
36123 2880
18698 2880
27312 2880
159429 2880
68072 2880
33760 2879
9877 2878
19643 2878
14153 2878
240636 2877
75532 2877
12838 2876
208201 2876
11464 2875
237765 2875
8472 2874
10010 2874
12456 2872
49374 2872
13059 2871
44380 2871
19441 2870
5895 2870
10884 2870
13460 2870
24369 2870
42429 2870
47029 2870
63501 2870
93518 2870
234653 2870
57373 2869
12683 2869
19253 2868
7365 2868
25328 2868
14237 2867
59103 2866
47733 2865
64506 2865
240160 2865
6184 2864
9047 2864
58605 2863
30353 2863
6198 2862
11133 2862
24624 2862
9334 2861
12033 2861
18074 2861
35420 2860
63472 2860
53319 2860
22167 2860
29487 2860
50651 2860
63844 2860
21819 2860
28926 2860
54919 2858
6022 2858
29501 2857
13671 2857
16427 2855
24681 2855
8585 2855
26463 2855
27043 2854
7753 2854
4339 2852
198489 2852
17299 2851
71590 2851
24687 2851
25439 2851
25949 2850
34176 2850
68925 2850
236108 2849
19113 2849
23220 2848
18936 2848
49583 2848
7660 2847
10084 2846
191299 2846
47731 2846
20316 2846
63390 2846
23413 2846
32107 2845
46930 2843
5325 2843
15122 2843
3841 2843
18448 2842
11842 2842
41173 2842
11621 2842
44896 2842
25874 2842
20675 2842
21910 2841
60697 2841
21930 2841
11791 2841
8183 2841
92535 2840
38095 2839
10461 2839
19110 2839
15094 2839
22481 2837
6399 2837
15783 2837
5516 2836
243284 2836
41912 2835
18411 2835
7503 2834
26510 2834
21231 2834
48555 2834
60619 2834
16091 2833
20510 2833
39373 2833
13627 2833
64666 2833
11134 2833
54006 2832
13230 2832
12688 2832
13579 2832
34146 2831
194666 2831
16855 2831
22513 2831
25582 2831
44512 2831
228910 2830
24777 2830
34347 2830
86150 2829
12228 2829
27182 2829
24424 2828
26263 2827
30284 2827
7335 2827
4376 2827
46608 2826
5398 2826
39647 2825
22117 2825
29398 2825
21323 2824
81587 2824
13301 2823
63737 2823
10636 2823
227797 2822
82380 2822
4466 2822
23343 2821
3572 2821
40049 2821
29213 2820
50106 2820
9339 2819
11897 2819
42275 2819
49907 2819
22463 2819
18953 2819
12277 2819
33931 2817
204874 2816
3015 2816
155849 2815
40547 2814
10065 2813
15535 2812
23835 2812
5844 2811
34222 2811
10238 2810
76142 2810
12717 2810
19381 2809
25744 2809
46289 2809
85394 2809
5270 2809
11565 2809
20227 2809
80058 2809
45669 2809
22904 2809
15051 2809
70513 2808
14608 2808
61403 2808
30987 2807
8815 2807
11223 2807
9740 2806
3975 2806
4126 2806
50656 2805
12291 2805
76225 2805
65885 2805
49280 2805
23142 2804
242495 2804
41836 2802
29337 2802
159206 2802
9395 2801
28793 2801
5026 2801
11800 2801
19622 2801
19052 2800
27325 2800
91434 2800
38209 2800
57536 2799
63375 2799
89303 2799
9336 2799
15436 2798
30042 2798
35810 2798
64328 2798
7284 2797
9258 2797
34465 2797
81836 2797
16124 2797
8714 2797
41712 2796
194612 2796
8274 2796
32512 2795
11358 2795
77584 2795
12118 2794
3141 2794
70110 2794
66238 2794
40143 2793
17017 2793
29512 2792
33595 2792
51089 2792
52555 2792
1710 2792
89298 2791
186906 2790
82602 2790
6642 2789
10843 2789
13165 2789
18750 2789
19927 2789
32696 2789
61264 2789
69359 2789
55260 2789
21712 2788
3143 2788
20159 2788
11879 2788
39594 2787
23787 2787
52195 2787
192917 2787
13733 2786
19013 2785
200173 2785
16398 2785
5899 2785
42196 2783
8982 2783
71875 2782
44208 2782
158290 2782
17592 2781
19204 2781
33753 2781
35125 2781
23572 2781
34729 2780
31010 2780
19963 2780
53158 2780
236242 2780
21498 2779
36712 2779
51289 2779
168425 2779
12198 2778
32951 2778
35140 2778
27385 2778
51515 2778
181844 2777
5615 2777
20872 2777
18202 2776
2177 2776
16106 2776
23065 2776
64777 2775
22169 2775
27293 2775
41786 2775
178272 2774
18378 2774
5643 2774
173775 2774
51080 2773
80672 2773
90150 2773
34937 2772
42392 2772
6175 2771
41535 2771
14799 2771
73290 2770
49859 2769
49714 2769
58675 2769
44942 2767
2096 2767
75021 2767
155448 2766
618 2766
64390 2766
48438 2766
22284 2765
20245 2765
37299 2764
26290 2764
28330 2763
40840 2762
11884 2762
8054 2762
3368 2761
20563 2761
14892 2761
24261 2761
33026 2761
35130 2761
42011 2761
42650 2761
53096 2761
62152 2761
10198 2760
1462 2760
28466 2760
27197 2759
34114 2759
38755 2759
41489 2759
45134 2759
47117 2759
79631 2759
27797 2758
18034 2758
4707 2758
4553 2757
191636 2757
8491 2757
22440 2756
5399 2756
7733 2755
89105 2755
6833 2755
35174 2755
9181 2755
35172 2754
43872 2753
27824 2753
58875 2753
31784 2753
18368 2753
215960 2750
15078 2750
3967 2750
9653 2750
17940 2749
13320 2749
36928 2749
42072 2749
82446 2749
12202 2749
7267 2748
19490 2748
49430 2748
70391 2748
82501 2748
27735 2747
27900 2746
23606 2746
44558 2746
14354 2746
38249 2746
22151 2746
21764 2746
44712 2746
89072 2746
93290 2745
45275 2744
27548 2744
36695 2744
39025 2744
41977 2743
92016 2743
6957 2743
76994 2743
8725 2742
54832 2742
27848 2741
18088 2741
208038 2741
35251 2740
34105 2739
33072 2739
172911 2739
90061 2739
8515 2738
14267 2738
21107 2738
24098 2738
58350 2738
10299 2738
33032 2737
33009 2737
195080 2737
25972 2737
26676 2737
34946 2737
48688 2737
54994 2737
21793 2737
20332 2736
13253 2735
13330 2735
5588 2735
20736 2734
33625 2733
22147 2732
22409 2732
196932 2732
30761 2731
26443 2730
42177 2730
18785 2730
15169 2730
46724 2729
17243 2729
12312 2728
7797 2728
8611 2728
14332 2728
73272 2728
24924 2727
7048 2727
14320 2725
41325 2725
27079 2725
39544 2725
54078 2725
91463 2725
19357 2725
67206 2724
16389 2723
24590 2723
181784 2723
32822 2723
43370 2723
26654 2722
42270 2722
44198 2722
26646 2721
61049 2721
89900 2721
7068 2721
7923 2721
8265 2720
196344 2720
14213 2720
27841 2720
32372 2720
8776 2719
27666 2719
2603 2719
28286 2719
29296 2719
88161 2719
13179 2718
30423 2718
14960 2718
17334 2718
17696 2718
31725 2718
49858 2718
8529 2718
5456 2717
13979 2717
24496 2717
17614 2716
26569 2716
28113 2716
20425 2716
19672 2715
21128 2715
28448 2715
7794 2715
33268 2714
30004 2713
37910 2713
41702 2713
50737 2713
14435 2712
19074 2710
57561 2710
11391 2710
9633 2710
15670 2709
31324 2709
1894 2709
7088 2708
16442 2708
34298 2708
41282 2708
84577 2708
18032 2708
17926 2707
25546 2707
205371 2707
24572 2706
5855 2706
16699 2706
58329 2706
24220 2705
27732 2704
5128 2704
90131 2704
16221 2703
18126 2703
22576 2702
30512 2702
227891 2702
72460 2702
13441 2701
11433 2701
4516 2701
4233 2701
20551 2700
20784 2700
14114 2700
2839 2699
17099 2699
42371 2698
9075 2698
74264 2698
10653 2698
24230 2698
31505 2698
60568 2698
87119 2698
63190 2698
62279 2697
31321 2697
22530 2697
35034 2696
2558 2695
6231 2694
19251 2694
16318 2694
38200 2693
8698 2693
59196 2693
70215 2692
6111 2692
15354 2692
49967 2692
19535 2692
44970 2692
14263 2692
11622 2691
9223 2691
194102 2691
3252 2691
11702 2691
42746 2690
12797 2690
20991 2689
20623 2689
15983 2689
22875 2688
43611 2688
61516 2688
24646 2688
154347 2688
9478 2688
12958 2688
15853 2688
66579 2688
71838 2688
68088 2687
18177 2687
5108 2686
159405 2686
15627 2686
24140 2686
4849 2686
17977 2685
13915 2685
8376 2685
33002 2684
24513 2684
82920 2684
19060 2684
51057 2683
91733 2683
12521 2682
57739 2682
22735 2682
21350 2681
8455 2681
24534 2681
1772 2680
159216 2680
11095 2680
32630 2680
75051 2679
81787 2679
23699 2679
62358 2679
21597 2679
26880 2678
37550 2678
10700 2677
44812 2677
16454 2676
14652 2676
51563 2676
7367 2676
38971 2676
14718 2676
2951 2675
20939 2675
35271 2675
85186 2674
14394 2674
7534 2674
48807 2674
51123 2674
195397 2674
37612 2673
8006 2673
2969 2673
15808 2672
3295 2670
29650 2670
13414 2668
30592 2668
21042 2668
47639 2668
47528 2667
2690 2667
10668 2667
24305 2667
29435 2667
75054 2667
7819 2667
12412 2667
3869 2666
27286 2666
6804 2665
28891 2664
83209 2664
85631 2664
93782 2664
28450 2664
15883 2663
10807 2663
7780 2662
22641 2662
9228 2662
3305 2661
15162 2661
3865 2661
6405 2661
30795 2659
4773 2659
31710 2659
18483 2659
57900 2658
49172 2658
44225 2658
24088 2658
14059 2657
32878 2657
6634 2657
73846 2657
83305 2657
58444 2657
8804 2657
12834 2657
17763 2657
50284 2655
3972 2653
46890 2653
33525 2652
236303 2652
52274 2652
21444 2652
2771 2652
5510 2651
42506 2651
25292 2651
22112 2650
31292 2650
22336 2650
5454 2649
28463 2649
31644 2648
30119 2648
37366 2647
17126 2647
78489 2647
8735 2647
15809 2646
19448 2646
58244 2646
8606 2646
6269 2645
20555 2645
80105 2644
11100 2644
44417 2644
16499 2644
11113 2644
12013 2642
24756 2640
40482 2640
43558 2640
20113 2640
2701 2639
4791 2639
12586 2639
18499 2639
58871 2638
5232 2638
2189 2638
43431 2638
35697 2638
35878 2638
6516 2638
27562 2637
35241 2637
7749 2637
12275 2637
91278 2637
31605 2637
67284 2636
90860 2636
56276 2636
78209 2636
31209 2635
59337 2635
27402 2634
16849 2633
33331 2633
52240 2633
16739 2632
7092 2632
38483 2631
25679 2631
24225 2631
39008 2631
29389 2630
34563 2630
62391 2630
30948 2629
180911 2629
21238 2629
180521 2629
212317 2628
9369 2628
27507 2628
27905 2628
46706 2628
20469 2628
13170 2627
12719 2627
24051 2627
22990 2627
29474 2627
43724 2627
73950 2627
10346 2626
20930 2626
54811 2626
17302 2625
29847 2625
13312 2625
22343 2625
38100 2625
15812 2623
36078 2623
10460 2622
36665 2622
32966 2622
23145 2622
18593 2622
11394 2622
53139 2622
28468 2621
195885 2621
10642 2621
24740 2621
11044 2621
167429 2620
14840 2620
14803 2620
35214 2620
62200 2619
14589 2619
4046 2618
26548 2618
11255 2618
14041 2618
34078 2617
1854 2617
25471 2617
35796 2617
17098 2617
22266 2617
42338 2617
47277 2617
61678 2617
76478 2617
33877 2616
27924 2616
20950 2616
47561 2616
34329 2615
23456 2615
10543 2615
28571 2615
85609 2615
22902 2614
17002 2614
3265 2613
30996 2613
25325 2613
77518 2613
7333 2612
4607 2612
32969 2611
16952 2610
32579 2610
3171 2610
22166 2609
31291 2608
11947 2608
241686 2608
43759 2607
10292 2607
8113 2607
32476 2607
44506 2606
3111 2606
42167 2606
19405 2606
29058 2605
15698 2605
29193 2604
11658 2604
24929 2604
3091 2603
164486 2602
9967 2602
8453 2601
35801 2600
8101 2600
16913 2599
20413 2598
16468 2598
65764 2597
25149 2597
5417 2597
48999 2597
7498 2596
7863 2596
10030 2596
22838 2596
25023 2596
36992 2596
37827 2596
50622 2596
62963 2596
46164 2596
35608 2596
205424 2596
46476 2594
18253 2594
49800 2594
10103 2593
3718 2593
45735 2593
25025 2593
39277 2592
13846 2592
29281 2591
45781 2591
22183 2591
50377 2591
36703 2589
73990 2588
21387 2588
699 2588
21556 2587
32928 2587
32116 2587
3843 2587
21218 2586
9526 2586
37727 2586
48636 2586
50826 2586
40348 2586
14296 2586
4347 2585
22157 2585
175273 2585
90448 2585
23299 2585
26723 2584
53725 2584
12511 2584
33537 2584
8858 2584
1741 2584
12104 2583
12223 2583
16222 2583
25542 2583
34126 2583
6364 2582
16061 2580
54731 2580
69834 2579
21215 2579
24080 2579
30716 2579
49102 2579
92108 2579
8229 2579
23814 2578
4390 2578
15598 2578
42042 2577
55710 2576
15650 2576
16734 2576
18492 2576
19517 2576
56745 2576
61367 2576
53595 2576
38593 2575
1078 2575
29233 2575
4194 2574
19962 2574
15528 2574
31098 2573
31128 2573
26554 2572
20264 2572
26543 2572
50504 2572
15049 2572
18414 2571
27087 2571
45191 2571
24660 2570
16519 2570
24875 2570
27808 2569
77268 2568
37474 2567
47438 2567
44577 2566
87622 2566
19298 2566
27849 2566
11190 2565
42246 2565
28041 2565
32371 2564
11048 2563
5801 2563
45557 2563
28566 2563
915 2563
20059 2562
7029 2562
14211 2562
36817 2561
3634 2560
1282 2560
21639 2560
8336 2559
49061 2559
35191 2558
62520 2558
35495 2557
26222 2557
31118 2556
5126 2556
22613 2556
54293 2556
65585 2556
13284 2556
57485 2555
77289 2555
206103 2555
21021 2555
45746 2555
74352 2555
35931 2555
22000 2555
85401 2553
32487 2553
171665 2553
17749 2552
51976 2551
29404 2551
40352 2551
48336 2551
18479 2550
25507 2550
17515 2549
75092 2549
21130 2549
80259 2549
5308 2549
16261 2549
19822 2549
11416 2548
11130 2548
21533 2548
25274 2546
21890 2546
35787 2546
40980 2546
53822 2546
68914 2546
11297 2545
65826 2545
62297 2544
37087 2543
19324 2543
21871 2542
15400 2541
2150 2541
225653 2541
94679 2541
26013 2540
85567 2540
18052 2540
9612 2540
18217 2539
21861 2539
12454 2537
16234 2537
36497 2537
24505 2536
208597 2536
1252 2536
6612 2536
10646 2536
9775 2536
16775 2535
25866 2535
36610 2535
40904 2535
50199 2535
74964 2535
89092 2535
93615 2535
61144 2535
9045 2535
28133 2535
14265 2534
12131 2534
64151 2534
24863 2534
24137 2533
9242 2533
46160 2532
20071 2532
18526 2532
28999 2532
7567 2531
29003 2531
34007 2531
39465 2531
51030 2531
7653 2529
22482 2529
2664 2529
87922 2528
50668 2528
12336 2527
31348 2527
3857 2527
53265 2527
15721 2526
17219 2526
25041 2525
33740 2525
55889 2525
84546 2525
74702 2525
15392 2525
28546 2525
38785 2525
3740 2524
29482 2524
8828 2524
4726 2523
16975 2523
20461 2523
41231 2523
45922 2522
10777 2521
756 2520
42122 2519
192433 2519
26127 2519
9153 2519
6539 2517
34446 2517
16230 2517
70235 2516
68720 2516
32427 2516
23487 2516
6359 2516
19695 2516
6067 2515
240549 2515
59056 2515
13950 2515
59267 2515
9428 2515
16480 2515
89124 2515
5984 2514
58458 2514
22864 2513
43605 2513
69070 2512
4428 2511
28665 2511
34429 2511
33041 2511
38851 2511
27489 2509
24420 2509
22782 2509
4242 2508
30510 2507
76428 2507
22572 2507
20904 2507
28607 2507
55657 2507
1180 2506
29993 2506
13841 2506
36547 2506
1606 2506
64592 2505
17975 2505
12113 2505
24628 2505
46957 2505
50415 2505
61209 2505
83553 2505
21036 2505
94480 2505
18494 2504
41223 2503
41219 2503
77691 2502
14226 2502
2114 2502
66874 2502
166916 2500
11851 2500
13317 2499
15648 2499
29715 2499
35234 2499
19011 2499
20863 2499
30397 2498
66246 2498
8316 2498
38211 2497
78411 2497
18712 2497
21618 2496
17254 2496
24149 2496
232504 2496
41803 2496
12711 2496
25309 2495
21257 2495
15080 2495
22389 2495
59128 2495
22088 2495
51930 2495
21826 2494
95210 2494
16947 2494
39674 2494
12155 2493
29236 2493
21896 2492
34670 2492
48573 2492
32249 2492
13276 2492
11958 2491
14859 2490
20794 2489
19808 2489
1481 2489
29360 2489
30347 2489
15615 2488
17429 2487
8362 2487
37066 2485
13636 2485
15344 2485
23233 2485
34781 2485
39601 2485
52939 2485
60360 2485
73246 2485
9710 2485
58225 2484
91400 2484
43854 2484
61069 2484
11531 2484
77805 2484
46101 2484
22468 2483
26931 2483
6015 2483
24972 2482
42655 2482
87720 2482
21827 2482
23837 2482
28445 2482
21968 2482
82510 2481
21449 2481
16719 2481
198742 2481
217998 2480
41167 2480
5413 2480
2395 2479
185742 2478
50119 2478
16347 2477
41755 2477
20153 2476
14775 2476
7883 2475
12938 2475
16631 2475
17307 2475
25958 2475
36464 2475
54313 2475
25067 2474
11546 2474
23182 2474
31731 2473
14023 2472
54419 2472
48124 2471
21057 2470
28776 2470
55394 2470
57927 2470
75405 2470
18966 2468
63834 2468
8595 2467
27812 2467
12098 2466
3235 2466
43775 2465
54678 2465
33579 2464
45019 2464
51503 2464
52250 2464
61210 2464
79537 2464
3409 2464
23517 2464
28530 2464
7142 2464
182071 2463
31326 2462
11952 2462
16735 2462
25143 2461
238822 2461
38872 2460
27366 2460
11994 2460
24019 2460
3153 2459
30446 2459
7537 2459
21478 2458
28439 2458
29191 2458
2241 2458
5229 2458
42093 2458
71592 2458
11933 2457
26793 2457
24749 2457
42048 2457
19684 2456
8148 2456
63587 2456
18549 2455
35401 2455
79151 2455
21188 2455
236857 2454
27128 2454
26778 2454
39528 2454
80872 2454
188420 2454
4912 2453
29426 2453
38901 2453
162257 2453
22120 2452
32118 2452
35313 2451
21775 2451
75429 2451
79341 2451
44608 2451
174010 2451
154532 2451
8980 2450
16677 2450
3600 2450
212605 2449
33471 2449
32032 2449
16152 2448
8732 2448
37838 2448
10862 2448
26070 2448
24219 2447
39950 2446
21265 2446
29494 2446
15318 2446
48685 2446
50322 2445
15714 2444
38836 2444
20843 2444
25852 2444
15333 2443
17888 2443
2749 2443
63511 2443
74767 2443
51633 2443
18818 2443
41020 2442
5521 2442
30271 2442
43081 2441
14136 2440
6252 2439
28244 2439
23775 2439
19855 2439
84072 2438
23944 2438
11834 2437
40173 2437
8580 2437
23768 2436
12968 2434
54024 2434
48759 2434
9430 2434
43034 2434
23615 2434
38807 2434
49830 2434
24007 2433
17541 2433
29142 2433
51854 2432
1625 2431
30599 2431
55913 2431
22154 2431
48758 2430
199769 2430
16546 2429
14372 2428
13380 2428
162484 2428
4740 2427
17883 2427
14036 2427
43743 2426
24658 2426
22693 2425
35653 2425
4733 2424
17623 2424
19330 2424
21976 2424
24821 2424
38171 2424
49256 2424
72322 2424
95677 2424
80627 2424
174367 2423
20738 2423
23678 2423
12058 2423
21428 2422
22316 2422
32722 2422
33828 2422
43609 2422
54100 2422
67178 2422
70133 2422
95352 2422
21004 2422
10322 2421
15618 2421
3197 2421
72545 2420
168178 2419
27410 2418
20230 2418
18740 2417
24125 2416
1415 2416
55656 2416
17855 2416
31732 2415
19434 2415
11902 2415
27885 2415
84481 2414
8435 2414
11243 2414
30834 2414
16838 2414
34936 2414
38680 2414
20614 2414
157502 2414
42045 2413
31156 2413
72939 2413
35689 2412
38329 2412
31157 2411
2847 2411
72725 2411
21409 2410
34503 2409
22854 2408
49914 2408
59242 2408
31325 2408
19865 2408
38152 2408
5793 2408
11409 2407
6519 2407
79229 2407
41547 2406
18324 2406
6097 2405
20637 2405
25155 2405
30052 2404
27090 2404
12871 2404
9613 2404
6550 2404
11768 2404
21102 2404
34283 2404
8918 2403
10247 2403
9118 2403
21564 2403
59844 2403
15121 2402
12976 2402
17482 2402
6943 2401
22823 2401
154606 2401
69319 2400
48531 2400
2230 2399
16592 2399
62413 2398
21495 2398
38666 2398
39927 2397
2860 2397
10454 2396
16864 2395
15431 2395
37062 2395
25303 2395
65714 2395
10763 2395
10896 2395
28140 2395
6523 2393
17284 2393
17359 2393
43613 2393
47650 2393
50056 2393
73516 2393
75136 2393
30066 2393
17445 2393
51904 2393
20088 2393
186231 2392
24815 2392
9240 2392
18076 2391
27290 2391
46429 2390
34649 2390
32016 2390
3794 2389
26000 2389
25050 2388
92592 2388
38827 2388
7332 2388
7723 2388
49544 2388
5237 2387
11257 2387
29297 2386
23589 2386
18484 2385
4345 2385
36891 2385
16910 2384
17628 2384
209094 2384
242269 2383
17111 2383
35145 2383
67821 2383
52318 2383
217539 2382
3549 2382
187451 2382
38523 2382
4971 2381
22447 2381
11238 2381
80692 2381
9596 2380
75502 2380
10331 2380
18808 2380
63299 2380
23140 2379
20865 2379
27584 2377
33165 2377
8017 2377
15027 2377
2367 2377
29442 2377
39599 2377
27769 2377
22786 2376
47334 2376
12939 2376
48112 2376
63978 2376
5685 2375
37461 2375
27936 2375
13216 2375
18354 2375
21683 2375
9562 2375
24156 2374
17784 2374
77145 2374
15265 2373
34854 2373
38084 2373
8912 2373
10576 2373
63818 2373
235905 2373
200982 2373
29678 2372
28506 2371
9806 2371
25774 2371
16520 2370
568 2370
3518 2370
15128 2370
95501 2370
24766 2370
25592 2370
28502 2369
3885 2368
23697 2368
49238 2368
83935 2368
8167 2366
6391 2366
17005 2366
24479 2365
14555 2365
31721 2365
39830 2365
25440 2364
17500 2364
16314 2364
10517 2364
50717 2364
8219 2364
69265 2364
19915 2364
39952 2363
50374 2363
84384 2363
16062 2363
20668 2363
16856 2362
21278 2362
11269 2362
27243 2361
34806 2361
80558 2361
50885 2361
72247 2360
223263 2360
39111 2360
61733 2360
22474 2360
23791 2360
23928 2359
6314 2359
52862 2359
19866 2359
49798 2358
21928 2358
11124 2357
36275 2357
15503 2357
1222 2357
155721 2357
14138 2356
27433 2356
16577 2356
59865 2356
18204 2355
12644 2355
19129 2355
69813 2353
166042 2353
6465 2353
13725 2353
14112 2353
14598 2353
23259 2353
29273 2353
37887 2353
51611 2353
56253 2353
92737 2353
14770 2352
11367 2352
210529 2352
22680 2351
7115 2351
11105 2350
9406 2350
34605 2350
19446 2349
24072 2349
16149 2349
45808 2349
48428 2348
23394 2348
209985 2348
14926 2348
8689 2347
6547 2347
35638 2347
33622 2346
34906 2345
65246 2345
31740 2345
19987 2345
9906 2345
18837 2345
12471 2345
21245 2344
20607 2344
237597 2343
12620 2343
12843 2343
17336 2343
22431 2343
30704 2343
38323 2343
38489 2343
53836 2343
67524 2343
90657 2343
95558 2343
9055 2343
43449 2343
44047 2343
78724 2342
22609 2342
27811 2342
191693 2342
13031 2342
15946 2341
19735 2341
227509 2340
3280 2340
6952 2339
20439 2339
7331 2339
41501 2339
17425 2338
25585 2337
49067 2337
67700 2337
73582 2337
81310 2337
11725 2337
3389 2337
11253 2337
48611 2336
35453 2336
29694 2335
218865 2335
21080 2335
31388 2335
59945 2334
12492 2334
3198 2334
23159 2333
31107 2333
20692 2333
24537 2333
8647 2333
21170 2333
22064 2333
42105 2333
59365 2333
77773 2333
79342 2333
55047 2332
16826 2332
11744 2332
63183 2332
34136 2331
43492 2331
224667 2331
21577 2331
14131 2331
14611 2330
13246 2330
12117 2330
159909 2329
26973 2329
62236 2328
9949 2328
22378 2327
25374 2327
13862 2327
27868 2327
4883 2327
151380 2327
15716 2327
31860 2325
26872 2325
42028 2325
52386 2325
81314 2325
18344 2325
18576 2325
23769 2325
5352 2324
22622 2324
161707 2324
156086 2324
44663 2323
26344 2323
23622 2323
17492 2323
20764 2322
28327 2322
33900 2322
76199 2322
94932 2322
20355 2322
157258 2322
31084 2321
8675 2321
174518 2321
49788 2321
25559 2321
168410 2321
1840 2320
15297 2320
20878 2319
29571 2319
55368 2319
62434 2319
43732 2318
27454 2318
23641 2318
18450 2317
30053 2317
3881 2316
52746 2316
26884 2315
8743 2315
9104 2315
9970 2315
8836 2314
90174 2314
36805 2313
26151 2313
33794 2313
41679 2313
47915 2313
56411 2313
68234 2313
27626 2313
40189 2313
52383 2312
23287 2312
15743 2312
26247 2312
50348 2312
55120 2312
86730 2312
27826 2312
16197 2312
9232 2312
167479 2311
17832 2311
50332 2311
10069 2311
12723 2310
29625 2310
30145 2310
32784 2310
26015 2310
18836 2310
48420 2310
14130 2309
156904 2309
61897 2309
24980 2309
156179 2308
29672 2308
59519 2308
23607 2308
27466 2307
16725 2307
28282 2307
49376 2307
11818 2306
2156 2306
16109 2306
28598 2306
74088 2305
39943 2305
34816 2305
4304 2304
54009 2304
41156 2303
43534 2303
48603 2303
14399 2303
20463 2302
28675 2302
45189 2302
60718 2302
81520 2302
23819 2302
4761 2302
14171 2301
16724 2301
18337 2301
31174 2301
32886 2301
76181 2301
65982 2300
62302 2300
25742 2299
229224 2299
57419 2299
33789 2299
3185 2299
21566 2298
167417 2298
31003 2298
12587 2298
65189 2298
2287 2298
4632 2297
3419 2297
27036 2297
23672 2297
10841 2297
32768 2297
9027 2296
57282 2296
8926 2296
6609 2296
24509 2295
41127 2295
73595 2295
26342 2295
63490 2295
5657 2294
5360 2294
40357 2293
44010 2293
21949 2293
45320 2293
73357 2292
46434 2292
13163 2292
42661 2292
53865 2292
60363 2292
15432 2292
23950 2292
68537 2292
7027 2291
5450 2291
15057 2291
8827 2291
23978 2291
59761 2291
35088 2291
35229 2290
2918 2290
37020 2290
11817 2289
20741 2289
45430 2289
11151 2289
20716 2289
34018 2289
51808 2289
54908 2289
55807 2289
61530 2289
92768 2289
15120 2289
11633 2287
14972 2287
38139 2287
5944 2287
245555 2287
36150 2286
228271 2286
47663 2286
1935 2286
13429 2285
11271 2285
11000 2284
2505 2284
12142 2284
8462 2284
9733 2283
18468 2283
6161 2283
22214 2282
5846 2282
52975 2282
85023 2282
88963 2282
8253 2282
59210 2282
42098 2281
6445 2281
44362 2281
63918 2281
201264 2281
29187 2280
75773 2280
1023 2279
26699 2279
5110 2278
51952 2278
28589 2278
35306 2277
12815 2277
27455 2277
38300 2277
59584 2277
64268 2276
28365 2276
47307 2276
15571 2276
31210 2275
15840 2275
30481 2275
30703 2275
16640 2275
25329 2274
8344 2274
22525 2273
5355 2273
26174 2273
36145 2273
11605 2272
25349 2272
26373 2272
8752 2272
22713 2272
46048 2272
61958 2272
85550 2272
224165 2271
18509 2271
12174 2270
20170 2270
46209 2270
4622 2269
40491 2269
22625 2269
12588 2268
16172 2267
27895 2267
80912 2267
35331 2267
75420 2266
1480 2266
185685 2266
12816 2265
2479 2265
32393 2265
24316 2265
39704 2264
60559 2264
64852 2264
91479 2264
92927 2264
71078 2264
30328 2264
26781 2264
10226 2264
18553 2263
33767 2263
15390 2263
56082 2263
29667 2263
24165 2262
25872 2262
3887 2262
20379 2262
24802 2262
36098 2262
38061 2262
42416 2262
43959 2262
59637 2262
78425 2262
15137 2262
14774 2261
23334 2261
28810 2261
38428 2261
10479 2261
33304 2261
21587 2260
54903 2260
8543 2260
14707 2259
11434 2259
173740 2259
70755 2259
37404 2259
30857 2259
25091 2259
25296 2258
9035 2258
24770 2258
7090 2258
67160 2257
182187 2257
4615 2256
45897 2256
6915 2256
30108 2256
9437 2255
69402 2255
24490 2255
13481 2255
41935 2255
6884 2255
42900 2255
222234 2255
2910 2254
79817 2254
17740 2254
2461 2254
30785 2253
7791 2253
50561 2253
13362 2253
76540 2252
21165 2252
3942 2252
21286 2252
5207 2252
7454 2251
14978 2251
17150 2251
29591 2251
29830 2251
50246 2251
64057 2251
79046 2251
53864 2251
10489 2250
35237 2250
12432 2249
28940 2249
83493 2249
47927 2249
11807 2249
16722 2248
5985 2247
43188 2246
15437 2246
92413 2245
3776 2245
9699 2245
35742 2244
80397 2244
12100 2244
90572 2244
158711 2244
25400 2243
11090 2242
40174 2242
219216 2242
17244 2242
39811 2242
8721 2241
17152 2241
17965 2241
25209 2241
67915 2241
69771 2241
78029 2241
16238 2240
24402 2240
35177 2240
43541 2240
76663 2240
14672 2240
15745 2238
67708 2238
27276 2238
24082 2237
13236 2237
72777 2237
9415 2237
21270 2236
8218 2236
29463 2235
29269 2235
11217 2235
9066 2235
18591 2234
31936 2234
58185 2233
22272 2233
19217 2232
205628 2231
11980 2231
12494 2231
45852 2231
48093 2231
74177 2231
3780 2231
39059 2231
95200 2231
15501 2231
12758 2231
16609 2230
8139 2230
3440 2230
20959 2229
3285 2229
19223 2228
30935 2228
18666 2228
29818 2227
28367 2226
43413 2226
14518 2226
72932 2226
42741 2225
13615 2225
15499 2225
29324 2225
39187 2225
35058 2224
24830 2224
23702 2224
25719 2223
5356 2223
6325 2223
20130 2223
29881 2222
22430 2222
217024 2222
19048 2221
14596 2221
15925 2221
24973 2221
37477 2221
90336 2221
30111 2220
44409 2220
22237 2220
11268 2220
25517 2219
30537 2219
47193 2219
217402 2219
46508 2219
26180 2218
1338 2218
7207 2217
6527 2217
18995 2217
49948 2217
40701 2217
181466 2216
29843 2216
52826 2216
34337 2216
22358 2216
87810 2216
64707 2216
212996 2215
48113 2215
10563 2215
201497 2215
27844 2214
35558 2214
19200 2214
46631 2214
159453 2214
23709 2214
12844 2213
37481 2213
23581 2213
47365 2213
20058 2212
38857 2211
243922 2211
15586 2211
23690 2211
25258 2211
31878 2211
37056 2211
39619 2211
40819 2211
46785 2211
59698 2210
21316 2210
19177 2210
8266 2209
24782 2208
37699 2208
26630 2208
13881 2207
30714 2207
231390 2207
11326 2207
34482 2206
27795 2206
19281 2204
21362 2204
42169 2204
45205 2204
4377 2204
38029 2204
30798 2204
34740 2204
82838 2204
23901 2204
39550 2204
26807 2204
15679 2204
33389 2203
34982 2203
216892 2203
86231 2203
27358 2202
21576 2202
30261 2202
22842 2202
231363 2201
10518 2201
24033 2201
26841 2201
52059 2201
25615 2201
7286 2201
34282 2200
37469 2200
5958 2200
3312 2200
7590 2200
18692 2200
10876 2199
27371 2199
20317 2199
20777 2198
13809 2198
27199 2198
87055 2198
13439 2198
35604 2197
4460 2197
45465 2197
12286 2197
30801 2197
32543 2197
33241 2196
13534 2196
23267 2196
27520 2195
23431 2195
22258 2195
19268 2195
19670 2195
39926 2194
202514 2194
17699 2194
23796 2193
12405 2193
22081 2193
20587 2192
24389 2192
27151 2192
55600 2192
65019 2192
20007 2191
11221 2191
16749 2191
7102 2191
24510 2191
39965 2191
88300 2191
1766 2190
17272 2190
8058 2190
43729 2190
9220 2190
9810 2190
23602 2189
21122 2189
69252 2189
27204 2189
48507 2188
17936 2188
3014 2188
81061 2187
24223 2187
31635 2187
41630 2186
37417 2185
29787 2185
19397 2185
35426 2185
32159 2185
14663 2184
5066 2183
163764 2182
16073 2182
20735 2182
56724 2182
31641 2181
34656 2181
15497 2181
35424 2181
11087 2180
15332 2180
28677 2180
35862 2180
37809 2180
38325 2180
57997 2180
80820 2180
2209 2180
44212 2180
22478 2180
44466 2180
48776 2180
93058 2180
10025 2179
17346 2179
94093 2178
7727 2178
22396 2178
74267 2177
27051 2177
32907 2177
32022 2177
6508 2176
22811 2176
48161 2176
38874 2175
29962 2175
12404 2175
22392 2175
94834 2174
185090 2174
30676 2173
22728 2173
4240 2172
6703 2172
19810 2172
15722 2172
35474 2172
1305 2171
45375 2171
32263 2170
30571 2170
37226 2170
9424 2170
10515 2170
21773 2170
26456 2170
35691 2170
38726 2170
44744 2170
54057 2170
59818 2170
21318 2170
26380 2169
91006 2169
42431 2168
46560 2168
8974 2168
24429 2168
57590 2168
29924 2168
33606 2168
42054 2168
77094 2168
74509 2167
11683 2167
21070 2167
23308 2167
73092 2167
9922 2166
35841 2166
26907 2166
22108 2165
39726 2165
26703 2165
69828 2165
37721 2165
10547 2164
39144 2164
20194 2164
27710 2164
27747 2164
36289 2164
38185 2162
23272 2162
18890 2162
43298 2161
4302 2161
6779 2161
24205 2161
9125 2160
33336 2160
45404 2160
70800 2160
23535 2160
62019 2160
29684 2159
25343 2159
32926 2159
8682 2158
177885 2158
10120 2158
6949 2158
21330 2157
84393 2157
13367 2157
11299 2157
20509 2156
8921 2156
40037 2156
50417 2156
75559 2156
91863 2156
21426 2155
45426 2155
68412 2154
55734 2154
25893 2154
33983 2154
30070 2154
13632 2153
30957 2152
3951 2152
54754 2152
37371 2151
11862 2151
18172 2151
32498 2151
7506 2151
21475 2150
87069 2150
8549 2150
32219 2150
20173 2150
30959 2150
64643 2150
65150 2150
70986 2150
83849 2150
65757 2150
22407 2150
16169 2149
9819 2149
17045 2149
11758 2149
41753 2148
1773 2147
19152 2147
21627 2147
6065 2147
23662 2146
50241 2146
19797 2146
17032 2146
15487 2146
7319 2146
1084 2145
19747 2145
5610 2144
62064 2143
36252 2143
36684 2143
47394 2143
51356 2143
23940 2143
182501 2143
48622 2142
39626 2142
3077 2142
40324 2141
16136 2141
10659 2141
39213 2141
57996 2140
54225 2140
87325 2140
83773 2140
22952 2140
11547 2140
27608 2140
34531 2140
37460 2140
41046 2140
46827 2140
55552 2140
79513 2140
40929 2140
11545 2139
234526 2139
8702 2139
5256 2139
9044 2139
23704 2138
17745 2138
12167 2138
2846 2138
4444 2138
165224 2138
67864 2137
42019 2137
35836 2136
6404 2136
27643 2136
43062 2135
94872 2134
23331 2134
174347 2134
53103 2134
66275 2134
33958 2134
7982 2133
29203 2133
218782 2133
75759 2132
48509 2132
59515 2132
43806 2132
17476 2132
29958 2132
21931 2131
24126 2131
31594 2131
34775 2131
50975 2131
63995 2131
83789 2131
18377 2131
25599 2131
58496 2131
75768 2130
13103 2130
15646 2130
34866 2130
40681 2130
40734 2130
45605 2130
66231 2130
86908 2130
35013 2129
21970 2129
22662 2129
38589 2129
29104 2129
11500 2129
7932 2129
32294 2128
53118 2128
56533 2128
77890 2128
3834 2128
23959 2128
14714 2128
55025 2127
70933 2127
188650 2127
41359 2127
14763 2127
7119 2127
54102 2127
42808 2127
19153 2127
20837 2126
16920 2126
6583 2125
196304 2125
43751 2125
68184 2124
4373 2124
219185 2124
24667 2123
11397 2122
11336 2122
21835 2122
25661 2121
90320 2121
52866 2121
79196 2121
242223 2121
17058 2120
244777 2120
19798 2120
30776 2120
37263 2120
42744 2119
52351 2119
25364 2119
33219 2119
61602 2119
74719 2119
14750 2119
42067 2119
86338 2119
2826 2118
28637 2118
88592 2118
13964 2118
37356 2117
27504 2117
31477 2117
75667 2117
14971 2117
55288 2116
67030 2116
24199 2115
46399 2115
1884 2115
244854 2115
25536 2115
7783 2114
155105 2113
39570 2113
28331 2113
67699 2113
91521 2112
49926 2112
20417 2112
14011 2111
17385 2111
13628 2111
38086 2111
14871 2110
17142 2109
23026 2109
66793 2109
69917 2109
172951 2109
55404 2109
57062 2109
33403 2109
12148 2109
10717 2107
17869 2107
48224 2107
14497 2107
61093 2106
190661 2106
27449 2105
7679 2105
79726 2105
18038 2105
17297 2105
46961 2105
17807 2105
9420 2104
21517 2104
40559 2104
48419 2104
9879 2104
26635 2104
29283 2104
20833 2104
61683 2103
44229 2103
22673 2103
17633 2102
42491 2102
37972 2102
19211 2102
53100 2102
230161 2102
203340 2102
13894 2101
26934 2101
33224 2101
191292 2101
196780 2101
3581 2100
32946 2100
29275 2100
15277 2100
37435 2100
18859 2099
27903 2099
13212 2099
240187 2099
22038 2098
62178 2097
47953 2097
25005 2097
17345 2097
189948 2096
88732 2096
26173 2096
13554 2096
25348 2095
21671 2095
71136 2095
67769 2095
43490 2095
90293 2095
3637 2094
41925 2094
54878 2094
7682 2094
8393 2093
30181 2093
44331 2093
7994 2092
32170 2092
54136 2092
72930 2092
27129 2092
84533 2091
7381 2091
14781 2091
47364 2091
19675 2091
18547 2091
39300 2090
34585 2090
14258 2089
19135 2089
23348 2089
26324 2089
34543 2089
35344 2089
43982 2089
44573 2089
48074 2089
62423 2089
72285 2089
82251 2089
15486 2089
31595 2089
58278 2089
73438 2087
8800 2087
32947 2087
29752 2086
2079 2086
8115 2086
7666 2086
56404 2085
64272 2085
1914 2084
8817 2084
28025 2083
84073 2083
32902 2083
33654 2083
38058 2083
49747 2083
56968 2083
6815 2081
214381 2081
9425 2081
15985 2081
28928 2081
18707 2080
7064 2080
57374 2080
22449 2080
30864 2080
4036 2080
6719 2080
23720 2080
238317 2079
12023 2079
17067 2079
32325 2079
46316 2079
60573 2079
72611 2079
93447 2079
12857 2079
53050 2079
11872 2078
28144 2078
52215 2078
3468 2078
24217 2078
48745 2077
38606 2077
35702 2077
23497 2076
23383 2076
10413 2076
17551 2075
67886 2075
1941 2075
11828 2075
60947 2074
8269 2074
5274 2074
3848 2074
43461 2074
19580 2074
18503 2074
17108 2073
216007 2073
191355 2073
52287 2073
10139 2073
5931 2073
24157 2073
3883 2072
49959 2072
25939 2071
9975 2071
18537 2071
8368 2071
87740 2071
37960 2071
51610 2071
66491 2071
77603 2071
29041 2070
34609 2070
43388 2070
49719 2069
44312 2069
91146 2069
9823 2069
11481 2069
32692 2069
36981 2069
38577 2069
43874 2069
44354 2069
53146 2069
13907 2069
2384 2069
81904 2069
62695 2069
7610 2068
4253 2068
16270 2068
26799 2068
49475 2068
59452 2068
11188 2067
23770 2067
17305 2067
5591 2067
55833 2066
7344 2066
7327 2066
3193 2065
25822 2065
37533 2065
26500 2064
47194 2064
12293 2063
16494 2063
5838 2063
28328 2063
71545 2063
54066 2063
17494 2063
173279 2062
26540 2062
50341 2062
60750 2061
23046 2061
95535 2061
23932 2061
161038 2061
185766 2060
93922 2060
166319 2060
13159 2059
165865 2059
3691 2059
58993 2059
9779 2059
10415 2059
20768 2059
23360 2059
64920 2059
65335 2059
65864 2059
72837 2059
27418 2059
33448 2059
35363 2059
40600 2059
47158 2059
27828 2058
3230 2058
987 2058
26817 2058
19748 2058
47286 2057
25989 2056
30774 2056
67548 2056
39745 2056
82258 2056
26677 2056
69542 2056
5857 2055
164201 2055
66771 2054
28187 2054
28956 2054
4224 2054
157645 2053
159272 2053
27350 2052
2323 2052
29845 2052
25705 2052
36565 2051
2152 2051
61073 2051
28732 2050
25416 2050
27376 2050
36431 2050
25392 2050
4785 2050
42524 2050
11274 2049
16509 2049
44667 2049
8395 2049
12707 2049
13049 2049
45495 2049
59623 2049
94415 2049
9790 2048
27723 2048
36652 2048
3853 2048
8645 2048
29170 2048
20174 2047
12875 2047
23110 2047
24990 2047
44013 2047
46643 2047
71036 2047
26709 2046
19301 2046
25231 2045
24195 2045
34353 2045
36673 2045
18036 2044
34568 2044
67695 2044
15900 2044
58341 2044
19861 2044
37936 2043
29754 2043
14713 2043
87824 2043
23032 2043
32663 2042
40655 2042
73165 2041
21143 2041
20293 2041
22643 2041
66420 2040
48147 2040
7491 2039
70383 2039
36809 2039
48690 2039
6234 2039
16632 2039
4420 2038
20472 2038
32916 2038
43679 2038
43997 2038
60503 2038
80457 2038
85870 2038
28487 2038
53463 2038
1434 2038
7018 2038
21892 2038
228153 2038
1424 2038
3118 2037
34330 2037
171893 2037
34756 2037
36192 2037
39435 2036
7778 2036
67518 2036
67194 2036
44026 2035
30165 2035
30869 2035
19956 2034
46036 2034
64084 2034
65653 2034
72323 2034
91188 2034
35664 2034
32288 2034
25158 2033
37257 2032
64145 2032
30465 2032
55147 2032
23278 2032
51189 2032
3643 2031
77296 2031
82324 2031
7418 2031
34742 2031
3126 2031
7691 2031
12176 2030
59505 2030
12156 2030
57571 2030
165309 2030
48017 2030
15922 2029
48028 2029
49956 2028
12337 2028
13509 2028
14039 2028
16871 2028
26838 2028
40758 2028
43543 2028
47533 2028
60010 2028
70338 2028
78589 2028
7423 2028
5116 2028
73583 2028
43285 2028
21805 2028
26104 2028
38773 2027
231723 2027
26977 2027
70374 2027
18331 2027
4758 2026
18955 2026
11564 2026
25788 2025
39439 2025
28774 2025
18301 2025
7164 2025
94060 2025
179896 2024
14273 2024
34111 2024
18238 2024
43583 2023
15055 2023
197792 2023
20754 2022
17273 2022
18624 2022
35528 2022
47434 2022
237115 2022
230163 2022
22300 2022
19749 2021
34373 2021
39407 2021
33514 2021
33116 2020
33416 2020
19793 2020
15728 2019
22476 2019
8286 2019
62259 2019
28728 2019
55704 2019
17666 2019
46535 2019
43614 2018
34923 2018
44674 2018
82287 2018
9785 2017
36707 2017
31854 2017
35674 2017
27345 2017
24873 2016
3752 2016
19848 2015
11721 2015
40775 2014
22742 2014
39547 2014
28100 2014
64596 2014
49994 2013
57715 2013
22856 2013
39972 2013
7171 2013
45743 2013
3585 2012
21172 2012
74593 2012
55411 2011
72373 2011
167313 2011
83064 2010
6224 2010
27765 2010
46862 2010
63560 2010
6424 2010
23891 2009
16141 2009
3609 2009
66418 2008
14755 2008
20362 2008
23778 2008
30097 2008
35577 2008
48461 2008
54157 2008
64591 2008
90484 2008
21630 2008
29164 2008
19601 2008
6774 2007
56897 2007
37011 2007
54124 2007
57933 2007
12407 2007
3390 2007
9033 2006
22858 2006
2335 2006
44109 2005
27559 2005
27780 2005
94428 2004
8911 2004
10994 2004
81960 2004
65775 2004
6472 2004
23857 2003
20490 2002
29274 2002
18998 2002
13689 2001
37991 2001
31216 2001
33340 2001
7187 2001
6169 2000
43318 2000
37996 1999
49477 1999
29315 1999
1213 1998
17584 1998
3402 1998
27700 1998
9577 1998
12080 1998
12437 1998
22435 1998
27633 1998
37566 1998
38076 1998
51180 1998
62595 1998
85621 1998
30413 1997
60759 1997
48865 1997
24691 1997
61086 1997
74248 1997
12743 1996
83999 1996
6855 1996
19036 1996
23553 1996
31296 1995
36250 1994
20204 1994
15564 1994
19215 1994
20918 1993
22866 1993
36397 1992
43437 1992
165418 1991
180920 1991
13947 1991
28873 1990
26816 1990
22270 1989
26148 1989
19459 1989
56048 1989
10371 1989
21044 1988
58957 1988
16541 1988
49709 1988
25291 1988
5900 1988
11034 1988
25884 1988
27720 1988
30758 1988
37003 1988
38676 1988
43719 1988
50586 1988
17320 1987
13411 1987
173638 1987
38753 1987
42933 1986
51989 1986
53069 1986
28447 1986
30579 1986
44120 1986
19973 1985
22532 1985
44473 1985
31575 1985
24330 1985
40664 1985
33501 1985
23838 1984
84403 1984
23059 1984
14499 1984
12951 1984
4645 1983
6806 1983
37853 1982
20207 1982
29575 1982
23522 1982
21422 1982
14671 1981
9867 1981
31983 1981
93896 1981
16202 1981
36763 1981
25773 1980
43289 1980
63174 1980
54360 1980
45623 1980
44550 1980
11444 1980
10246 1979
64051 1979
52486 1979
47682 1979
32655 1979
20580 1978
5567 1978
5103 1978
207860 1978
15875 1978
8736 1978
21614 1978
28341 1978
31064 1978
21875 1977
36023 1977
15207 1977
30314 1977
20233 1977
31072 1977
88817 1977
157214 1976
56091 1976
91090 1975
21506 1975
24612 1975
30412 1974
13156 1974
7079 1974
13565 1974
23307 1974
37498 1974
59405 1974
20604 1973
16066 1973
27271 1972
33086 1972
45075 1972
955 1972
3189 1972
15767 1972
29784 1972
4291 1972
19408 1971
22022 1971
25882 1971
31508 1971
32957 1971
4810 1971
28032 1971
665 1971
2249 1971
46003 1970
70897 1970
85994 1970
34617 1969
30043 1969
34707 1969
212771 1969
53843 1969
34227 1968
30746 1968
55249 1968
15955 1968
50275 1968
15289 1968
3477 1967
9119 1967
13107 1967
24968 1967
27120 1967
27263 1967
49751 1967
78521 1967
42517 1967
35150 1967
8191 1967
68069 1967
35514 1967
37917 1967
167863 1967
14476 1966
6012 1965
38356 1965
14345 1964
14512 1964
38698 1964
51950 1963
13786 1963
13995 1963
57284 1963
18868 1963
32060 1963
20422 1963
26157 1962
51331 1962
55958 1962
81407 1962
84027 1962
37994 1961
7564 1961
24948 1961
63265 1961
1111 1961
27381 1961
7935 1961
27419 1960
34916 1960
23133 1960
23214 1959
71188 1959
25697 1959
193380 1958
49625 1958
13497 1958
83046 1958
46539 1958
18657 1957
2815 1957
8205 1957
12221 1957
24727 1957
25779 1957
26651 1957
40130 1957
41320 1957
52933 1957
71452 1957
83743 1957
57678 1957
13407 1957
69808 1956
52138 1956
36213 1956
75472 1955
53141 1955
19983 1954
9194 1954
29878 1954
196215 1953
21849 1953
29458 1953
37573 1953
56996 1953
75389 1952
41246 1952
49390 1952
25791 1951
51675 1951
25018 1951
15818 1951
19669 1951
38760 1950
77411 1950
47096 1950
4587 1950
9090 1950
39653 1950
23116 1950
22368 1950
24694 1950
55666 1950
56677 1950
59102 1950
49491 1949
22305 1949
18404 1949
31535 1949
44824 1948
18731 1947
23174 1947
23579 1947
28574 1947
9724 1947
21378 1947
30951 1947
33196 1947
54953 1947
90950 1947
94580 1947
9003 1947
221417 1947
32368 1947
15262 1947
8354 1947
23237 1947
59533 1947
22082 1946
36683 1946
60090 1946
16642 1946
86076 1946
13957 1946
15076 1945
12368 1945
55016 1945
18459 1945
2464 1945
46747 1944
31104 1944
5603 1943
965 1943
65223 1943
82976 1943
28192 1943
22718 1943
36231 1943
80754 1943
179029 1943
8406 1942
43282 1942
30318 1942
63885 1942
22255 1942
11017 1941
39557 1941
14681 1940
164034 1940
31824 1940
15041 1940
14260 1940
20901 1940
5408 1939
1450 1939
7855 1939
48321 1939
13066 1939
227490 1939
17146 1938
42962 1938
35442 1938
16679 1938
28406 1938
38733 1938
39096 1938
39935 1938
46967 1938
66433 1937
19458 1937
8483 1937
13756 1937
15792 1937
17612 1937
20897 1937
32898 1937
54874 1937
62755 1937
69050 1937
71492 1937
73356 1937
16457 1937
32589 1936
28898 1936
22770 1936
59347 1936
13999 1935
22294 1935
12772 1935
30207 1935
43459 1934
76214 1934
19332 1934
20416 1934
91679 1934
29935 1934
19786 1934
17575 1933
5761 1933
20382 1933
76899 1933
8898 1932
35012 1932
9366 1932
32441 1931
28853 1931
64579 1930
21054 1930
58194 1930
36097 1930
26882 1930
25464 1930
28746 1930
83608 1929
180995 1929
38984 1929
9032 1929
59557 1929
43663 1929
28632 1928
19889 1928
4515 1927
4525 1927
17510 1927
29677 1927
49288 1927
82067 1927
89494 1927
12358 1926
19559 1926
18961 1926
26767 1926
51721 1926
73388 1925
201886 1925
14093 1925
43651 1925
57880 1925
67574 1925
199562 1925
15909 1925
19850 1925
2676 1925
26336 1925
38089 1924
19592 1924
6916 1924
17481 1923
22663 1923
23480 1923
35943 1923
6446 1923
6515 1923
16233 1923
35525 1923
32365 1922
165409 1922
24374 1921
23102 1921
67894 1921
19417 1921
30254 1921
18758 1921
9042 1921
81342 1920
2636 1920
28405 1920
16166 1920
6267 1920
23848 1919
34107 1919
56855 1919
21903 1919
85103 1919
77922 1919
12780 1919
29295 1919
30195 1919
34372 1919
9115 1919
19823 1919
3463 1918
25581 1918
29687 1918
44102 1918
37010 1918
41778 1917
11425 1917
36180 1917
44952 1917
68228 1917
76901 1917
84976 1916
63227 1916
231424 1916
2623 1916
33722 1916
45636 1916
15314 1916
30135 1916
39396 1916
168101 1916
18374 1916
62924 1915
26790 1915
13041 1914
2025 1914
54709 1914
17368 1913
22387 1913
24989 1913
29842 1913
35999 1913
38284 1913
41336 1913
43720 1913
43915 1913
44335 1913
52181 1913
56437 1913
59467 1913
67550 1913
64676 1913
15308 1913
23310 1913
29828 1913
65269 1912
41212 1912
26901 1911
203081 1911
86973 1911
12415 1911
4311 1911
7324 1911
25307 1911
44966 1910
25693 1909
17748 1909
7255 1909
18214 1909
15299 1909
20212 1909
21962 1909
20005 1908
17198 1908
171253 1907
3448 1907
18643 1907
13076 1907
14274 1907
16510 1907
43946 1907
63893 1907
46118 1906
8380 1906
8264 1906
11666 1906
228175 1905
94034 1904
39258 1904
34260 1904
11365 1904
56650 1904
31989 1904
16594 1904
172527 1904
87149 1903
21490 1903
1164 1903
45516 1902
6304 1902
38821 1902
27480 1902
22390 1902
38136 1902
18606 1902
38982 1902
62069 1902
15626 1902
38734 1902
17593 1901
31958 1901
59867 1901
79274 1901
92898 1901
21595 1901
29110 1900
176707 1900
15597 1900
2578 1900
27530 1899
42666 1899
60466 1899
201408 1899
21114 1899
48377 1899
88983 1899
17443 1899
13099 1899
33676 1899
26539 1898
21466 1898
49704 1898
62375 1898
16531 1898
14921 1898
28532 1898
27416 1898
33504 1897
10374 1897
17268 1896
21226 1896
39901 1896
72877 1896
93856 1896
20795 1896
10040 1896
3365 1896
72038 1895
43147 1895
53678 1895
195976 1895
41276 1895
24170 1895
36602 1894
8844 1894
7904 1893
33992 1893
4746 1893
58317 1892
16455 1892
35324 1892
23316 1892
163248 1891
4658 1891
6467 1891
1109 1891
9147 1890
82359 1889
14064 1889
29496 1889
31822 1889
34198 1889
35337 1889
38389 1889
56178 1889
79275 1889
89831 1889
67691 1888
21693 1888
220016 1887
47449 1887
24334 1887
13519 1887
50096 1887
38460 1887
51362 1886
7292 1886
15304 1886
15387 1886
23323 1886
24453 1886
47719 1886
13837 1886
6494 1886
63913 1886
80468 1886
85999 1886
36119 1886
20131 1885
43532 1885
10944 1885
38397 1884
56084 1884
14264 1884
26312 1884
19019 1883
37655 1883
59015 1883
5309 1882
34346 1882
49550 1882
42108 1882
13150 1881
5622 1880
18165 1880
12629 1880
53206 1880
91689 1880
6911 1880
79750 1879
16327 1879
31314 1879
9920 1879
17497 1879
8703 1879
85926 1879
22746 1879
33733 1878
39067 1878
29877 1877
245346 1877
33174 1877
37584 1877
41896 1877
42464 1877
46199 1877
47641 1877
49100 1877
60692 1877
79129 1877
15183 1877
17548 1877
48827 1877
31972 1876
2739 1876
12538 1876
18162 1876
22684 1876
24295 1876
28219 1876
28906 1876
69570 1876
92700 1876
164081 1876
2726 1876
6257 1876
41986 1876
42898 1876
22113 1875
40391 1875
55173 1875
74551 1875
20751 1875
22302 1875
29375 1875
16585 1875
50361 1875
3345 1875
45346 1875
8043 1874
8460 1873
40229 1873
75025 1873
25817 1873
30942 1873
5865 1872
67172 1872
21183 1872
17208 1872
38686 1872
14958 1872
47419 1871
14166 1871
31347 1871
23284 1871
32442 1870
202177 1870
31303 1870
41801 1870
28302 1870
49211 1869
59358 1869
21213 1869
18563 1869
38517 1869
40250 1869
13131 1868
22034 1868
70307 1868
11626 1867
10701 1867
221536 1867
4452 1866
22158 1866
14624 1866
26724 1866
46933 1866
48551 1866
40563 1866
27891 1866
12395 1866
21190 1866
24129 1865
41864 1865
49209 1865
80992 1865
190900 1864
24093 1864
18581 1864
24621 1864
2208 1864
245058 1864
77828 1864
23083 1863
14537 1863
26701 1863
16037 1863
15152 1863
38833 1862
40284 1862
184536 1862
35838 1862
32104 1862
161910 1861
21453 1861
7385 1861
20122 1861
15669 1861
5196 1861
41666 1861
15445 1860
13658 1860
17659 1860
40340 1860
86284 1860
5962 1859
45005 1859
192679 1859
8577 1859
37075 1859
35561 1859
8441 1859
70421 1859
25728 1858
38784 1858
60215 1858
4696 1858
95726 1858
15204 1858
16525 1857
17162 1857
36235 1857
79589 1856
17555 1856
35247 1856
50167 1856
50458 1856
55959 1856
63967 1856
89724 1856
95493 1856
11921 1856
8273 1856
8691 1855
38855 1855
202314 1855
34573 1854
9423 1854
80715 1854
162806 1854
5509 1854
35594 1853
18069 1853
39797 1853
32289 1853
20588 1853
22855 1853
25924 1853
32026 1853
34299 1853
41087 1853
61694 1853
52457 1852
40274 1852
56373 1852
54107 1851
7295 1851
19730 1851
11819 1851
5803 1851
59806 1851
63179 1851
46925 1850
8861 1850
12733 1850
22596 1850
14828 1850
40470 1850
28880 1849
27010 1849
19809 1849
11263 1848
14443 1848
41490 1848
17775 1848
24593 1847
3413 1847
20397 1847
4068 1847
42320 1847
13614 1847
31330 1846
60471 1846
44734 1846
14165 1846
8525 1846
28751 1846
40683 1846
43339 1846
46590 1846
86587 1846
22494 1845
36463 1845
75311 1844
21179 1843
9539 1843
13714 1842
32689 1842
91424 1842
229169 1842
31872 1842
10976 1842
27130 1842
51886 1842
3930 1842
6491 1842
77299 1842
21762 1841
870 1841
24460 1841
27958 1841
71378 1841
13299 1841
33612 1841
53568 1841
61752 1841
62460 1841
70892 1841
75302 1841
80979 1841
93228 1841
19781 1841
24867 1841
13581 1840
21992 1840
63266 1840
85238 1840
17558 1839
63119 1839
17675 1839
53656 1839
174291 1839
33872 1839
49472 1838
70822 1838
92612 1837
14981 1837
26477 1837
11219 1837
30965 1837
19386 1837
30794 1837
4500 1836
75658 1836
21655 1836
11077 1836
20707 1836
20714 1836
28789 1836
34012 1836
56907 1836
90118 1836
6008 1836
90456 1835
44171 1835
27138 1835
16356 1835
3616 1835
180376 1835
38832 1835
72550 1835
38287 1834
31683 1834
39627 1834
43626 1834
45842 1834
3724 1833
85348 1833
57426 1833
13123 1832
35015 1832
14554 1832
16515 1832
17109 1832
7889 1832
5231 1831
44518 1831
92284 1831
12935 1830
45184 1830
21780 1830
13970 1830
32863 1829
25941 1829
21583 1829
21832 1829
48387 1829
59682 1829
62792 1829
88468 1829
94638 1829
33283 1828
61863 1828
73737 1828
6909 1828
94162 1828
35531 1827
75505 1827
56821 1827
19396 1826
9515 1826
5071 1826
20179 1825
30634 1825
37205 1825
37602 1825
44378 1825
53223 1825
64595 1825
86045 1825
18395 1825
1468 1825
32262 1825
7126 1825
35892 1824
10138 1824
29985 1824
45197 1823
22267 1823
15803 1823
34474 1823
17519 1823
2232 1823
187473 1823
62634 1822
22793 1822
17896 1822
41397 1822
19541 1822
17003 1822
19083 1822
67473 1822
17986 1821
91811 1821
53140 1821
24245 1821
39505 1821
19833 1821
49547 1820
60110 1820
78276 1819
5970 1819
15972 1819
49640 1819
5314 1819
1736 1819
21608 1818
42978 1818
34539 1818
37017 1817
32931 1817
33479 1817
13745 1817
39778 1817
12271 1817
42677 1816
44313 1816
53267 1816
38217 1816
61361 1816
39356 1816
10464 1816
45535 1816
5549 1815
12201 1815
25966 1815
74927 1815
95566 1815
3562 1815
19312 1815
4454 1814
82687 1814
85193 1814
41066 1814
14756 1814
48176 1814
62355 1814
35642 1814
194449 1814
203070 1813
83355 1813
54716 1812
6878 1812
23400 1812
12399 1812
19425 1811
56905 1811
171227 1810
47265 1809
17972 1809
26034 1809
17043 1809
6138 1809
18016 1809
35045 1808
15813 1808
2247 1808
20732 1808
59250 1808
62495 1808
29582 1808
79617 1808
42826 1806
162959 1806
79054 1806
23964 1806
14207 1806
10536 1805
20394 1805
28879 1805
30969 1805
37490 1805
38490 1805
39629 1805
44584 1805
59665 1805
60991 1805
78289 1805
47264 1805
8584 1805
43438 1804
43986 1804
45869 1804
59395 1804
72103 1804
70863 1804
47248 1804
36377 1804
20947 1804
17535 1804
56800 1804
59041 1803
9513 1803
61645 1803
8662 1803
19788 1802
49711 1802
26865 1802
8821 1802
225935 1801
54748 1801
32235 1801
42016 1801
30585 1801
38167 1801
32007 1800
9374 1800
15271 1799
39759 1799
21220 1798
172089 1798
91610 1797
14988 1797
11580 1797
14109 1797
45775 1797
16424 1797
56443 1797
220194 1797
11641 1797
176013 1797
66938 1797
16761 1796
5115 1796
162834 1796
40452 1796
16209 1796
45311 1796
43643 1795
13572 1795
13967 1795
14692 1795
15692 1795
18071 1795
38628 1795
46383 1795
53199 1795
65042 1795
86891 1795
92164 1795
82081 1795
29713 1794
28000 1794
72632 1793
35994 1793
246634 1793
19802 1793
20374 1792
4387 1792
30385 1792
45534 1792
58292 1792
63903 1792
73155 1792
64204 1791
84570 1791
6544 1791
48526 1791
16989 1791
52652 1790
18241 1790
40870 1790
85587 1790
54048 1790
34100 1790
49743 1789
31052 1789
36600 1789
40204 1789
85791 1789
2087 1789
38728 1789
69267 1789
12535 1788
21691 1788
22172 1788
20327 1787
9071 1787
216946 1787
36531 1786
12509 1786
4201 1786
65818 1785
7440 1785
13406 1785
11875 1785
28069 1785
2769 1785
6689 1785
8110 1785
11215 1785
11356 1785
14384 1785
16112 1785
17778 1785
28556 1785
33385 1785
39809 1785
77312 1785
36954 1785
49569 1784
234135 1784
52968 1784
64931 1784
63419 1784
77801 1784
25762 1783
23302 1783
10034 1783
18477 1783
36784 1783
46609 1783
82021 1782
94080 1782
26820 1782
45956 1782
240479 1782
26179 1782
51862 1781
166804 1781
75593 1781
161499 1781
51076 1781
14024 1781
163610 1781
28953 1781
22833 1780
26054 1780
33038 1780
36590 1780
46064 1780
49652 1780
65758 1780
7862 1780
94689 1780
6345 1780
64375 1779
45993 1779
28579 1779
77260 1778
34788 1778
42853 1778
39336 1777
9694 1777
47805 1777
21979 1777
29162 1777
58206 1777
4278 1776
10790 1776
3576 1776
21751 1776
57173 1776
3656 1776
33657 1775
53088 1775
35880 1775
68272 1775
24713 1775
28161 1775
55915 1775
69105 1775
20384 1774
53646 1774
10420 1774
26927 1774
22181 1774
92636 1774
54379 1774
8933 1774
76748 1774
3630 1774
45868 1773
8913 1773
24391 1773
19406 1773
26006 1773
63387 1773
39655 1772
71739 1772
26126 1772
21235 1772
63785 1772
22824 1771
11179 1771
52853 1770
963 1770
8312 1770
23812 1769
237699 1769
14047 1769
9385 1769
45875 1768
9043 1768
27825 1768
29123 1768
34787 1768
35448 1768
35498 1768
43676 1768
49458 1768
51549 1768
58022 1768
81379 1768
82666 1768
47411 1768
44589 1768
32641 1767
58333 1767
223653 1767
31690 1767
16177 1767
25456 1766
67337 1766
24253 1766
230908 1766
12948 1766
49151 1766
26629 1765
18754 1765
57764 1765
4413 1765
10918 1765
15342 1765
17880 1765
23506 1765
37160 1765
35325 1764
14369 1763
222534 1763
39239 1763
201297 1763
46175 1763
194478 1763
3994 1762
44947 1762
82301 1762
21356 1761
39529 1761
31693 1761
30272 1761
3900 1761
91730 1760
19447 1760
77144 1759
37289 1759
18445 1759
5283 1758
35678 1758
27754 1758
2344 1757
86628 1757
42589 1756
19361 1756
22816 1756
34990 1756
37365 1756
39126 1756
65966 1756
75952 1756
32850 1756
36714 1755
12548 1754
14210 1754
14233 1754
14630 1754
18892 1754
19307 1754
23028 1754
26412 1754
32428 1754
45871 1754
52120 1754
52636 1754
77885 1754
85588 1754
42070 1754
86879 1754
12932 1754
24241 1754
85353 1754
27048 1753
34499 1753
53897 1753
22655 1753
17113 1753
78904 1753
40397 1753
14606 1753
95037 1752
31564 1752
1704 1752
39028 1752
30363 1752
41774 1751
87920 1750
77604 1750
8929 1750
18664 1750
2925 1750
45850 1750
45446 1750
160174 1750
24477 1749
73674 1749
85176 1749
17437 1749
38557 1749
65531 1748
7372 1748
31101 1748
26564 1748
12183 1748
43334 1748
67196 1748
37103 1748
83817 1747
40571 1747
16687 1747
8672 1747
50547 1747
11533 1747
45123 1747
792 1747
9660 1746
56506 1746
73765 1745
19960 1745
8541 1745
8143 1745
6801 1745
31341 1745
72588 1745
7314 1745
49900 1745
191661 1744
5575 1744
13268 1744
34157 1744
34564 1744
36159 1744
47551 1744
80524 1744
88425 1744
51871 1744
13797 1744
21117 1744
25351 1744
44255 1744
33361 1744
19629 1744
21373 1744
27109 1744
32565 1744
51219 1744
53648 1744
55566 1744
61434 1744
82191 1744
7085 1744
90846 1743
20328 1743
159410 1742
4151 1742
30673 1742
24349 1741
28178 1741
42975 1741
50148 1741
46418 1740
41239 1740
26392 1740
11659 1740
28203 1740
11055 1740
29714 1739
76418 1739
192778 1739
28111 1738
68957 1738
33683 1738
13370 1738
80462 1738
29646 1738
4329 1737
17886 1737
78937 1737
5371 1737
29466 1737
24928 1736
27571 1736
79132 1736
59183 1736
6148 1736
10167 1736
14751 1736
188237 1735
40808 1735
11450 1735
221720 1734
49078 1734
15943 1734
23726 1734
29400 1734
72185 1734
49415 1734
43315 1734
3775 1734
19818 1734
58865 1734
27964 1733
10082 1733
94896 1733
20134 1733
24304 1733
22050 1733
22898 1732
9900 1732
16211 1732
29627 1732
40354 1732
46302 1732
49772 1732
51169 1732
54020 1732
59511 1732
64715 1732
73766 1732
5683 1731
32189 1731
26365 1731
23693 1731
39442 1731
22581 1731
238266 1730
18513 1730
24315 1730
57154 1730
23611 1730
26228 1730
19803 1729
9726 1729
26404 1729
22768 1729
34870 1729
50188 1729
78694 1729
27438 1728
55733 1728
28253 1728
68701 1728
23043 1728
27560 1728
29471 1728
41671 1727
5912 1727
24779 1727
36769 1727
7671 1727
158347 1727
28263 1727
10735 1727
8503 1727
39489 1726
71371 1726
24734 1726
200061 1726
52433 1725
33285 1725
15458 1725
59728 1724
12343 1724
88351 1724
20961 1724
7924 1724
10618 1724
10912 1724
12040 1724
17122 1724
22847 1724
30202 1724
31057 1724
35719 1724
39991 1724
48360 1724
61966 1724
156505 1724
8135 1724
14708 1724
241943 1724
7841 1723
6119 1723
31397 1723
19094 1723
14600 1723
161868 1722
21049 1722
232313 1721
215418 1721
49487 1721
51054 1721
88417 1720
166959 1720
32950 1720
86145 1720
48704 1720
53797 1720
13015 1720
29970 1720
40670 1720
42426 1720
63671 1720
92356 1720
26032 1720
22788 1719
75777 1719
59478 1719
18382 1719
6841 1719
6192 1719
79476 1718
69442 1718
21394 1718
43381 1718
34439 1718
68421 1717
24517 1717
85730 1717
158548 1717
176443 1717
234800 1717
160205 1717
2946 1716
14746 1716
42887 1715
13126 1715
31433 1715
31136 1715
10349 1715
65920 1714
13521 1714
17939 1714
21026 1714
21347 1714
27292 1714
27512 1714
37908 1714
51234 1714
56761 1714
61759 1714
14910 1714
4232 1714
31042 1714
13027 1713
23989 1713
36328 1713
26705 1713
68544 1713
59774 1712
76282 1712
18116 1712
36475 1712
61393 1712
22135 1712
21241 1712
45858 1712
23120 1712
84071 1712
32899 1711
22235 1711
25068 1711
49654 1711
18452 1711
25017 1710
12278 1710
19138 1710
10516 1710
10481 1710
77474 1710
11334 1710
17140 1709
28896 1709
172179 1709
66059 1709
13813 1709
33120 1709
17504 1709
18120 1709
22175 1708
1749 1708
10417 1708
10691 1708
167917 1708
39134 1708
24998 1707
28005 1707
29916 1707
33503 1707
35189 1707
35261 1707
44087 1707
50850 1707
17576 1707
70115 1707
54289 1707
19468 1707
80383 1707
3044 1707
18313 1706
18539 1706
52298 1706
37459 1706
65425 1706
79615 1706
46696 1705
17866 1705
51623 1705
42120 1705
56139 1705
39033 1705
36540 1705
56504 1704
94492 1704
165949 1704
6790 1704
25624 1704
13798 1704
16754 1704
17424 1704
34377 1704
58374 1704
58751 1704
69441 1704
236881 1704
76598 1704
22957 1703
17658 1703
17818 1703
215417 1703
22094 1703
9744 1702
67412 1702
22195 1702
28149 1702
29796 1702
39514 1702
42071 1702
80817 1702
23439 1701
3176 1701
210219 1701
12822 1701
4655 1701
14030 1701
34020 1701
34526 1701
14341 1701
24504 1701
20260 1701
20372 1700
19984 1700
48763 1700
53540 1700
188425 1700
8371 1699
20032 1699
14961 1698
15628 1698
37126 1698
8324 1698
34153 1698
10798 1697
26992 1697
47313 1697
10320 1696
10230 1696
5807 1696
18004 1696
31427 1695
57484 1695
27652 1695
9402 1695
12705 1695
209214 1695
164238 1695
13000 1695
60898 1695
38998 1695
54287 1695
32437 1694
78433 1694
37492 1694
215167 1694
19921 1694
22981 1694
24668 1694
40056 1694
50129 1694
66857 1694
211117 1693
25707 1693
203545 1693
82358 1693
20158 1693
68943 1693
25712 1693
27730 1693
12551 1693
20536 1692
25936 1692
23632 1692
43063 1692
44676 1692
32290 1692
10290 1692
25383 1691
31542 1691
20434 1691
42864 1691
8419 1691
92214 1691
27390 1690
45879 1690
91149 1690
69532 1690
12011 1690
64298 1689
22550 1689
7856 1689
5650 1689
71009 1689
69831 1689
33387 1689
20541 1688
22885 1688
37647 1688
20487 1688
199209 1687
19504 1687
32284 1687
25975 1687
30274 1687
22707 1686
4360 1686
45626 1686
61101 1686
53566 1686
45918 1686
15191 1685
27018 1685
37664 1684
2804 1684
50460 1684
29863 1684
13187 1684
59831 1684
9891 1684
21657 1684
27966 1684
30952 1684
40309 1684
41618 1684
9739 1683
49532 1683
58279 1683
93509 1683
53615 1683
240553 1683
33295 1683
244568 1683
47854 1683
8082 1683
13281 1683
46052 1683
25217 1683
27522 1682
28183 1682
37229 1682
165246 1681
17793 1681
30740 1681
52262 1681
50831 1681
7808 1681
22329 1681
223731 1681
35662 1681
34517 1680
19628 1680
28764 1680
19567 1680
9836 1680
59884 1680
27064 1680
37689 1680
16049 1679
20887 1679
56991 1679
26814 1678
34065 1677
7950 1677
11785 1677
92055 1677
35462 1676
174376 1676
649 1676
19287 1676
39875 1676
33408 1676
31762 1676
8583 1675
14482 1675
24528 1674
45979 1674
43072 1674
37176 1674
11743 1673
2288 1673
9548 1673
19713 1673
21509 1673
24186 1673
27409 1673
45542 1673
30899 1673
26372 1673
18567 1673
5268 1673
9736 1672
11670 1672
55673 1672
177896 1672
75085 1672
601 1672
6579 1672
42837 1671
79211 1671
17927 1671
29215 1671
33842 1671
35732 1671
40702 1671
45641 1671
46661 1671
48423 1671
57959 1671
61137 1671
65264 1671
77684 1671
81049 1671
82881 1671
21573 1671
28846 1671
4913 1671
15580 1671
21690 1671
17319 1670
11432 1670
34761 1670
26407 1670
34370 1670
33051 1670
6593 1669
92402 1669
7196 1669
7707 1669
88302 1669
28249 1669
10899 1669
37174 1669
52448 1669
58958 1669
59589 1668
26679 1668
6821 1668
30619 1668
65406 1668
21588 1667
11159 1667
44125 1667
38361 1667
23489 1667
58614 1667
15070 1666
15328 1666
21646 1666
12484 1666
17802 1666
4683 1666
227564 1665
190942 1665
7851 1665
54266 1664
25070 1664
43451 1663
10310 1663
17396 1663
21439 1663
38532 1663
47010 1663
88764 1663
93435 1663
9813 1663
31795 1663
20498 1663
22764 1663
36516 1662
28425 1662
43051 1662
92447 1662
5630 1662
59338 1661
204335 1661
47236 1661
160271 1661
239526 1660
5140 1660
2651 1660
2930 1660
46239 1660
29780 1660
7220 1660
78424 1660
69107 1659
88462 1659
11726 1659
14141 1659
32703 1659
34945 1659
41680 1659
42606 1659
63424 1659
72806 1659
81172 1659
89300 1659
22418 1659
11209 1659
52268 1658
205047 1658
57148 1658
73798 1658
58713 1658
24272 1657
25331 1657
49616 1657
59616 1657
52579 1657
49554 1657
41643 1657
70292 1656
17166 1656
19674 1656
20228 1656
189451 1655
41795 1655
17020 1655
25674 1655
25104 1655
35463 1654
22654 1654
17228 1654
9306 1654
54315 1654
28101 1653
3934 1653
15376 1653
16767 1653
19892 1653
29112 1653
33310 1653
52784 1653
53044 1653
70521 1653
84247 1653
3904 1653
40317 1653
43117 1653
7647 1653
18150 1653
49434 1652
31582 1652
28313 1652
28371 1651
27980 1651
69976 1651
24992 1650
22412 1650
32039 1650
4917 1650
13235 1649
65542 1649
90998 1648
48654 1648
33914 1648
24919 1647
83851 1647
2485 1647
20527 1647
31442 1647
34556 1647
40219 1647
40995 1647
41510 1647
46342 1647
58038 1647
65724 1647
69762 1647
72345 1647
80099 1647
208420 1647
10110 1647
25933 1646
233520 1646
5088 1646
25198 1646
20450 1645
191911 1645
57480 1645
19158 1645
35600 1645
22193 1645
34765 1645
2975 1645
19420 1645
49311 1644
18047 1644
32894 1644
13337 1644
59065 1643
17060 1643
3215 1643
9909 1643
18680 1643
23315 1643
32603 1643
39968 1643
82454 1643
85236 1643
213216 1643
21427 1643
218912 1642
15554 1642
36791 1642
208639 1642
41443 1642
10088 1642
187385 1642
25922 1641
30953 1641
31073 1641
202746 1641
92775 1641
72796 1641
22289 1641
91767 1641
11155 1641
27060 1641
12533 1640
25476 1640
30520 1640
237347 1639
16305 1639
13264 1638
6958 1638
75491 1638
27460 1637
235100 1637
82193 1637
700 1637
36751 1637
202527 1636
9882 1636
12852 1636
15087 1636
25749 1635
19321 1635
27012 1635
38930 1635
24059 1635
42649 1635
44353 1635
61226 1635
64776 1635
68968 1635
14124 1635
20406 1635
16890 1634
25427 1634
7850 1634
40028 1634
45517 1633
59800 1633
9679 1633
58122 1633
177955 1633
5826 1633
16042 1633
17600 1633
20880 1633
21879 1633
28252 1633
30251 1633
31935 1633
35707 1633
47202 1633
50627 1633
58651 1633
79577 1633
95088 1633
16899 1632
43857 1632
68124 1632
78582 1632
44576 1632
21482 1632
14034 1632
15145 1632
12971 1631
89317 1631
74241 1630
24363 1630
24742 1630
45272 1630
10538 1630
84294 1630
22156 1630
23341 1629
60883 1629
20818 1629
44142 1629
31627 1629
33868 1629
44596 1629
41491 1628
45083 1628
27053 1628
92987 1628
19051 1627
32620 1627
19503 1627
160176 1626
213872 1626
27287 1626
17386 1626
27482 1626
15164 1626
5033 1626
50596 1626
22790 1626
66931 1625
48088 1625
164495 1625
227519 1625
48118 1625
21772 1624
41384 1624
21496 1624
17643 1624
87642 1623
72086 1623
17821 1623
19742 1623
23684 1623
37677 1623
53601 1623
55174 1623
56839 1623
67726 1623
82240 1623
89348 1623
6620 1623
11348 1623
22848 1623
27600 1623
32061 1623
36746 1623
38978 1623
69439 1623
84239 1623
25376 1622
57226 1622
52065 1622
93697 1621
24091 1621
61229 1621
8967 1621
23384 1621
35761 1621
74043 1621
51047 1621
16579 1621
13973 1620
25930 1620
13635 1620
38498 1620
39229 1620
49436 1620
52449 1620
22834 1620
58988 1620
32561 1620
33770 1620
41242 1619
53012 1619
62083 1619
85671 1619
27624 1619
22918 1619
35517 1619
30837 1619
33442 1619
40368 1619
13432 1619
1476 1618
52590 1618
30775 1617
1661 1617
52214 1616
33601 1616
35106 1616
3084 1616
56017 1615
80289 1615
28762 1615
12394 1614
46840 1614
53963 1614
47771 1614
165234 1613
43374 1613
39492 1613
53072 1613
79243 1613
18013 1613
19482 1613
7523 1613
8874 1613
11505 1613
16705 1613
33023 1613
42173 1613
43522 1613
43561 1613
43921 1613
51072 1613
54659 1613
55604 1613
36783 1613
7403 1612
23562 1612
25254 1612
26448 1612
17375 1612
50104 1611
16816 1611
28394 1611
33697 1611
36127 1611
36391 1611
42189 1611
43073 1611
44954 1611
61992 1611
16171 1610
14421 1610
13085 1610
29372 1610
34534 1610
18023 1609
19196 1609
21631 1609
48572 1609
32635 1609
91772 1609
21431 1609
14408 1608
13812 1608
152875 1608
31255 1608
80913 1608
33933 1608
11131 1608
2244 1608
16070 1608
230631 1608
20074 1607
49815 1607
77450 1607
22880 1607
69330 1607
32123 1607
32246 1607
37232 1607
42849 1606
5007 1606
16523 1606
56212 1606
159767 1606
35217 1606
26517 1606
15444 1606
46716 1606
57182 1606
79369 1606
6360 1605
20398 1605
211816 1605
3782 1605
21505 1605
36158 1605
16120 1605
32081 1604
1430 1604
18766 1604
12735 1604
31812 1604
24897 1604
45575 1603
2328 1603
50755 1603
7351 1603
23353 1603
40373 1603
23836 1603
13248 1602
13575 1602
21435 1602
30990 1602
37676 1602
48116 1602
63661 1602
70097 1602
35159 1602
16475 1602
38264 1602
49210 1602
1514 1602
16712 1601
29697 1601
5770 1601
21820 1601
82910 1601
76952 1600
18353 1600
3958 1600
16817 1599
12655 1599
59582 1599
23009 1599
66137 1599
32306 1599
10296 1599
49870 1599
22736 1598
35203 1598
41520 1598
42804 1598
44751 1598
65729 1598
21486 1598
17900 1598
10297 1598
86083 1598
21460 1598
51666 1598
954 1597
49031 1597
30615 1597
11097 1597
35997 1596
38349 1596
53729 1596
58638 1596
4656 1596
5455 1596
205567 1596
11572 1595
22893 1595
52108 1595
72166 1595
92038 1595
71037 1595
13364 1595
51028 1595
75579 1595
27779 1595
62676 1595
23815 1594
49916 1594
22517 1594
34224 1594
14149 1594
15653 1594
70236 1593
6538 1593
16755 1593
43852 1593
7442 1593
88357 1592
4667 1592
16183 1592
19130 1592
20377 1592
21952 1592
25346 1592
34879 1592
39914 1592
71240 1592
75544 1592
93586 1592
18715 1592
23354 1592
31009 1592
14029 1592
82911 1592
86595 1592
200285 1592
32769 1592
35317 1591
24332 1591
60314 1591
34942 1591
27171 1591
14393 1591
24353 1590
88212 1590
24439 1590
23336 1590
13751 1589
36855 1589
1226 1589
54861 1589
39703 1589
29553 1588
10164 1588
43697 1587
5652 1587
23428 1587
204910 1587
31474 1586
42619 1586
46786 1586
51580 1586
52703 1586
63786 1586
67140 1586
175152 1586
25054 1586
34385 1586
19077 1586
69016 1586
13348 1586
14176 1585
3890 1585
8066 1585
67666 1585
11440 1584
21184 1584
41333 1584
5687 1584
24544 1584
14629 1584
54203 1584
8838 1583
41412 1583
82837 1583
18734 1583
13386 1583
21582 1582
91503 1582
51587 1582
223089 1582
27866 1582
10108 1582
10311 1582
11740 1582
22470 1582
27767 1582
41884 1582
42266 1582
60667 1582
64042 1582
68869 1582
73486 1582
87279 1582
89500 1582
8877 1582
27379 1582
85017 1582
10486 1581
44585 1581
90805 1581
23728 1581
23095 1581
18185 1581
166762 1581
63686 1581
52824 1580
50985 1580
12077 1580
12807 1580
190899 1580
38409 1579
75555 1579
230242 1579
14506 1579
20951 1579
28852 1578
56980 1578
6139 1578
200420 1578
92747 1578
38411 1578
8284 1578
8729 1578
53442 1577
37780 1577
55975 1577
35098 1577
43070 1577
21412 1576
42297 1576
17491 1576
40581 1576
1584 1576
10143 1576
32153 1575
75729 1575
9990 1575
13539 1575
13088 1575
6872 1575
25277 1575
12770 1574
20516 1574
31890 1574
42941 1574
53550 1574
55603 1574
57584 1574
86058 1574
31147 1574
25499 1573
159244 1573
34021 1573
22967 1573
44243 1573
14917 1572
15260 1572
25411 1572
16771 1572
90239 1572
11542 1572
15422 1572
24047 1572
25428 1572
36577 1572
73892 1572
78460 1572
87709 1572
9088 1572
18075 1572
29304 1572
12205 1572
1202 1571
9872 1571
1631 1571
172064 1571
45559 1570
5991 1570
43827 1570
29446 1570
35998 1570
8163 1569
84793 1569
21403 1569
23450 1569
13511 1569
17188 1569
29938 1569
13792 1569
37746 1569
1665 1569
23326 1569
85279 1568
9732 1568
1291 1568
16654 1568
60534 1568
71291 1568
31381 1568
49347 1567
16991 1567
18137 1567
71121 1567
17072 1567
32175 1567
66509 1566
196639 1566
14363 1566
4665 1566
23792 1566
23614 1566
52980 1566
22415 1566
19464 1565
49237 1565
79230 1564
37852 1564
13421 1564
23451 1564
41372 1563
6721 1563
24298 1563
19254 1563
2696 1563
25319 1563
21443 1562
33484 1562
41375 1562
43448 1562
56595 1562
59635 1562
83170 1562
85570 1562
91175 1562
70261 1562
34532 1562
28679 1562
13083 1562
13215 1562
16084 1562
68094 1562
78482 1562
88870 1562
94337 1562
40252 1562
3270 1562
47340 1560
67786 1560
25763 1560
19593 1560
18447 1560
34264 1560
49655 1560
26845 1560
20970 1559
73722 1559
40303 1559
61323 1559
50714 1559
26031 1559
68496 1559
84129 1559
32345 1559
16388 1558
56578 1558
20249 1558
46952 1558
1540 1558
221235 1557
64453 1557
10177 1557
87057 1557
8589 1557
46604 1557
28522 1557
30618 1557
14932 1557
58995 1557
64667 1557
30439 1557
197819 1557
159553 1557
19333 1556
5933 1556
12448 1556
183107 1556
16360 1555
3395 1555
17881 1555
23557 1555
200237 1555
13116 1555
29259 1555
5762 1555
5923 1554
10049 1554
15217 1554
4495 1554
5763 1554
17238 1554
86887 1553
6713 1553
11776 1553
10439 1553
31114 1552
9008 1552
46388 1552
2065 1552
51128 1552
45883 1552
7460 1552
24440 1552
29587 1552
47165 1552
47732 1552
47959 1552
56518 1552
59785 1552
65838 1552
77011 1552
6918 1552
17971 1551
16588 1551
34088 1551
36445 1551
36537 1550
20466 1550
30720 1550
64834 1550
75537 1550
9391 1550
27206 1550
29783 1550
35798 1550
42004 1550
58495 1550
60689 1550
62311 1550
62998 1550
67056 1550
74685 1550
77273 1550
91036 1550
87320 1550
37729 1550
11294 1549
23202 1549
218940 1549
31938 1549
19233 1549
35074 1548
18235 1548
31269 1548
34501 1548
48345 1547
31184 1547
12431 1547
36861 1547
34062 1547
24501 1547
49129 1547
13571 1547
62900 1547
20315 1546
28515 1546
18730 1546
24677 1545
19815 1545
35948 1545
53336 1545
7937 1545
10466 1545
15546 1545
27545 1544
47726 1544
18776 1544
28883 1544
45328 1544
185420 1544
57409 1544
54672 1544
51155 1543
21433 1543
89012 1543
16249 1543
32997 1542
24277 1542
84637 1542
12681 1542
24376 1542
20752 1542
31547 1542
32434 1542
40000 1542
41560 1542
52191 1542
58623 1542
87999 1542
88461 1542
66482 1541
52576 1541
173477 1541
22247 1541
4395 1541
31997 1541
26153 1541
34038 1541
14481 1540
1545 1540
23842 1540
48330 1540
71300 1540
41272 1540
43000 1540
24639 1540
27893 1539
95215 1539
22087 1538
42208 1538
13593 1538
24113 1538
25425 1538
26410 1538
39536 1538
43389 1538
43517 1538
64243 1538
68211 1538
71064 1538
82277 1538
91502 1538
49869 1538
42721 1537
62392 1537
19594 1537
88223 1536
39979 1536
21598 1536
31955 1536
38968 1536
56259 1536
35454 1535
42301 1535
45035 1535
19100 1535
30358 1535
29108 1535
31651 1535
59753 1535
4900 1535
47993 1534
28474 1534
55428 1534
82469 1534
22873 1534
13479 1533
5152 1533
6074 1533
45588 1533
4863 1533
60277 1533
68397 1533
18982 1533
23920 1532
40878 1532
47049 1532
66695 1532
35173 1532
52226 1532
33929 1532
43919 1532
12264 1531
8989 1531
24555 1531
37458 1531
40453 1531
54407 1531
93167 1531
40301 1531
25508 1531
87093 1531
65428 1531
6289 1531
15944 1531
25249 1531
23153 1531
28233 1530
9556 1530
20054 1530
90110 1530
11267 1530
73113 1529
16507 1529
183654 1529
73573 1529
62804 1529
11729 1529
45044 1529
35698 1528
16319 1528
22196 1528
16417 1528
10753 1528
16095 1527
51454 1527
39147 1527
86299 1526
2720 1526
8196 1526
95650 1526
56736 1526
233914 1526
16710 1526
22035 1526
26928 1526
27388 1526
32080 1526
41699 1526
45018 1526
5453 1525
10851 1525
84554 1525
36863 1525
75380 1525
18436 1525
19139 1525
13612 1525
92947 1524
7198 1524
62526 1524
16965 1524
37344 1524
8505 1524
27989 1524
37582 1524
23679 1524
41553 1524
63492 1523
21169 1523
7651 1523
16880 1523
49875 1523
19194 1523
24831 1523
24121 1523
17863 1523
33576 1523
34440 1523
66711 1523
180132 1522
19631 1522
66443 1522
22912 1521
22465 1521
36912 1521
24015 1521
41368 1521
2952 1521
7362 1521
11503 1521
16104 1521
16924 1521
19511 1521
23664 1521
23915 1521
24563 1521
30919 1521
58077 1521
59055 1521
64538 1521
22241 1521
46025 1521
23910 1521
11566 1521
63970 1521
2772 1520
31228 1520
91862 1520
14453 1520
20631 1520
22679 1520
70630 1520
20011 1519
39084 1519
19769 1519
33440 1519
50900 1519
91051 1519
18807 1518
57099 1518
18412 1518
19338 1518
19079 1518
50407 1518
67955 1518
18231 1518
79174 1517
40529 1517
61103 1517
19811 1517
13726 1517
37008 1517
70901 1517
16139 1517
85092 1517
27916 1516
57378 1516
30647 1516
19061 1516
24142 1515
17710 1515
16079 1515
14347 1515
166608 1515
199214 1515
53356 1515
22538 1515
33534 1514
9454 1514
39390 1514
11820 1514
19664 1514
30505 1514
31109 1514
41209 1514
43299 1514
44747 1514
54321 1514
60742 1514
63030 1514
67542 1514
83854 1514
85094 1514
86067 1514
88604 1514
163274 1513
45026 1513
50749 1513
14628 1513
16307 1513
39571 1513
24285 1512
39865 1512
54399 1512
91626 1512
39102 1512
177226 1512
16232 1512
21353 1511
35210 1511
6418 1511
37768 1511
57352 1511
6275 1511
4718 1511
177152 1511
6173 1511
6223 1511
14822 1511
15353 1511
25968 1511
27398 1511
31781 1511
36546 1511
36951 1511
42015 1511
43652 1511
46532 1511
55684 1511
60029 1511
87101 1511
67743 1511
27948 1511
58560 1511
3313 1510
192051 1510
41916 1510
227512 1510
28551 1510
18175 1510
25015 1510
19576 1509
14996 1509
18022 1509
12819 1509
83437 1509
19871 1509
26974 1509
72525 1508
18307 1508
6078 1508
7748 1508
31522 1508
19704 1508
26982 1508
7654 1507
30346 1507
4848 1507
70920 1507
13864 1507
79777 1507
93142 1507
26512 1507
25089 1507
8793 1507
23429 1507
33276 1506
14375 1506
4274 1506
57496 1506
26080 1506
81870 1505
25795 1505
19959 1505
10882 1505
16883 1505
41829 1505
4355 1505
10737 1505
9231 1504
41186 1504
59827 1504
45394 1504
33765 1504
32396 1504
35960 1504
61315 1504
65418 1504
2322 1503
14444 1503
6373 1503
26586 1503
17207 1503
83813 1503
32180 1502
5438 1502
50304 1502
35327 1502
12467 1502
16898 1502
22497 1502
25588 1502
27219 1502
51461 1502
60414 1502
63836 1502
70507 1502
72437 1502
75823 1502
76283 1502
88255 1502
90922 1502
246399 1502
48236 1502
20111 1501
31274 1501
10384 1501
13223 1501
13655 1501
27116 1501
31610 1501
32388 1501
39382 1501
46611 1501
11047 1501
27336 1501
32271 1500
17389 1500
7616 1500
69293 1500
31544 1500
91834 1500
15325 1500
31268 1500
70915 1499
83696 1499
24832 1499
61621 1499
79991 1499
21776 1499
40486 1499
29333 1498
39438 1498
77666 1498
48030 1498
31405 1498
69159 1497
32328 1497
22194 1497
93222 1496
2890 1496
7891 1496
59883 1496
38937 1496
94090 1496
45158 1495
159826 1495
3531 1495
48325 1495
54214 1495
15402 1495
28443 1495
20407 1494
36619 1494
56460 1494
31566 1494
66690 1494
34288 1493
29153 1493
181225 1493
60273 1493
21259 1493
14080 1492
36460 1491
9250 1491
12370 1491
205694 1491
4539 1491
9472 1491
13286 1491
13816 1491
17347 1491
20940 1491
23801 1491
36589 1491
62447 1491
66757 1491
15173 1491
181938 1491
35645 1490
26722 1490
42349 1490
38107 1490
22405 1490
15222 1490
7655 1489
29248 1489
34613 1489
40157 1489
62112 1489
63634 1489
52840 1489
75557 1489
13980 1489
41141 1489
29000 1488
37885 1488
57498 1488
65999 1488
26266 1488
26599 1488
30239 1488
48056 1488
61984 1488
27463 1487
35244 1487
7030 1487
163726 1487
23002 1487
37812 1486
70386 1486
92230 1486
244926 1486
38012 1486
62638 1486
2057 1486
25167 1486
184110 1486
41171 1486
14656 1486
25969 1486
25492 1485
30027 1485
10312 1485
24308 1485
24836 1485
21368 1485
21816 1485
24939 1485
29408 1485
68675 1484
66947 1484
5550 1484
26023 1484
22629 1484
17983 1484
63110 1484
6441 1484
16444 1484
11203 1483
35735 1483
6708 1483
83509 1483
6354 1482
176039 1482
38976 1482
80113 1482
13399 1482
33110 1482
16408 1481
203479 1481
16033 1481
76989 1481
85047 1481
69181 1481
12865 1481
42881 1481
63358 1481
5730 1481
9441 1481
16912 1481
20477 1481
29691 1481
49484 1481
58753 1481
85611 1480
3734 1480
1205 1480
229267 1480
75509 1480
8679 1479
22139 1479
70096 1479
9210 1479
10165 1479
157867 1478
36091 1478
2180 1478
20920 1478
31449 1478
25233 1477
31768 1477
34129 1477
39142 1477
42960 1477
45302 1477
46368 1477
46548 1477
46635 1477
49048 1477
57291 1477
75286 1477
92154 1477
71264 1477
13240 1477
21585 1477
19750 1477
35688 1477
7894 1477
2139 1477
25285 1476
10046 1476
12128 1476
78572 1476
85255 1476
26440 1475
77242 1475
51939 1475
87701 1475
9353 1474
12887 1474
39635 1474
10602 1474
75272 1474
70283 1474
29051 1473
40584 1473
69636 1473
18724 1473
37951 1473
38261 1473
33170 1473
20611 1473
44141 1473
12991 1473
51835 1473
2657 1473
88849 1473
25095 1473
72036 1473
37138 1472
54111 1472
87363 1472
13352 1472
29902 1472
64570 1472
32526 1472
38819 1472
22253 1472
10028 1472
37107 1472
7615 1472
44715 1472
46456 1471
33916 1471
20396 1471
12477 1471
28223 1471
8409 1471
17885 1471
21239 1471
37463 1471
44292 1471
54350 1471
54484 1471
62002 1471
64133 1471
71285 1471
72108 1471
85119 1471
36741 1471
16542 1470
12912 1470
14381 1470
39100 1470
160069 1470
55972 1470
61135 1470
16543 1470
26748 1469
44274 1469
32449 1469
12983 1469
205868 1468
183408 1468
223814 1468
170147 1468
50680 1467
20537 1467
70083 1467
70922 1467
167375 1467
22977 1467
14006 1467
20969 1466
18705 1466
39825 1466
177034 1466
236966 1466
49132 1466
12741 1466
23454 1465
24717 1465
30462 1465
43415 1465
47406 1465
63565 1465
66785 1465
73310 1465
79806 1465
24794 1465
35545 1465
61409 1465
44900 1465
39464 1465
14704 1465
86844 1465
28391 1464
11412 1464
25891 1464
77463 1464
26112 1464
9620 1464
73429 1463
44936 1463
33272 1463
23900 1462
26755 1462
30107 1462
12664 1462
27174 1462
18500 1462
21180 1462
33252 1462
34632 1462
69233 1462
46035 1462
7649 1461
45855 1461
8223 1461
7596 1460
12110 1460
13960 1460
27742 1460
34748 1460
36535 1460
57836 1460
67772 1460
68218 1460
72645 1460
73661 1460
73801 1460
74361 1460
40718 1460
49976 1460
79773 1460
41211 1460
38403 1460
22505 1459
65810 1459
24944 1459
31891 1459
41657 1459
37806 1459
33377 1459
80505 1459
83080 1459
32125 1459
7145 1459
72763 1458
5057 1458
65130 1458
93062 1458
18735 1458
16932 1457
10343 1457
17833 1457
62117 1457
29452 1457
15613 1457
43405 1457
13443 1457
9265 1457
52390 1457
19663 1456
8431 1456
21477 1456
54292 1456
28198 1455
47888 1455
36670 1455
81465 1455
39397 1454
45224 1454
61932 1454
28738 1454
77217 1454
50224 1454
10101 1454
89793 1453
63446 1453
73267 1453
77876 1453
23757 1453
25389 1453
27254 1453
36229 1453
46553 1453
48836 1453
49969 1453
62577 1453
69793 1453
19481 1453
37973 1453
23668 1453
206318 1453
64076 1453
224071 1452
23890 1452
19584 1452
74027 1452
13426 1452
9264 1451
22929 1451
30815 1451
50438 1451
92328 1451
10500 1451
8731 1450
10494 1450
15072 1450
19961 1450
20001 1450
20999 1450
27420 1450
28295 1450
33204 1450
33593 1450
38259 1450
55275 1450
37140 1450
41304 1450
33911 1450
63712 1450
161795 1450
7554 1450
212263 1450
36219 1450
1255 1450
28475 1449
5047 1449
40292 1449
56659 1449
30807 1448
41633 1448
68367 1448
11538 1448
28671 1448
33829 1448
23739 1448
39727 1448
24755 1448
72242 1448
21504 1447
9610 1447
222764 1447
39657 1447
12913 1446
7928 1446
40182 1446
37742 1446
52265 1446
3801 1446
17420 1446
9287 1445
95497 1445
21176 1445
46850 1445
36261 1444
197528 1444
20091 1444
30366 1444
13368 1444
33036 1443
41874 1443
60137 1443
3330 1443
79227 1443
1979 1443
25644 1442
222026 1442
155512 1442
9767 1442
4834 1442
19561 1442
61533 1442
87871 1442
93751 1441
40593 1441
14939 1441
23538 1441
28387 1441
46975 1441
48778 1441
69433 1441
77493 1441
82266 1441
11419 1441
9286 1441
30128 1441
6341 1441
25701 1441
30876 1441
13880 1440
45345 1440
25168 1440
32500 1440
13217 1440
17274 1440
22502 1440
28617 1440
29879 1440
31129 1440
67819 1440
70585 1440
71144 1440
71999 1440
3316 1440
41943 1440
21132 1439
27127 1439
37666 1439
42109 1439
42863 1439
69468 1439
27878 1439
61616 1439
80996 1439
37222 1438
18443 1438
66682 1438
42359 1438
24869 1438
37663 1438
46264 1438
205774 1438
40856 1438
246520 1437
11614 1437
18536 1437
26532 1437
22737 1437
3089 1437
14413 1437
35706 1437
5905 1436
16088 1436
19529 1436
32149 1436
91881 1436
29459 1436
37904 1436
41512 1435
17027 1435
43033 1435
42143 1435
36205 1435
47179 1435
156004 1434
21307 1434
57013 1434
43831 1434
19308 1433
1195 1433
41474 1432
41589 1432
66249 1432
72067 1432
6869 1432
23238 1432
62651 1432
64444 1432
29831 1431
18396 1431
75873 1431
2644 1431
23873 1431
45400 1431
35198 1431
21104 1431
37761 1430
29550 1430
30362 1430
10936 1430
1033 1430
7241 1430
11637 1430
14637 1430
15566 1430
25455 1430
39150 1430
46634 1430
57865 1430
66394 1430
89616 1430
50921 1429
39641 1429
50610 1429
2593 1429
40678 1429
66939 1429
187860 1429
15367 1429
16289 1429
30839 1429
36932 1429
41142 1429
42251 1429
43777 1429
47776 1429
57744 1429
74330 1429
89782 1429
95393 1429
28647 1429
24763 1429
29614 1429
15240 1429
82036 1428
25341 1428
32370 1428
218822 1427
26782 1427
83208 1427
9895 1427
21474 1427
47234 1427
9362 1427
21006 1427
37214 1426
41909 1426
13014 1426
54789 1426
15919 1426
67911 1426
82402 1426
14648 1426
42559 1426
24368 1425
28938 1425
4871 1425
39839 1425
12895 1425
53526 1425
29255 1425
39905 1425
29802 1425
35711 1424
43971 1424
70297 1424
26492 1424
12397 1424
94171 1424
45665 1423
241982 1423
41551 1423
177285 1423
195628 1423
13899 1423
22084 1423
16040 1423
238831 1423
43736 1423
22399 1422
20209 1422
24340 1422
22701 1422
44697 1421
234292 1421
43580 1421
7369 1420
27415 1420
3660 1420
17601 1420
11914 1420
24233 1420
41676 1420
4586 1420
9874 1420
14851 1420
27313 1420
35108 1420
43007 1420
47765 1420
48945 1420
57890 1420
69709 1420
77862 1420
80431 1420
4195 1420
17544 1420
68291 1420
57179 1420
161371 1419
35912 1419
38096 1419
39750 1419
23650 1419
94106 1419
17680 1419
25099 1418
9477 1418
87343 1418
29120 1418
53582 1418
3180 1418
14709 1418
31802 1417
48148 1417
30827 1417
17981 1417
21321 1417
23208 1417
25027 1417
25399 1417
45859 1417
60135 1417
66219 1417
12639 1417
18935 1417
236685 1417
29507 1417
45180 1416
34736 1416
29391 1416
7236 1416
69892 1416
63562 1416
54397 1416
41545 1415
60296 1415
75013 1415
35825 1415
26498 1415
221369 1415
21040 1414
41329 1414
45104 1414
46824 1414
15007 1414
61520 1414
11035 1414
22950 1414
8510 1414
92465 1414
30610 1413
4463 1413
30713 1413
73260 1413
14284 1412
2917 1412
13333 1412
45023 1412
21421 1411
42693 1411
12442 1411
44164 1411
27704 1411
67334 1411
20662 1411
6495 1411
61342 1410
4631 1410
42500 1410
28329 1410
15860 1410
10898 1410
12973 1410
13690 1410
14553 1410
15312 1410
21206 1410
21731 1410
22541 1410
22876 1410
29183 1410
33647 1410
48205 1410
51742 1410
69983 1410
87927 1410
24507 1410
26005 1410
43429 1409
26139 1409
64128 1409
31801 1409
183322 1409
21072 1409
5124 1409
23398 1409
43567 1409
14591 1408
26012 1408
53330 1408
91064 1408
15205 1408
48326 1408
21275 1408
7879 1407
42665 1407
14894 1407
10231 1407
11234 1407
43471 1407
185194 1407
16014 1407
31816 1407
8423 1407
16517 1406
24270 1406
39543 1406
75129 1405
11696 1405
13166 1405
18811 1405
11160 1405
21091 1405
28933 1405
41234 1405
53952 1405
69883 1405
77431 1405
79311 1405
89026 1405
33467 1404
50956 1404
31130 1404
19899 1404
30730 1404
61368 1404
87867 1404
11498 1403
32035 1403
23146 1403
22324 1403
48427 1402
67843 1402
36165 1402
30132 1402
15247 1402
7315 1402
37804 1401
10009 1401
57646 1401
21734 1401
38729 1401
31563 1401
22544 1400
42328 1400
5852 1400
12745 1400
16418 1400
19977 1400
24173 1400
24596 1400
29311 1400
31337 1400
39760 1400
41480 1400
42742 1400
58124 1400
63756 1400
67887 1400
72063 1400
37305 1399
9566 1399
47501 1399
34797 1399
34338 1399
23960 1399
35876 1399
48339 1399
66407 1398
45614 1398
95613 1398
69916 1398
69705 1398
33109 1398
20022 1398
32018 1397
26750 1397
38762 1397
43129 1397
35704 1397
32942 1397
34097 1397
74562 1397
14490 1397
66571 1397
18373 1397
21809 1397
33046 1397
32146 1397
27256 1397
63693 1396
33167 1396
32010 1396
27930 1396
21343 1396
39960 1396
12281 1396
31709 1395
27443 1395
33952 1395
30557 1395
15553 1395
26299 1395
90197 1395
35617 1394
9252 1394
37770 1394
32485 1394
19492 1394
41647 1393
28189 1393
53616 1393
6084 1393
19423 1393
24978 1393
35148 1393
35443 1393
37632 1393
53501 1393
60956 1393
61746 1393
64960 1393
91635 1393
93960 1393
48468 1393
14461 1392
37999 1392
88416 1392
4511 1391
245402 1391
92060 1391
16279 1391
26172 1391
14045 1391
166850 1391
41131 1391
55559 1391
11610 1390
32941 1390
22908 1390
49998 1390
224923 1390
9235 1390
205012 1390
70845 1389
90454 1389
17462 1389
19585 1389
24053 1389
27860 1389
30208 1389
37384 1389
42654 1389
52871 1389
57048 1389
63928 1389
73399 1389
24497 1389
42335 1389
23841 1389
21777 1389
31451 1389
33087 1389
69905 1389
46694 1389
70180 1389
40823 1388
66957 1388
53764 1388
29301 1388
28259 1388
25627 1388
32710 1388
11507 1387
12785 1387
24447 1387
41513 1387
51864 1387
220148 1387
177870 1387
64241 1386
27805 1386
41880 1386
7531 1386
27024 1386
22188 1386
64159 1386
3132 1385
211203 1385
56343 1385
23414 1385
15644 1385
21464 1385
4845 1385
30217 1385
19537 1384
15147 1384
52363 1384
43021 1384
56093 1384
44758 1384
50713 1383
92103 1383
19760 1383
10079 1383
54284 1383
48889 1383
42946 1383
3684 1383
18364 1383
19613 1383
63853 1383
47675 1382
34229 1382
27232 1382
68466 1381
16794 1381
56280 1381
24632 1381
23000 1380
35493 1380
45442 1380
60066 1380
62104 1380
62455 1380
78207 1380
42484 1380
41169 1380
33102 1380
31886 1380
37733 1380
16748 1380
9407 1380
73762 1380
18155 1379
5921 1379
14860 1379
19583 1379
28317 1379
31720 1379
38378 1379
50201 1379
54372 1379
58593 1379
59597 1379
66719 1379
40443 1379
77222 1379
52575 1379
25144 1379
45705 1379
46739 1379
27230 1379
29726 1379
37065 1379
37360 1379
48286 1379
68858 1378
169023 1378
37153 1378
25066 1378
78435 1378
13654 1378
44383 1378
44443 1377
3335 1377
198381 1377
33892 1377
10610 1377
31135 1377
3380 1376
61823 1376
81744 1376
68073 1376
233388 1376
17047 1376
26235 1376
70850 1376
12472 1376
36802 1376
66887 1376
8348 1376
72609 1375
59010 1375
22472 1375
79709 1375
1296 1375
63875 1375
160462 1375
17461 1375
23870 1374
40020 1374
85008 1374
29216 1374
210471 1374
24773 1374
33554 1373
38226 1373
24380 1373
38564 1373
8764 1373
8700 1373
4106 1372
21747 1372
28993 1372
20608 1372
13624 1372
1579 1372
30551 1372
218235 1372
35637 1371
37844 1371
52410 1371
5161 1371
26716 1371
94170 1371
52395 1370
30398 1370
69724 1370
64346 1370
18486 1370
75216 1370
239153 1370
49559 1370
70093 1369
20420 1369
7645 1369
8141 1369
26534 1369
26759 1369
27696 1369
28998 1369
39581 1369
42614 1369
43176 1369
63616 1369
65598 1369
69078 1369
69466 1369
78195 1369
12804 1369
39003 1369
25132 1368
28908 1368
31643 1368
32094 1368
36018 1368
44703 1368
44894 1368
46194 1368
51413 1368
67858 1368
72056 1368
74206 1368
76435 1368
93172 1368
61236 1368
29733 1368
1613 1368
6597 1368
30495 1368
17672 1368
23806 1368
16423 1368
3653 1368
4288 1367
39827 1367
55868 1367
17925 1367
15468 1367
61483 1367
27731 1367
83945 1367
160040 1366
80296 1366
25723 1366
5347 1366
6566 1366
30335 1366
28711 1366
21591 1366
36244 1366
79324 1366
36042 1366
8553 1366
39248 1366
6427 1365
9152 1365
72538 1365
23191 1365
212637 1365
54759 1365
65844 1364
16219 1364
25776 1364
24606 1364
30663 1364
18087 1363
39488 1363
17234 1363
29246 1363
48696 1363
53747 1363
6559 1363
86263 1363
13672 1363
43314 1363
14351 1362
37955 1362
54961 1362
20592 1362
56546 1362
5911 1362
32841 1362
17040 1362
26265 1362
78398 1362
79023 1362
41689 1362
244060 1362
15683 1362
53889 1361
49531 1361
64564 1361
27435 1361
30078 1361
32897 1360
34802 1360
27544 1360
45147 1360
15814 1360
40079 1360
29768 1359
43467 1359
16879 1359
30092 1359
45312 1359
7665 1359
17769 1359
28949 1359
30914 1359
42743 1359
50030 1359
52006 1359
57049 1359
81699 1359
15649 1359
8623 1359
79897 1359
79711 1359
24940 1359
44529 1359
54163 1359
15932 1358
47677 1358
18277 1358
1699 1358
20827 1358
12674 1358
36687 1357
43320 1357
48237 1357
22281 1357
20855 1356
24654 1356
34807 1356
42735 1356
51667 1356
70194 1356
70857 1356
6225 1356
25664 1356
41446 1356
46715 1356
11968 1356
13760 1356
25459 1356
4270 1355
51599 1355
34576 1355
15550 1355
47532 1354
5460 1354
2489 1354
38432 1354
34209 1354
44498 1354
62144 1354
82551 1353
83557 1353
69162 1353
21650 1353
14599 1353
18792 1353
46039 1353
52470 1353
28218 1353
44732 1353
1131 1353
30788 1353
59713 1352
91838 1352
34030 1352
49564 1351
94699 1351
50537 1351
30973 1351
38864 1350
20639 1350
54309 1350
22133 1350
49080 1350
61610 1350
39164 1350
23862 1350
10041 1350
41258 1349
37024 1349
15410 1349
35027 1349
38488 1349
43105 1349
44958 1349
63929 1349
65847 1349
83258 1349
89932 1349
93631 1349
79823 1349
70325 1349
15720 1348
56368 1348
231979 1348
27736 1348
46290 1348
206920 1348
36189 1348
9446 1347
25161 1347
29317 1347
14777 1347
35264 1347
184698 1347
13618 1347
16589 1347
52179 1347
13631 1347
12451 1347
19688 1347
23834 1346
61390 1346
10193 1346
59744 1346
81180 1345
31585 1345
41954 1345
34369 1345
51215 1345
30805 1344
23185 1344
26243 1344
27481 1344
39214 1344
40201 1344
41147 1344
42267 1344
42800 1344
55232 1344
59923 1344
88137 1344
91747 1344
93087 1344
48630 1344
65641 1343
13662 1343
18028 1343
32817 1343
26615 1343
17431 1342
24021 1342
25438 1342
42480 1342
89798 1342
9960 1342
34061 1342
19888 1342
41244 1342
1036 1342
23479 1342
42753 1342
4663 1342
86459 1341
1819 1341
70237 1341
160529 1341
48894 1341
81271 1341
51672 1341
60696 1341
28211 1341
39508 1341
5544 1340
46633 1340
48456 1340
35588 1340
57330 1340
31647 1340
44515 1340
38001 1339
48504 1339
46113 1339
63897 1339
239717 1339
33776 1339
22027 1339
29799 1339
5994 1339
6153 1339
14087 1339
15052 1339
18186 1339
20334 1339
25408 1339
37164 1339
38015 1339
40588 1339
72049 1339
207940 1338
21134 1338
54756 1338
93662 1338
155792 1338
82517 1338
25798 1338
39887 1337
5380 1337
208412 1337
52352 1337
23374 1337
65088 1337
19123 1336
3806 1336
166470 1336
24026 1336
11574 1336
18517 1336
243254 1336
23311 1336
14757 1336
3201 1336
7514 1336
37106 1336
2786 1335
49765 1335
61468 1335
62572 1335
82012 1335
19285 1335
53915 1335
23597 1334
22670 1334
1813 1334
60224 1334
47191 1334
47266 1334
38620 1334
14595 1334
19227 1334
53092 1333
53902 1333
37254 1333
6976 1333
25807 1333
29927 1332
50354 1332
77990 1332
19442 1332
20652 1332
26281 1332
30955 1332
31444 1332
41530 1332
50976 1332
54348 1332
57010 1332
75485 1332
77901 1332
93926 1332
21986 1332
66869 1332
157870 1332
62839 1332
39140 1331
48487 1331
48327 1331
8496 1331
35339 1331
76515 1331
89328 1331
30360 1331
34965 1330
14911 1330
1244 1330
15699 1330
13450 1330
71269 1330
58288 1330
35188 1330
51099 1330
28125 1330
40101 1330
49282 1330
22293 1330
79680 1330
38045 1330
42914 1329
8310 1329
52561 1329
11762 1329
33510 1329
45670 1329
29560 1329
34606 1329
52720 1329
81297 1329
52907 1329
28068 1329
62677 1329
30390 1329
18706 1329
11728 1329
19309 1329
29709 1329
37396 1329
45877 1329
52665 1329
59507 1329
59628 1329
63990 1329
80904 1329
83592 1329
87330 1329
85117 1328
45569 1328
26932 1328
167647 1328
13213 1328
52424 1328
20779 1328
66027 1327
50492 1327
30500 1327
48085 1327
17129 1327
85751 1327
33822 1327
10788 1326
14470 1326
90522 1326
28585 1326
33053 1326
191090 1325
191372 1325
4227 1325
24124 1325
33899 1325
53071 1325
36401 1325
21033 1324
17645 1324
16516 1324
40355 1324
10240 1324
19331 1324
93424 1323
16738 1323
13056 1323
7341 1323
49190 1323
2188 1323
20583 1323
15211 1322
43193 1322
73187 1322
32390 1322
21156 1322
11737 1322
18306 1322
37240 1321
4830 1321
51036 1321
13346 1321
9962 1321
20857 1321
22013 1320
47173 1320
37218 1320
26747 1320
27646 1320
28600 1320
34276 1320
42612 1320
66144 1320
74087 1320
81152 1320
87496 1320
53307 1320
10762 1320
56535 1319
13157 1319
10863 1319
20094 1319
5397 1318
6717 1318
12265 1318
13884 1318
15827 1318
20851 1318
23012 1318
39776 1318
55008 1318
55742 1318
70112 1318
92560 1318
19528 1318
39066 1318
39953 1318
88367 1318
85872 1318
22233 1318
37149 1318
29884 1318
43489 1318
2869 1317
64915 1317
48040 1317
17563 1317
52747 1317
89112 1317
95443 1317
5581 1317
15825 1316
59675 1316
7706 1316
11764 1316
4438 1316
217879 1315
9007 1315
24001 1315
30509 1315
17959 1315
12579 1315
52563 1314
28830 1314
46315 1314
38125 1314
69052 1314
83486 1314
24809 1314
48500 1314
73142 1314
47673 1314
14271 1313
14142 1313
73298 1313
25709 1313
20749 1312
10681 1312
8407 1312
31540 1312
241474 1312
33953 1312
54634 1311
2825 1311
10825 1311
152463 1311
26967 1311
70902 1311
28893 1311
8172 1310
5943 1310
81234 1310
16760 1310
84638 1310
219076 1310
16044 1310
16981 1310
58351 1310
48554 1310
32112 1309
77937 1309
78440 1309
53155 1309
4445 1309
19588 1309
18804 1309
27880 1308
9832 1308
10692 1308
20676 1308
21471 1308
27965 1308
29081 1308
30867 1308
36960 1308
37915 1308
40635 1308
44978 1308
74717 1308
78258 1308
81250 1308
89879 1308
9298 1308
35593 1308
31478 1308
19407 1308
26922 1308
31546 1308
35259 1308
43102 1308
46449 1308
48408 1308
51676 1308
55007 1308
63774 1308
63987 1308
65487 1308
67818 1308
71908 1308
73993 1308
78428 1308
79148 1308
79905 1308
92132 1308
204188 1308
8194 1308
19000 1308
31086 1308
64001 1308
53778 1307
30102 1307
234093 1307
36012 1307
18738 1306
26147 1306
22953 1306
26734 1306
8791 1306
34560 1306
21370 1306
22799 1306
40838 1306
6361 1306
25261 1305
49963 1305
50527 1305
38308 1305
29722 1305
29579 1305
40952 1305
39691 1305
39238 1305
23377 1305
4197 1304
202049 1304
7539 1303
91124 1303
24089 1303
50098 1303
57278 1303
204665 1303
32849 1302
34325 1302
31791 1302
60934 1302
4933 1302
73301 1302
33565 1301
25548 1301
33079 1301
14946 1301
45983 1301
71122 1301
2030 1301
67203 1301
34495 1300
19337 1300
184201 1300
53283 1300
31005 1300
32775 1300
33771 1300
6647 1299
4371 1299
54607 1299
70360 1299
6159 1299
2003 1299
28082 1299
94542 1298
7769 1298
11383 1298
14292 1298
16591 1298
17486 1298
18926 1298
19325 1298
22634 1298
30114 1298
40885 1298
63232 1298
65721 1298
65950 1298
69475 1298
79220 1298
27833 1298
7158 1298
43947 1298
58760 1297
21767 1297
189147 1297
34525 1296
38127 1296
34027 1296
33749 1296
57796 1296
86151 1296
7601 1296
171448 1296
30262 1296
27181 1296
29385 1296
33998 1296
38640 1296
41205 1296
42936 1296
44279 1296
47356 1296
47904 1296
54975 1296
56229 1296
73704 1296
53381 1296
15949 1296
18574 1295
42992 1295
28783 1295
12527 1295
27329 1295
4018 1295
50003 1294
3188 1294
36320 1294
64263 1294
75336 1294
34709 1294
48993 1293
26108 1293
48510 1293
78472 1293
86961 1293
32465 1293
20671 1293
204097 1293
20271 1293
24141 1293
177724 1293
36593 1292
67003 1292
13332 1292
41669 1292
26656 1292
45179 1292
58391 1292
16167 1292
34249 1292
15193 1291
37048 1291
69152 1291
7269 1291
11671 1291
17779 1290
33691 1290
22411 1290
54656 1290
13266 1290
32554 1290
26298 1290
49432 1290
56751 1290
45833 1289
46435 1289
33631 1289
33256 1289
31424 1289
41365 1289
51600 1289
236361 1289
28681 1289
10330 1289
91806 1289
38135 1288
25720 1288
26019 1288
48950 1288
8962 1288
18410 1288
22754 1288
31739 1288
32523 1288
33342 1288
37303 1288
37754 1288
39282 1288
45564 1288
71715 1288
74849 1288
94439 1288
73415 1288
90274 1288
42436 1288
18154 1288
24847 1287
18133 1287
164720 1287
33125 1287
28904 1287
20523 1287
16293 1287
17591 1286
32667 1286
32967 1286
66463 1286
11890 1286
53278 1286
23088 1286
39535 1286
23898 1286
80615 1285
8096 1285
25977 1285
16208 1285
29268 1285
18906 1284
27764 1284
38514 1284
41478 1284
30527 1284
45607 1284
35695 1284
33975 1284
29008 1284
34296 1284
36153 1284
36271 1284
38207 1284
39622 1284
48501 1284
49490 1284
53511 1284
55090 1284
60065 1284
95049 1284
62193 1284
32830 1283
54331 1283
25267 1283
17180 1283
163662 1282
26482 1282
2104 1282
30753 1282
23011 1282
10021 1281
24629 1281
7209 1281
68417 1281
81333 1281
90959 1281
38802 1281
29440 1281
80233 1280
53115 1280
8235 1280
63528 1280
19232 1280
55033 1280
45600 1280
14866 1279
18637 1279
30317 1279
65343 1279
159856 1278
94858 1278
9279 1278
5974 1278
13802 1278
14809 1278
15667 1278
16928 1278
25738 1278
28162 1278
30738 1278
35748 1278
36369 1278
45785 1278
48818 1278
62151 1278
27670 1278
74931 1278
46754 1277
9435 1277
36626 1277
70851 1277
46522 1277
159915 1277
58702 1276
69909 1276
28486 1276
49768 1276
185680 1276
24783 1276
49771 1275
9684 1275
31628 1275
24247 1275
241936 1275
35361 1275
59891 1275
31941 1275
16613 1275
12129 1275
68825 1274
26939 1274
27447 1274
1964 1273
28782 1273
47157 1273
23748 1273
16651 1273
13954 1273
24278 1273
77754 1272
26823 1272
7925 1272
66559 1272
52903 1272
30361 1272
57020 1272
65395 1272
64041 1272
21574 1272
25058 1272
28943 1272
33147 1272
34178 1272
34897 1272
36900 1272
40423 1272
49443 1272
65098 1272
211414 1272
42249 1271
11511 1271
189876 1271
15999 1271
65639 1271
21365 1271
61830 1271
31344 1271
93275 1270
30287 1270
57515 1270
4127 1270
60120 1270
27097 1270
10980 1270
24656 1270
60777 1270
52441 1269
18897 1269
54297 1269
92538 1269
28975 1269
55993 1269
58881 1269
78005 1268
56157 1268
15664 1268
64608 1268
23275 1268
21682 1268
31046 1268
14883 1268
21858 1268
31606 1268
34228 1268
37182 1268
39177 1268
39794 1268
41592 1268
54539 1268
70212 1268
70556 1268
35168 1268
19032 1267
42991 1267
48120 1267
28562 1266
222962 1266
40817 1266
12721 1266
19843 1266
189976 1266
12884 1266
14137 1266
27751 1266
8564 1266
214136 1266
22682 1266
8498 1266
181090 1266
202640 1266
13966 1266
35209 1266
41495 1266
33473 1266
74479 1265
17571 1265
41318 1265
59542 1265
7229 1265
12985 1265
18801 1265
62275 1265
19470 1265
14664 1265
49539 1264
30369 1264
13073 1264
6944 1264
4993 1264
14790 1264
3303 1264
63839 1263
8045 1263
40632 1263
24251 1263
23342 1262
37476 1262
218329 1262
69986 1262
40489 1262
24203 1262
43335 1262
83978 1262
20304 1261
69224 1261
36734 1261
960 1261
49023 1261
18599 1261
21099 1261
52218 1260
232548 1260
23536 1260
19654 1260
38116 1260
7469 1260
11475 1259
203742 1259
18489 1259
24719 1259
30444 1259
30506 1259
33784 1259
36210 1259
38952 1259
47055 1259
47797 1259
50069 1259
50764 1259
57521 1259
60361 1259
64669 1259
65726 1259
85241 1259
22903 1259
25532 1259
33713 1259
18964 1259
226019 1259
12157 1259
34173 1259
33350 1259
19141 1258
37328 1258
33168 1258
11962 1258
16810 1258
13779 1258
8092 1258
12986 1258
15587 1258
15776 1258
26537 1258
29064 1258
32218 1258
35981 1258
40887 1258
51579 1258
55441 1258
81120 1258
34717 1257
21311 1257
32048 1257
30008 1257
37079 1257
40004 1257
20739 1256
40557 1256
56987 1256
41784 1256
37603 1256
5059 1255
31747 1255
213338 1255
51426 1255
7692 1255
16160 1255
21200 1255
32223 1255
46985 1255
68408 1255
8289 1254
65899 1254
18207 1254
8072 1254
28750 1254
17246 1254
2462 1253
167109 1253
4048 1253
30332 1253
17901 1252
51797 1252
61951 1252
47451 1252
17325 1252
18639 1252
27778 1252
65655 1252
3334 1252
16288 1251
26190 1251
15832 1251
3183 1251
10348 1251
28227 1251
69040 1251
50779 1251
74875 1251
47493 1250
16367 1250
17457 1250
32433 1250
13293 1250
29438 1250
47599 1249
13310 1249
37309 1249
48679 1249
24728 1249
59311 1249
237504 1248
33317 1248
56363 1248
41543 1248
19805 1248
59094 1248
23793 1248
26286 1248
92403 1247
6934 1247
9466 1247
9647 1247
22626 1247
24210 1247
24846 1247
25130 1247
35090 1247
41794 1247
42372 1247
66244 1247
78019 1247
78197 1247
7747 1247
25879 1247
28148 1247
33494 1247
40123 1247
41248 1247
42706 1247
62093 1247
92509 1247
43365 1247
53300 1247
26132 1247
208838 1247
51488 1247
34487 1247
38394 1247
41688 1247
91452 1246
62078 1246
11474 1246
25490 1246
18188 1246
23975 1246
94104 1246
84278 1246
68480 1246
79212 1246
229860 1245
65474 1245
29256 1245
67054 1245
24333 1245
26075 1245
44339 1245
59359 1245
61747 1245
15769 1245
16053 1245
14186 1244
57457 1244
9713 1244
25087 1244
23874 1244
94547 1244
26321 1244
203939 1243
31143 1243
91554 1243
59400 1243
225358 1243
28575 1243
15065 1243
13712 1243
29887 1243
90886 1242
21487 1242
65222 1242
17904 1242
57677 1242
17756 1242
11766 1242
28334 1242
35983 1242
38993 1242
42138 1241
33251 1241
42608 1241
15859 1241
26978 1241
87413 1241
199963 1241
17093 1241
20166 1240
21654 1240
47461 1240
3466 1240
12216 1240
31821 1240
15103 1240
19562 1240
5670 1240
26858 1240
25998 1240
18098 1240
57530 1239
30054 1239
34579 1239
66160 1239
44984 1239
4838 1239
24367 1239
231787 1239
26917 1238
86209 1238
4455 1238
58925 1238
8968 1238
11497 1238
10835 1238
55521 1238
4359 1238
20479 1238
75362 1237
27913 1237
23482 1237
9937 1237
12160 1237
22072 1237
36406 1237
37096 1237
38958 1237
45967 1237
46988 1237
55685 1237
59531 1237
69908 1237
9985 1237
40181 1237
20172 1237
8946 1237
24097 1237
29007 1237
11455 1237
230797 1236
18912 1236
76430 1236
21074 1236
43325 1236
53041 1235
43400 1235
71437 1235
88301 1235
20884 1235
15565 1235
31334 1235
31581 1235
33443 1235
43837 1235
46812 1235
56370 1235
58328 1235
70458 1235
81997 1235
88698 1235
48570 1235
6455 1235
21511 1235
48768 1235
10570 1235
10739 1234
48393 1234
6905 1234
48297 1234
208162 1234
203127 1234
8140 1234
80493 1234
236985 1234
61442 1234
69058 1234
175827 1234
32337 1234
70853 1234
65244 1233
22313 1233
37737 1233
41014 1233
54867 1233
19428 1233
24828 1232
8347 1232
3424 1232
28901 1232
47126 1232
166945 1232
14272 1232
245613 1231
60385 1231
13713 1231
31120 1231
235801 1231
74157 1231
33869 1231
79249 1231
19088 1231
12410 1230
9529 1230
63479 1230
94033 1230
16573 1230
158247 1230
207827 1230
20256 1230
21237 1230
78895 1230
24163 1229
24324 1229
84189 1229
4375 1229
31811 1229
26072 1229
34196 1229
36317 1229
14167 1229
55312 1228
7137 1228
68037 1228
25766 1228
31049 1228
88476 1228
46061 1228
178895 1228
66952 1227
6313 1227
8959 1227
23596 1227
28006 1227
32760 1227
34569 1227
42306 1227
42911 1227
58267 1227
81160 1227
33783 1227
80641 1227
88013 1227
12056 1227
9139 1227
8027 1227
20803 1226
44570 1226
5837 1226
69506 1226
29299 1225
12524 1225
28222 1225
54109 1225
45301 1225
20585 1225
16126 1225
50555 1225
26479 1224
9737 1224
57157 1224
190616 1224
20512 1224
33778 1224
14085 1223
27675 1223
22380 1223
11591 1223
31428 1223
18645 1223
30658 1223
54935 1223
55236 1223
58784 1223
60643 1223
66769 1223
68080 1223
80587 1223
81632 1223
82949 1223
84677 1223
86986 1223
39091 1223
187423 1223
232846 1223
55465 1222
70469 1222
15724 1222
26557 1222
21502 1221
50614 1221
1419 1221
28991 1221
71351 1221
72318 1221
33639 1221
53385 1221
28055 1221
242557 1221
30040 1221
34172 1221
237137 1221
23170 1221
33538 1221
50981 1220
50397 1220
41741 1220
42203 1220
40409 1220
15336 1220
9516 1220
8692 1220
36737 1220
30257 1220
82470 1220
28246 1220
71778 1220
4512 1220
42405 1219
36676 1219
20057 1219
28451 1219
33073 1219
21995 1219
9797 1219
62254 1219
18427 1219
3901 1219
90700 1218
43867 1218
40687 1218
17430 1218
9658 1218
59976 1218
81925 1218
70174 1218
54670 1218
80681 1217
31315 1217
11368 1217
29071 1217
55512 1217
4795 1217
35398 1217
35419 1217
36237 1217
37656 1217
41034 1217
50912 1217
55709 1217
56199 1217
74649 1217
80695 1217
87980 1217
41196 1216
9067 1216
3264 1216
1517 1216
22039 1216
26873 1216
4742 1216
20175 1216
5566 1216
43782 1216
41539 1215
65540 1215
59801 1215
29424 1215
17726 1215
72909 1215
38186 1215
37817 1215
34667 1215
90718 1215
1260 1214
46306 1214
59285 1213
12060 1213
58243 1213
27136 1213
49424 1213
167401 1213
14603 1213
41183 1213
47558 1213
22109 1213
10712 1213
67236 1213
2293 1213
28674 1213
59799 1212
56768 1212
18627 1212
79975 1212
3329 1212
31154 1212
52061 1212
156546 1212
16115 1211
69814 1211
46028 1211
57684 1211
10858 1211
36775 1211
49481 1211
21957 1211
25733 1211
37671 1211
38276 1211
39415 1211
39976 1211
40075 1211
44067 1211
47913 1211
49220 1211
62721 1211
62996 1211
94124 1211
49534 1211
29394 1211
50643 1211
12126 1210
11893 1210
36370 1210
14245 1210
26211 1209
39231 1209
20773 1209
24578 1209
39498 1209
6986 1209
37465 1209
16329 1209
21173 1209
77916 1209
13648 1209
38491 1209
33345 1209
25478 1208
39013 1208
8378 1208
29855 1208
78945 1208
34322 1208
32436 1208
48943 1208
82830 1208
83360 1208
86767 1208
38222 1208
60885 1208
39681 1208
37060 1207
30410 1207
30564 1207
44784 1207
80630 1207
21346 1207
30742 1207
89574 1207
9799 1207
10640 1207
17263 1207
20109 1207
26040 1207
42253 1207
46130 1207
49627 1207
51635 1207
62059 1207
65546 1207
66217 1207
76278 1207
80311 1207
87616 1207
35519 1207
35959 1207
31133 1207
42966 1207
11686 1206
21936 1206
36667 1206
28413 1206
12922 1206
22744 1206
29622 1206
199724 1205
25731 1205
5714 1205
14493 1205
25446 1205
68859 1205
201159 1205
25105 1205
23154 1205
35974 1205
50079 1205
85679 1205
6456 1205
7457 1204
55338 1204
51216 1204
8065 1204
59622 1204
45827 1204
38043 1204
55160 1203
17538 1203
10506 1203
49343 1203
53037 1203
41867 1203
5726 1203
44731 1202
13955 1202
42171 1202
18704 1202
172996 1202
10589 1202
11707 1202
43046 1202
10181 1202
14627 1202
73989 1202
10053 1202
43792 1201
175031 1201
74874 1201
85866 1201
29318 1201
12802 1201
25448 1200
37798 1200
83432 1200
10332 1200
76399 1200
179624 1199
27245 1199
68951 1199
49498 1199
22132 1199
186038 1199
41208 1199
20965 1199
24150 1199
28759 1199
29638 1199
37338 1199
38316 1199
40450 1199
41218 1199
45461 1199
48261 1199
48958 1199
50255 1199
57290 1199
57432 1199
61498 1199
78775 1199
84021 1199
84489 1199
92619 1199
3406 1199
42000 1199
39334 1199
16999 1198
6196 1198
71585 1198
33330 1198
27923 1198
53039 1198
9860 1198
91976 1198
26754 1198
18796 1198
7298 1198
52062 1197
30426 1197
36278 1197
49525 1197
19371 1197
8941 1197
13617 1197
15399 1197
20802 1197
30324 1197
32627 1197
38780 1197
42075 1197
46720 1197
47508 1197
51891 1197
52347 1197
61453 1197
80037 1197
89254 1197
91566 1197
16348 1197
82751 1197
11625 1196
38114 1196
48912 1196
14758 1196
21463 1196
32893 1196
40917 1196
24745 1196
25001 1196
22359 1196
52049 1196
16440 1195
5702 1195
29978 1195
64562 1195
51954 1195
84673 1195
245457 1195
47450 1195
9443 1194
6960 1194
45498 1194
32141 1194
33308 1194
24344 1194
156671 1194
23466 1194
36989 1194
13542 1194
29819 1194
14703 1193
20573 1193
11344 1193
44014 1193
13285 1193
33095 1193
58407 1193
42345 1192
4518 1192
17216 1192
26886 1192
50638 1192
188379 1192
69379 1192
64844 1192
27771 1192
12927 1192
41956 1192
27412 1192
43133 1191
16296 1191
175694 1191
25544 1191
45936 1191
27632 1191
11720 1191
18430 1191
21120 1191
54474 1191
7946 1191
37604 1191
3675 1191
55148 1191
153219 1190
17087 1190
47377 1190
162820 1190
205057 1190
35644 1190
59890 1190
93766 1189
27672 1189
37555 1189
58554 1189
15936 1189
33188 1189
39110 1189
11139 1189
41664 1189
65138 1189
32890 1189
70229 1189
39614 1188
51763 1188
61631 1188
19059 1188
24081 1188
24009 1188
30778 1188
203142 1188
190992 1188
16985 1187
39783 1187
29952 1187
35343 1187
38700 1187
39319 1187
52509 1187
55434 1187
56557 1187
62105 1187
88154 1187
91657 1187
165629 1187
48485 1187
13444 1187
14239 1187
22355 1187
23822 1187
34170 1187
38528 1187
46468 1187
58036 1187
60578 1187
66269 1187
71786 1187
78324 1187
40858 1187
17096 1186
20579 1186
92756 1186
84691 1185
47529 1185
10971 1185
91967 1185
82755 1185
30245 1185
234390 1185
28346 1185
35887 1185
68471 1185
81578 1185
55763 1185
39876 1185
20147 1185
57260 1185
31724 1185
28022 1184
34776 1184
13162 1184
17474 1184
39194 1184
53236 1184
46403 1184
3003 1184
37281 1184
64800 1184
94125 1184
27743 1184
20093 1183
47514 1183
35334 1183
159255 1183
42644 1183
64533 1183
24820 1183
6421 1183
12048 1183
27165 1183
15305 1183
32871 1183
53058 1183
77374 1182
41858 1182
18556 1182
26383 1182
57229 1182
23969 1182
47410 1181
39855 1181
47807 1181
7213 1181
74470 1181
27070 1181
60163 1181
14151 1181
15074 1181
47473 1180
44870 1180
39549 1180
11033 1180
71433 1180
41548 1180
26417 1180
17357 1180
83574 1180
15426 1180
56081 1179
23526 1179
61546 1179
20797 1179
73952 1179
83113 1179
32004 1179
5296 1179
155321 1179
8617 1179
56498 1178
15836 1178
179790 1178
20597 1178
222251 1178
61161 1177
31192 1177
24735 1177
18732 1177
45055 1177
29635 1177
39266 1177
22716 1177
76323 1177
18476 1177
18869 1176
5896 1176
14178 1176
14288 1176
17915 1176
20724 1176
23509 1176
24079 1176
31436 1176
35161 1176
36016 1176
41376 1176
58776 1176
8910 1176
51044 1176
18805 1176
78716 1176
51343 1176
8147 1175
15886 1175
30087 1175
47389 1175
39460 1175
186301 1175
41959 1175
2520 1175
6218 1175
29912 1175
37291 1175
48844 1175
50428 1175
56603 1175
66516 1175
72665 1175
89082 1175
32668 1174
45696 1174
34271 1174
231513 1174
227362 1174
49468 1173
22937 1173
72694 1173
66332 1173
45398 1173
44007 1173
212748 1173
48749 1173
26306 1173
14867 1173
35769 1173
224470 1173
26631 1172
42073 1172
66148 1172
30879 1172
35298 1172
43488 1172
85728 1172
48142 1172
30762 1172
77128 1172
17840 1172
5168 1172
82812 1172
60131 1171
65625 1171
49154 1171
18170 1171
61287 1171
7699 1171
32509 1171
63352 1171
1768 1170
60644 1170
29088 1170
51087 1170
22360 1170
73530 1170
33114 1170
70171 1169
45351 1169
39714 1169
43521 1169
73339 1169
51842 1169
54818 1169
41076 1169
2239 1169
9855 1168
31087 1168
8090 1168
61485 1168
51855 1168
17190 1168
40488 1168
4308 1168
56111 1167
79977 1167
22060 1167
12799 1167
49148 1167
29006 1167
46966 1167
36833 1167
6867 1167
3352 1167
6039 1166
7275 1166
11909 1166
17994 1166
21859 1166
33326 1166
38283 1166
45163 1166
58433 1166
65940 1166
70161 1166
80916 1166
82898 1166
86522 1166
51896 1166
38320 1166
26483 1166
27032 1165
1950 1165
18701 1165
22731 1165
22743 1164
33155 1164
9824 1164
56074 1164
221594 1164
17374 1164
18393 1164
39663 1163
94519 1163
68164 1163
54279 1163
82254 1163
13580 1163
16157 1163
5532 1163
37686 1163
162908 1163
26519 1163
28969 1163
34234 1163
37977 1163
38866 1163
42058 1163
51718 1163
58445 1163
63704 1163
67922 1163
76262 1163
87091 1163
87324 1163
88859 1163
26214 1163
20557 1162
56764 1162
28377 1162
186532 1162
35871 1162
30368 1162
16936 1162
89838 1162
16863 1162
6727 1162
27499 1162
3836 1162
36636 1162
68640 1162
41392 1162
70931 1161
35901 1161
44372 1161
32424 1161
39058 1161
49601 1161
24716 1161
46009 1161
66568 1161
224092 1161
32037 1160
49010 1160
41919 1160
197187 1160
35467 1160
10600 1160
37687 1160
74438 1160
220838 1160
22498 1160
52280 1159
30233 1159
17328 1159
5446 1159
18389 1159
3933 1159
21553 1159
6485 1159
38434 1159
50815 1159
21697 1159
20613 1159
39333 1159
153376 1158
40924 1158
34597 1158
188144 1158
27588 1158
37475 1158
41257 1158
29551 1158
52945 1158
61905 1158
31939 1158
38041 1158
33154 1158
44413 1158
68422 1158
92500 1157
45457 1157
38920 1157
24890 1157
47692 1157
44843 1157
21754 1156
7160 1156
13200 1156
15116 1156
26037 1156
33301 1156
51091 1156
53810 1156
55274 1156
61988 1156
63099 1156
92015 1156
69629 1156
208709 1155
18865 1155
36141 1155
10174 1155
33230 1155
29264 1155
47781 1155
32570 1155
15315 1154
25838 1154
32961 1154
16487 1154
46295 1154
40376 1154
11675 1154
16672 1154
43395 1153
68769 1153
43661 1153
29441 1153
25398 1153
36366 1153
4140 1153
38634 1153
16828 1153
25557 1152
53954 1152
53753 1152
228772 1152
46922 1152
40821 1152
31217 1152
30559 1152
66022 1152
24459 1151
53064 1151
20067 1151
64650 1151
29774 1151
27338 1151
34677 1151
14570 1151
45157 1151
8111 1150
12116 1150
13021 1150
25029 1150
26965 1150
28773 1150
29750 1150
33121 1150
33366 1150
37739 1150
39139 1150
43230 1150
43714 1150
48910 1150
59190 1150
60389 1150
62922 1150
70315 1150
71714 1150
154809 1150
196005 1150
15069 1150
2076 1150
59451 1150
41217 1150
34356 1150
49852 1150
207233 1150
27452 1150
44249 1150
75029 1150
14143 1150
876 1150
25264 1150
189703 1149
51201 1149
62966 1149
33742 1149
35513 1149
50988 1149
82578 1149
24579 1149
90711 1149
32504 1148
33855 1148
60352 1148
81918 1148
21965 1148
89917 1148
30222 1148
59937 1148
55933 1148
75641 1147
10818 1147
14010 1147
20783 1147
21204 1147
5310 1147
49795 1147
30164 1147
24370 1147
24560 1146
35459 1146
49231 1146
58068 1146
66445 1146
4155 1146
36685 1146
18933 1146
51888 1146
5989 1146
26809 1146
43999 1146
44641 1146
3218 1146
6011 1146
9638 1146
16341 1146
16963 1146
17652 1146
28311 1146
39064 1146
49877 1146
56193 1146
64794 1146
65109 1146
70255 1146
95135 1146
16786 1146
19878 1146
25770 1146
25962 1146
30581 1146
28392 1146
35248 1146
59364 1146
18112 1145
16190 1145
33075 1145
91775 1145
15532 1145
24484 1145
29510 1145
13544 1145
28962 1145
10005 1145
44341 1145
63869 1145
26246 1145
38891 1145
59476 1145
57775 1144
68356 1144
7589 1144
10372 1144
25946 1144
47070 1144
80466 1144
55451 1144
50139 1144
32602 1143
48203 1143
16004 1143
21333 1143
67443 1143
73966 1143
69701 1143
5809 1143
21921 1142
22598 1142
43242 1142
80520 1142
17239 1142
241806 1142
24655 1142
29539 1142
68763 1142
60369 1142
4745 1142
226369 1142
18668 1142
19964 1142
229748 1142
65951 1141
15500 1141
18775 1141
25580 1141
1346 1141
19997 1141
17968 1141
161377 1141
68935 1141
40863 1141
62875 1141
11648 1141
1278 1140
12209 1140
50731 1140
64832 1140
30021 1140
33108 1140
24206 1140
11341 1140
27551 1140
36517 1140
22580 1140
9034 1139
91044 1139
84297 1139
2589 1139
9847 1139
76036 1139
790 1139
16758 1139
66564 1139
57558 1139
90185 1138
24518 1138
31852 1138
36534 1138
40410 1138
40454 1138
41602 1138
54117 1138
54936 1138
63418 1138
67093 1138
67402 1138
81850 1138
88211 1138
65922 1138
36416 1138
90402 1138
20123 1138
11874 1138
26311 1138
78361 1138
65690 1138
14862 1137
44782 1137
233798 1136
25315 1136
25703 1136
30240 1136
44399 1136
26516 1136
33866 1136
69223 1136
69979 1136
20286 1136
22306 1136
25062 1136
26091 1136
28586 1136
29860 1136
30252 1136
30900 1136
33996 1136
41649 1136
41937 1136
44078 1136
44965 1136
49874 1136
59824 1136
60318 1136
77184 1136
78487 1136
80050 1136
82872 1136
86697 1136
23938 1136
56340 1136
40108 1136
232170 1135
44368 1135
58003 1135
162358 1135
34790 1135
9508 1135
55717 1135
11855 1135
61211 1135
216499 1135
31349 1135
23595 1134
38018 1134
38225 1134
64934 1134
35625 1134
12449 1134
233738 1134
6048 1134
26831 1134
28816 1134
6548 1134
26357 1133
32239 1133
13097 1133
16143 1133
36965 1133
54365 1133
40044 1133
6334 1133
27791 1132
34878 1132
46059 1132
95451 1132
45366 1132
61850 1132
29044 1132
20568 1132
18729 1132
38972 1131
32279 1131
17851 1131
15309 1131
77092 1131
23255 1131
66552 1131
34274 1130
76866 1130
80542 1130
48271 1130
31660 1130
163487 1130
217604 1130
41663 1130
90934 1130
22242 1130
24291 1130
37978 1130
43844 1130
29131 1130
216315 1129
188204 1129
51207 1129
74298 1129
36164 1129
2903 1128
41433 1128
15335 1128
222845 1128
11389 1128
51194 1128
17826 1128
11617 1128
35473 1128
21000 1128
46060 1128
26756 1127
85449 1127
14081 1127
28595 1127
19896 1127
174471 1127
22753 1126
155821 1126
25909 1126
33800 1126
42953 1126
53002 1126
57608 1126
59401 1126
62831 1126
64077 1126
70729 1126
71048 1126
71205 1126
78332 1126
83990 1126
86368 1126
91096 1126
15380 1126
13974 1126
2405 1126
10593 1126
12873 1126
16394 1126
22320 1126
22344 1126
29999 1126
40092 1126
41280 1126
50812 1126
52339 1126
54233 1126
54562 1126
60082 1126
87262 1126
90609 1126
90660 1126
93044 1126
27119 1126
72467 1126
28014 1125
94993 1125
38013 1125
21845 1125
6209 1125
37643 1125
68643 1125
12574 1125
242261 1125
29321 1125
9782 1125
55471 1125
49621 1125
21914 1124
35190 1124
7870 1124
72090 1124
94565 1124
78413 1124
224956 1124
58469 1124
33518 1123
1312 1123
12272 1123
50855 1123
40564 1123
59118 1123
71666 1123
89311 1123
28147 1123
27169 1123
50735 1123
44101 1123
15930 1122
33273 1122
73608 1122
65467 1122
232996 1122
74891 1122
23936 1122
47217 1122
44500 1122
14111 1122
53350 1121
33803 1121
26475 1121
56153 1121
52182 1121
83198 1120
17954 1120
60521 1120
18781 1120
85988 1120
153761 1120
43027 1120
48864 1120
64216 1119
81063 1119
22089 1119
188391 1118
36650 1118
57287 1118
32728 1118
14963 1118
19566 1118
63184 1118
205890 1117
20454 1117
28177 1117
222291 1116
53840 1116
45796 1116
41995 1116
74316 1116
2587 1116
14304 1116
16351 1116
18256 1116
18757 1116
34476 1116
35400 1116
36022 1116
41213 1116
42082 1116
49552 1116
51310 1116
52232 1116
73360 1116
84199 1116
85986 1116
28554 1115
85225 1115
33685 1115
16593 1115
51748 1115
214605 1115
53820 1115
7066 1115
16800 1115
85088 1115
51882 1115
35819 1115
40574 1115
31103 1115
63447 1115
45276 1114
82061 1114
23057 1114
33814 1114
78738 1114
16283 1114
23918 1114
34103 1114
34425 1114
39006 1114
42316 1114
49396 1114
51075 1114
56051 1114
57971 1114
62075 1114
66743 1114
73845 1114
75598 1114
84584 1114
85276 1114
94494 1114
21105 1114
8657 1114
41270 1113
26763 1113
90063 1113
46632 1113
21850 1113
12864 1113
36055 1113
14636 1113
231581 1113
49221 1112
50574 1112
55357 1112
62696 1112
33515 1112
27528 1112
39919 1112
37639 1112
28934 1112
47317 1112
75383 1112
15273 1111
12569 1111
14726 1111
6493 1111
54712 1111
26375 1111
37122 1111
41505 1111
51299 1111
94902 1111
33362 1111
8582 1111
6680 1111
52125 1111
28621 1111
34584 1111
173791 1110
32658 1110
37070 1110
39527 1110
44200 1110
25036 1110
87789 1110
61457 1110
30096 1109
19272 1109
58574 1109
91988 1109
217741 1109
174746 1109
16657 1109
9994 1109
57742 1109
36529 1109
41262 1109
35873 1109
12274 1109
5004 1109
54367 1109
85884 1109
38965 1108
26273 1108
212066 1108
60670 1108
17676 1108
3292 1108
55115 1108
19694 1108
64369 1108
6838 1107
40485 1107
14622 1107
49159 1107
47680 1107
88447 1107
87651 1107
37042 1107
7690 1107
20556 1107
25602 1106
40851 1106
74602 1106
59624 1106
64240 1106
62314 1106
232697 1106
61942 1106
87052 1106
160954 1106
21666 1106
6117 1106
4286 1105
55140 1105
8642 1105
15115 1105
15259 1105
19402 1105
20942 1105
32137 1105
38538 1105
46185 1105
47261 1105
48796 1105
56262 1105
56558 1105
58699 1105
71053 1105
82978 1105
32896 1105
42483 1105
54164 1105
23344 1105
24502 1105
77016 1105
77646 1105
48187 1104
35490 1104
22872 1104
36996 1104
22589 1104
45227 1104
90277 1104
10350 1104
64085 1104
16280 1104
63381 1104
39262 1103
212421 1103
24254 1103
10074 1103
20186 1103
38636 1103
60613 1103
15675 1103
52685 1103
39114 1103
33720 1102
45347 1102
19392 1102
25196 1102
32054 1102
34233 1102
38761 1102
39274 1102
43710 1102
50605 1102
52490 1102
55019 1102
55488 1102
57948 1102
60501 1102
63328 1102
73158 1102
82776 1102
93519 1102
95097 1102
30695 1102
69231 1102
38449 1102
41259 1102
48693 1101
71277 1101
42385 1101
28232 1101
50360 1100
28686 1100
21113 1100
36890 1100
43386 1100
49995 1100
72346 1100
11459 1100
38098 1100
39607 1100
23082 1100
163696 1100
40144 1100
19181 1100
207083 1100
9164 1100
40721 1100
72947 1100
77931 1100
35990 1099
27217 1099
858 1099
219248 1099
91633 1099
33556 1099
37536 1099
54481 1099
183199 1099
23485 1098
47740 1098
47267 1098
14745 1098
56994 1098
232857 1098
13910 1098
85579 1098
18594 1098
55606 1098
74911 1098
48264 1097
55687 1097
74288 1097
55523 1097
39017 1097
18978 1097
42428 1096
15533 1096
23576 1096
40175 1096
57039 1096
70276 1096
79077 1096
175837 1096
79915 1096
556 1096
21201 1096
43741 1096
59607 1096
3926 1096
17810 1096
45129 1096
77596 1096
56182 1096
63452 1095
25115 1095
19946 1095
22931 1095
24346 1095
28306 1095
30236 1095
38584 1095
45798 1095
47818 1095
53740 1095
57683 1095
58226 1095
72371 1095
76192 1095
78913 1095
82651 1095
83902 1095
85482 1095
87565 1095
94035 1095
72861 1095
25458 1095
50457 1095
817 1095
35152 1095
63550 1094
41939 1094
7496 1094
52567 1094
210937 1094
11924 1094
83021 1093
227025 1093
85744 1093
3500 1093
26433 1093
27586 1093
40727 1093
36795 1093
86679 1092
7781 1092
18833 1092
40909 1092
10256 1092
9244 1091
31265 1091
27082 1091
9213 1091
11783 1091
15774 1090
40773 1090
245286 1090
10078 1090
22020 1090
3657 1090
17599 1090
20395 1090
27054 1090
35329 1090
36797 1090
37393 1090
40146 1090
43796 1090
43856 1090
56501 1090
61847 1090
63542 1090
67673 1090
67927 1090
75346 1090
78438 1090
85650 1090
87183 1090
92915 1090
15634 1090
14083 1089
193825 1089
9594 1089
51819 1089
47370 1089
14552 1089
55856 1089
56222 1089
33069 1089
80880 1088
13045 1088
29100 1088
25402 1088
8716 1088
39937 1088
25804 1088
39751 1088
49044 1088
78759 1088
20680 1088
22432 1088
20124 1088
32982 1087
33012 1087
35396 1087
46121 1087
49201 1087
42069 1087
29040 1087
68349 1087
31612 1087
196172 1087
19992 1087
52789 1087
19931 1086
33391 1086
26166 1086
5401 1086
62214 1086
6342 1086
65316 1085
30076 1085
40361 1085
50952 1085
53207 1085
8076 1085
8616 1085
10319 1085
23049 1085
25591 1085
33711 1085
33827 1085
48475 1085
49657 1085
51509 1085
52858 1085
69481 1085
69518 1085
79098 1085
84106 1085
33194 1085
53192 1085
8050 1085
10318 1085
48117 1085
27701 1085
26146 1084
34522 1084
63638 1084
66049 1084
40541 1084
53577 1084
49036 1084
34826 1084
17369 1084
27610 1084
36715 1084
39105 1084
4076 1084
242009 1084
60805 1084
86125 1084
88716 1084
20009 1084
45051 1083
76562 1083
65756 1083
51681 1083
47801 1083
6019 1083
6662 1083
24703 1083
23246 1083
8757 1082
27609 1082
80584 1082
41129 1082
16675 1082
36269 1082
87680 1082
24685 1081
57184 1081
28154 1081
32394 1081
10430 1081
7827 1081
5201 1081
62908 1081
206714 1081
30917 1081
60431 1080
46878 1080
65666 1080
25524 1080
31979 1080
9532 1080
31437 1080
76051 1080
36268 1080
23469 1080
38390 1079
13051 1079
63865 1079
4285 1079
42419 1079
32480 1079
9156 1079
236464 1079
14420 1078
67935 1078
14618 1078
232392 1078
30799 1078
24372 1078
37874 1078
21228 1078
32845 1078
33037 1078
34789 1078
38480 1078
47123 1078
47315 1078
48102 1078
49827 1078
60068 1078
67519 1078
73847 1078
74503 1078
75333 1078
82707 1078
86180 1078
87026 1078
245320 1078
48409 1078
30098 1078
63234 1078
62807 1077
4521 1077
23249 1077
3985 1077
38402 1077
75213 1077
162642 1077
31419 1077
244615 1077
13515 1077
59742 1076
33956 1076
14736 1076
44921 1076
40814 1076
27650 1076
33694 1076
33468 1076
42164 1076
3366 1076
15401 1076
51665 1076
1800 1076
151783 1076
36843 1076
35488 1075
18980 1075
24455 1075
17342 1075
31183 1075
31593 1075
32003 1075
35995 1075
36311 1075
42852 1075
50986 1075
69361 1075
83519 1075
89516 1075
91360 1075
91613 1075
10962 1075
9380 1075
52610 1075
62321 1075
34935 1075
32610 1075
84019 1075
7729 1075
21434 1074
32606 1074
35729 1074
40589 1074
66650 1074
9878 1074
50105 1074
34766 1073
40025 1073
58127 1073
11898 1073
7956 1073
59535 1073
11797 1073
47358 1073
50099 1073
46981 1073
212266 1073
56925 1072
27190 1072
20924 1072
69528 1072
224551 1072
10787 1072
53736 1072
72606 1072
37310 1072
6400 1072
5563 1072
13267 1072
56830 1072
34580 1071
15186 1071
38220 1071
38059 1071
27123 1071
62301 1071
47187 1070
27212 1070
50137 1070
81236 1070
55941 1070
93355 1070
33159 1070
188713 1070
24931 1070
35510 1069
36076 1069
69377 1069
156022 1069
25223 1069
33213 1069
12561 1069
227948 1069
65435 1069
33572 1068
58721 1068
94589 1068
38304 1068
62305 1068
19489 1068
22940 1068
22569 1068
31600 1068
13142 1068
203710 1067
36897 1067
245070 1067
45522 1067
4467 1067
29492 1067
14121 1067
45319 1067
24788 1067
25460 1067
30563 1067
54015 1067
40447 1067
18084 1067
27857 1067
57073 1066
2202 1066
31367 1066
31510 1066
171816 1066
60301 1066
50161 1066
26606 1066
29331 1066
25577 1066
75752 1066
23330 1066
27394 1066
33577 1066
42046 1066
53419 1066
55419 1066
62169 1066
73977 1066
83357 1066
83656 1066
84794 1066
75959 1065
62754 1065
81235 1065
43647 1065
14767 1065
794 1065
13415 1065
17884 1065
20822 1065
21472 1065
28770 1065
43032 1065
43804 1065
44509 1065
46554 1065
66979 1065
74671 1065
76818 1065
79790 1065
94219 1065
95277 1065
41700 1065
15130 1065
64455 1065
29918 1064
5535 1064
14786 1064
19499 1064
39499 1064
19957 1064
56672 1064
232364 1064
35851 1064
160981 1064
67251 1063
38714 1063
39383 1063
43028 1063
16164 1063
47322 1063
26668 1063
53779 1063
13072 1063
25613 1063
31559 1063
182612 1062
40653 1062
84686 1062
37539 1062
49927 1062
46142 1062
6921 1062
64917 1062
32785 1062
52367 1062
42127 1062
162043 1062
90090 1062
30503 1061
29379 1061
93788 1061
73086 1061
70535 1060
59614 1060
16131 1060
39395 1060
18905 1060
60919 1060
30692 1060
56279 1060
58510 1060
49790 1060
35139 1060
28651 1059
38303 1059
28051 1059
12967 1059
25120 1059
71420 1059
23472 1059
47831 1059
12203 1059
92120 1058
19042 1058
81055 1058
47321 1058
4727 1058
60495 1058
55779 1058
14735 1058
12002 1057
6110 1057
86591 1057
49698 1057
39603 1057
154257 1057
31770 1057
33950 1057
49134 1057
182990 1057
25637 1056
30032 1056
11913 1056
86408 1056
46343 1056
24397 1056
21516 1056
32058 1055
14388 1055
21983 1055
3830 1055
15329 1055
21672 1055
22350 1055
25539 1055
34822 1055
36899 1055
38613 1055
40199 1055
40941 1055
66473 1055
69354 1055
73872 1055
75833 1055
78349 1055
2618 1055
48308 1055
43520 1054
831 1054
27122 1054
35138 1054
23218 1054
3224 1054
3469 1054
222911 1054
29222 1054
4157 1054
21727 1054
29050 1054
30479 1054
31155 1054
37796 1054
37909 1054
46964 1054
49955 1054
60011 1054
66345 1054
70466 1054
74650 1054
75993 1054
77747 1054
79902 1054
82851 1054
95182 1054
13091 1053
29844 1053
222712 1053
14889 1053
6509 1053
22863 1053
4476 1053
54390 1053
11852 1052
5648 1052
47013 1052
37515 1052
45417 1052
49272 1052
40602 1052
86722 1052
35822 1052
44755 1052
90054 1051
6595 1051
23273 1051
19671 1051
23786 1051
46692 1050
58010 1050
10086 1050
13855 1050
16047 1050
63282 1050
44173 1050
87819 1050
27172 1050
52821 1050
29433 1050
39944 1050
10338 1050
18387 1050
32131 1050
51604 1049
33718 1049
30483 1049
27089 1049
17739 1049
69030 1049
42980 1049
17511 1049
21818 1049
28557 1049
31318 1049
161253 1049
47149 1049
182349 1049
56124 1048
18864 1048
44673 1048
36489 1048
34022 1048
23107 1048
22600 1048
59942 1048
37378 1048
73936 1047
15912 1047
88450 1047
56713 1047
66781 1047
42360 1047
17960 1047
39176 1047
65277 1047
17223 1047
16116 1047
16727 1046
161175 1046
2882 1046
20151 1046
35893 1046
28973 1046
50118 1046
9060 1046
197616 1046
33254 1046
49096 1045
30603 1045
13872 1045
21531 1045
13207 1045
8612 1045
12765 1045
41024 1045
41145 1045
56759 1045
84722 1045
76052 1044
56966 1044
80571 1044
53776 1044
8332 1044
64651 1044
42485 1044
167807 1044
43185 1044
28225 1044
50702 1044
73401 1044
41095 1044
31685 1044
200805 1044
20834 1043
3563 1043
78389 1043
18538 1043
48010 1043
202892 1042
50877 1042
6448 1042
54250 1042
84943 1042
47622 1042
38195 1042
52917 1042
14501 1042
10492 1041
24347 1041
24695 1041
26825 1041
34268 1041
34754 1041
51484 1041
52946 1041
57861 1041
60622 1041
66175 1041
67716 1041
68188 1041
76555 1041
82107 1041
89183 1041
51307 1041
24839 1041
200733 1041
180784 1041
12225 1041
27697 1041
2265 1041
20243 1041
2396 1041
23804 1041
32224 1040
43565 1040
170406 1040
51505 1040
22804 1040
35087 1040
213889 1040
29293 1040
153228 1040
76637 1040
29682 1040
194646 1040
67453 1039
71319 1039
31294 1039
75571 1039
23219 1039
32044 1039
186642 1039
81988 1039
14240 1038
6284 1038
31201 1038
79745 1038
47828 1038
59174 1038
69011 1038
30238 1038
54734 1038
36622 1037
39106 1037
60427 1037
7288 1037
30888 1037
223061 1037
46610 1037
13372 1037
20701 1037
40884 1037
80706 1037
71317 1037
51860 1037
37368 1037
187116 1037
20547 1037
8797 1037
85414 1037
84982 1037
23297 1037
32719 1036
21640 1036
77883 1036
7310 1036
62883 1036
22636 1036
36334 1036
54882 1036
51179 1035
50700 1035
18340 1035
24355 1035
45028 1035
48162 1035
22995 1035
13164 1035
56030 1035
78989 1035
57053 1035
52958 1035
54040 1034
8056 1034
31242 1034
10816 1034
14854 1034
65389 1034
75143 1034
92412 1034
11583 1034
33354 1034
63341 1034
21295 1034
31580 1034
36168 1034
78387 1034
9748 1033
24952 1033
36195 1033
4769 1033
41166 1033
22695 1033
13780 1033
28089 1033
30285 1033
17503 1033
21807 1033
25229 1033
47651 1032
11805 1032
36804 1032
14337 1032
52815 1032
53850 1032
17787 1032
39219 1032
64500 1032
50111 1032
79162 1031
16638 1031
10135 1031
35080 1031
21041 1031
202065 1031
244085 1031
57415 1031
5738 1031
25900 1031
50054 1031
162462 1031
27184 1031
25739 1031
1263 1030
929 1030
35701 1030
52625 1030
40451 1030
88487 1030
33068 1030
38556 1030
13197 1030
14986 1029
24212 1029
24935 1029
31633 1029
36690 1029
36913 1029
47629 1029
66519 1029
87304 1029
91805 1029
93287 1029
241273 1029
7169 1029
60996 1029
22102 1029
220850 1029
59031 1029
39685 1029
40996 1029
27931 1029
22456 1029
23369 1028
79213 1028
4730 1028
75553 1028
46318 1028
19569 1028
15023 1028
52408 1028
151600 1027
19558 1027
35826 1027
67832 1027
53070 1027
43906 1027
79678 1027
84291 1027
91092 1027
178737 1027
64833 1027
66439 1027
21900 1026
59554 1026
30015 1026
73321 1026
83454 1026
29234 1026
32179 1026
46377 1026
9089 1026
49866 1026
61963 1025
72724 1025
5661 1025
720 1025
38549 1025
26894 1025
183724 1025
42902 1025
181751 1025
41082 1025
40386 1025
33305 1025
32517 1024
62281 1024
57513 1024
4919 1024
5578 1024
16901 1024
18008 1024
20431 1024
21273 1024
22487 1024
32193 1024
37207 1024
38285 1024
42880 1024
52611 1024
53995 1024
55114 1024
59457 1024
64024 1024
68463 1024
70698 1024
71553 1024
80261 1024
81598 1024
92550 1024
103725 1024
90664 1024
76849 1024
18365 1024
40544 1024
16275 1024
165553 1024
13309 1024
15090 1024
14480 1024
49693 1023
167518 1023
38703 1023
47238 1023
25688 1023
15551 1023
30471 1023
22949 1023
51247 1023
204499 1023
23783 1023
14549 1023
36910 1023
66351 1023
217986 1023
21077 1023
226666 1022
191117 1022
242967 1022
38944 1022
34468 1022
52015 1022
87194 1022
6954 1022
176191 1022
31803 1022
19261 1022
7016 1022
1166 1022
2398 1022
59929 1021
9305 1021
20496 1021
37992 1021
41913 1021
165126 1021
26062 1021
66098 1021
3810 1021
27740 1021
18239 1021
225943 1020
30906 1020
66804 1020
81655 1020
90734 1020
94020 1020
46547 1020
9097 1020
56928 1020
31257 1020
18990 1020
41729 1019
52149 1019
48876 1019
19256 1019
25750 1019
49063 1019
62183 1019
93343 1019
14397 1019
50242 1019
82194 1019
19305 1019
15933 1019
37907 1018
27308 1018
54958 1018
81831 1018
40404 1018
35476 1018
34303 1018
59429 1018
2546 1018
13351 1017
26341 1017
34445 1017
30530 1017
47437 1017
17291 1017
23143 1017
24296 1017
33498 1017
37622 1017
39477 1017
42443 1017
64725 1017
69572 1017
71011 1017
72014 1017
74030 1017
79315 1017
81672 1017
83742 1017
87137 1017
90350 1017
92261 1017
40672 1017
32735 1017
53945 1017
209334 1017
31923 1017
201303 1017
77274 1017
9063 1017
77725 1017
11371 1017
188706 1016
39742 1016
189526 1016
14108 1016
56497 1016
94734 1016
11225 1016
32944 1016
7396 1016
36026 1016
54310 1015
68498 1015
15506 1015
47108 1015
51357 1015
51637 1015
62368 1015
54408 1015
11063 1015
26925 1015
87842 1015
37617 1015
12145 1015
72677 1014
15793 1014
5769 1014
16148 1014
16321 1014
18442 1014
23573 1014
27104 1014
38068 1014
40459 1014
44739 1014
49416 1014
51384 1014
56860 1014
73627 1014
77112 1014
84431 1014
79848 1014
17588 1014
17691 1014
42770 1014
71684 1014
55735 1014
179932 1014
48973 1014
11508 1014
34300 1014
93335 1014
30198 1014
9912 1014
34663 1013
18455 1013
23240 1013
37083 1013
42533 1013
11781 1013
40145 1013
9789 1013
53303 1013
54065 1013
68803 1013
24925 1013
91191 1013
30226 1013
25945 1013
80498 1012
47626 1012
29618 1012
16435 1012
224835 1012
42232 1012
11009 1012
54312 1012
36744 1012
39853 1012
12713 1012
54738 1011
80313 1011
43774 1011
23209 1011
32607 1011
6624 1011
22250 1011
32413 1011
23073 1011
84328 1010
38063 1010
22516 1010
30197 1010
12593 1010
16697 1010
32237 1010
237131 1010
75318 1010
47986 1010
38758 1009
28473 1009
14864 1009
24014 1009
29693 1009
49924 1009
65793 1009
47975 1009
45467 1009
53017 1009
45560 1008
64071 1008
45766 1008
208886 1008
15710 1008
20100 1008
24313 1008
53322 1008
67324 1008
40985 1008
40759 1008
80039 1007
33429 1007
46653 1007
60932 1007
18843 1007
35351 1007
20757 1007
94408 1007
23799 1007
14110 1007
193649 1007
71756 1007
55400 1006
32166 1006
44856 1006
18632 1006
34998 1006
50125 1006
10892 1006
24573 1006
2120 1006
15611 1006
22593 1006
36926 1005
34463 1005
45555 1005
43795 1005
41230 1005
74046 1005
76043 1005
79466 1005
84648 1005
86234 1005
86369 1005
94617 1005
19304 1005
60180 1005
14283 1005
11905 1005
59848 1005
23397 1005
50875 1005
20850 1005
24671 1005
73622 1005
47095 1005
10024 1005
213974 1005
38808 1004
69271 1004
82574 1004
15876 1004
26035 1004
5960 1004
10873 1004
11753 1004
21535 1004
21880 1004
25828 1004
26550 1004
26624 1004
36061 1004
44702 1004
45415 1004
47424 1004
49158 1004
57589 1004
60403 1004
61772 1004
61862 1004
61949 1004
64376 1004
71422 1004
76630 1004
77380 1004
80314 1004
80612 1004
84502 1004
24309 1004
29749 1004
54843 1004
20967 1004
31584 1004
47642 1003
56496 1003
58615 1003
51571 1003
64899 1003
26202 1003
31236 1003
11678 1003
52820 1003
35093 1003
53786 1003
75098 1003
190349 1003
37741 1002
36084 1002
188579 1002
27524 1002
31694 1002
36624 1002
46022 1002
46820 1002
80809 1002
41153 1002
12199 1001
39354 1001
209120 1001
6770 1001
40064 1001
44962 1001
49988 1001
32482 1001
45920 1001
15174 1001
11925 1000
4027 1000
6382 1000
15268 1000
718 1000
20078 1000
72734 1000
13369 1000
9698 1000
46091 1000
3837 999
43510 999
59545 999
5403 999
21730 999
17091 999
51826 999
82620 999
34577 999
194669 998
862 998
32534 998
65427 998
16741 998
37914 998
40745 998
72674 998
28470 998
34811 998
76533 997
40063 997
55259 997
21688 997
161069 997
37067 997
14022 997
85477 997
11535 996
49217 996
55054 996
69923 996
30306 996
15035 996
58205 996
35133 996
62133 996
68015 996
77948 996
10410 996
29316 996
16504 996
24106 996
72096 996
11193 996
32225 996
51899 996
48710 995
34566 995
11478 995
32314 995
66540 995
231789 995
69460 995
3207 995
159927 995
36808 995
71977 994
22969 994
49650 994
230461 994
6504 994
10483 994
12759 994
14452 994
18180 994
30186 994
36249 994
45573 994
49310 994
63464 994
66569 994
71512 994
77869 994
82257 994
82400 994
21451 994
4303 994
161012 994
7722 994
42079 993
180473 993
14529 993
22869 993
27669 993
28609 993
30067 993
30079 993
31266 993
31800 993
35741 993
42384 993
42844 993
45001 993
50250 993
57313 993
60820 993
62213 993
66344 993
68676 993
73713 993
80861 993
82778 993
82798 993
94044 993
54221 993
30587 993
38243 993
1689 993
57534 993
33260 993
24265 992
52437 992
52014 992
55718 992
14346 992
34944 992
16074 992
193940 992
39688 992
32758 992
157846 991
45016 991
48473 991
70641 991
28201 991
40953 991
55893 991
4540 991
23880 991
60924 991
22635 991
52680 991
23953 991
162666 991
35299 991
235519 991
17964 991
54887 991
55075 991
23471 990
5127 990
29133 990
62953 990
43220 990
2338 990
29285 990
43778 990
48484 990
71972 990
80322 990
94704 990
32483 989
20181 989
24244 989
27692 989
29157 989
166937 989
17125 989
35848 989
52616 989
61098 989
75224 989
14839 989
27334 989
41439 989
42095 989
41353 989
41714 988
75664 988
6898 988
14544 988
41151 988
18376 988
75914 988
28174 988
23474 988
238473 988
66863 988
20657 988
8293 988
39233 987
17743 987
23007 987
9439 987
39019 987
57994 987
82024 987
17625 987
14179 987
9534 987
92145 987
60785 987
26010 986
62798 986
4117 986
71821 986
13616 986
43783 986
41204 986
14800 985
31867 985
28498 985
28412 985
40509 985
19934 985
30697 985
49064 985
22997 985
24547 985
62536 985
32205 985
180548 984
45040 984
63724 984
23227 984
53456 984
24778 984
34493 984
25819 984
11704 984
13503 984
15466 984
16368 984
21325 984
24030 984
24849 984
25140 984
44314 984
44827 984
56248 984
61344 984
63198 984
63408 984
70860 984
75245 984
79266 984
83982 984
21429 984
26915 984
80062 984
2994 984
49300 984
197853 983
46854 983
26863 983
26346 983
48055 983
33584 983
55789 983
22475 983
67299 983
18790 983
87028 983
18375 983
34513 983
24494 982
187637 982
40791 982
21943 982
63340 982
86499 982
70298 982
10162 982
24938 982
53161 982
86353 982
24987 981
25801 981
34896 981
63889 981
33519 981
21736 981
17090 981
31164 981
60504 981
57685 981
25556 981
26670 981
33052 981
33689 981
33739 981
34622 981
36563 981
39978 981
41090 981
41200 981
44410 981
50162 981
57958 981
60757 981
66044 981
68135 981
78416 981
86630 981
93115 981
57807 981
45663 981
12753 981
201353 980
49799 980
20941 980
84881 980
54295 980
64188 980
81059 980
41290 980
25156 980
33298 980
25654 980
28348 980
59486 979
74393 979
38157 979
25547 979
23113 979
32130 979
32662 979
42854 979
47160 979
23772 979
38173 979
5244 978
15823 978
35874 978
93171 978
81980 978
199592 978
14667 978
12414 978
7281 978
14457 978
29775 978
52966 978
18183 978
55654 978
63931 978
3187 978
39592 978
21024 978
2051 977
46074 977
85151 977
37734 977
28494 977
51698 977
16635 977
35143 977
42366 977
43060 977
209861 977
83888 977
75824 977
12984 977
25892 977
39781 977
11885 977
95682 976
189552 976
51034 976
21612 976
25550 976
44777 976
56750 975
7640 975
30431 975
57904 975
49161 975
215677 975
27911 975
42775 975
23733 975
28559 975
64273 975
85864 975
69164 975
21634 975
68973 975
230694 975
25035 974
39121 974
12833 974
33513 974
226185 974
70528 974
81683 974
17945 974
21139 974
28080 974
28997 974
54236 974
55686 974
68300 974
69928 974
72783 974
74152 974
81761 974
92506 974
70785 974
8384 974
52234 974
93503 974
42502 973
28484 973
46763 973
44398 973
4481 973
12043 973
47907 973
46205 973
36207 973
86855 973
35809 973
16228 973
11967 973
42397 973
32935 973
28356 972
17441 972
44089 972
36866 972
39122 972
78001 972
164814 971
18505 971
79498 971
34460 971
45689 971
4378 971
92510 971
80598 971
26875 970
15902 970
21656 970
45822 970
3182 970
58027 970
29039 970
78132 970
31384 970
31691 969
22996 969
54461 969
4372 969
30152 969
45668 969
21359 969
65619 969
29707 969
42812 969
5815 969
4295 969
20821 969
21267 969
27303 969
32213 969
37945 969
41140 969
43962 969
44653 969
45586 969
47416 969
48189 969
51773 969
53938 969
60488 969
69291 969
69311 969
73296 969
82659 969
92525 969
212498 969
7037 969
179494 968
41075 968
24147 968
179779 968
29346 968
53315 968
25666 968
4020 968
10693 968
58668 967
2666 967
10596 967
54585 967
8811 967
62406 967
46627 967
87618 967
47737 967
68614 967
20036 967
49325 967
241248 967
53347 967
88066 966
93485 966
38435 966
59119 966
64046 966
8291 966
24904 966
42809 966
39590 966
63429 966
75875 966
20107 965
28301 965
37740 965
39344 965
82808 965
155237 965
36920 965
51088 965
20021 965
42216 965
4580 965
44918 965
26178 965
34449 965
5961 965
67041 965
8786 964
91904 964
212181 964
37523 964
41698 964
28667 964
92417 964
31053 964
7205 963
8634 963
9765 963
10847 963
12224 963
15727 963
18415 963
19267 963
22091 963
29986 963
32425 963
40106 963
48887 963
49701 963
59734 963
60258 963
62633 963
68641 963
69355 963
10860 963
45959 963
83195 963
36893 963
32147 963
56571 963
25227 963
47374 963
82494 963
27488 963
20408 963
13011 963
63680 963
5877 962
67396 962
612 962
81420 962
23777 962
56581 962
64109 962
207573 961
182042 961
55130 961
21593 961
42264 961
81708 961
46839 961
27888 961
32837 961
30976 961
22333 961
54004 960
54227 960
36748 960
84271 960
54782 960
14649 960
15493 960
24918 960
56700 960
45584 960
22212 960
15665 960
30570 959
82413 959
81070 959
85776 959
20400 959
27472 959
25433 959
16560 959
32792 959
210462 959
26466 959
33152 959
16717 959
17107 959
18066 958
34512 958
31778 958
26988 958
72799 958
198281 958
42673 958
37832 958
41522 958
25730 958
19012 958
194618 958
65530 958
80885 958
38803 957
63285 957
12516 957
34358 957
86198 957
29146 957
69275 957
43217 957
36436 957
51564 957
27450 957
24550 957
29509 957
30490 957
31460 957
38463 957
40689 957
43865 957
47571 957
53005 957
53492 957
57831 957
68591 957
77859 957
86202 957
90225 957
91611 957
77826 957
58371 957
55149 956
57194 956
28572 956
25114 956
5104 956
63426 956
40597 956
6766 956
35504 955
28543 955
32303 955
60810 955
68600 955
74493 955
14991 955
19454 955
79351 955
33274 955
27233 955
39374 954
42145 954
51016 954
64123 954
237840 954
13548 954
189213 954
66990 954
24927 954
22423 954
32972 954
67369 954
68679 954
15799 953
4960 953
10472 953
14251 953
14416 953
16773 953
17114 953
18827 953
22080 953
25137 953
25468 953
26473 953
28624 953
36036 953
42681 953
52562 953
66730 953
75683 953
85901 953
89934 953
91788 953
17831 953
15088 953
10203 953
13923 953
92679 953
13597 953
48508 953
67401 953
49068 953
17388 952
1912 952
28037 952
34281 952
65637 952
41463 952
41419 952
93827 952
30263 952
49317 952
17824 952
49465 952
18218 952
9318 952
28323 952
19604 951
61227 951
72184 951
175513 951
18352 951
18646 951
80606 951
56703 951
42828 951
13178 950
18988 950
78693 950
29595 950
38090 950
163154 950
42610 950
58666 949
78752 949
36140 949
50729 949
74017 949
44932 949
20193 949
178995 949
22207 949
52342 949
44287 949
86014 949
7746 949
212049 949
50272 949
45736 949
61030 949
95211 949
9848 948
8927 948
12470 948
11236 948
52452 948
42403 948
5298 948
34969 948
55737 948
171381 947
32718 947
11992 947
35021 947
89842 947
65179 947
43693 947
179335 947
25714 947
51444 947
64383 947
56044 946
54276 946
50170 946
71160 946
43099 946
44780 946
10916 946
76754 946
38764 946
33716 946
47237 946
28396 945
37685 945
12953 945
15888 945
38625 945
44971 945
48667 945
6496 945
46596 945
43945 945
13480 945
18840 945
22888 945
25525 945
29621 945
31514 945
36803 945
37185 945
37694 945
38299 945
41561 945
51502 945
57541 945
61007 945
64472 945
64568 945
67943 945
68516 945
73465 945
78590 945
83588 945
95177 944
81998 944
40839 944
31712 944
195117 943
51609 943
6308 943
8696 943
10714 943
15438 943
18573 943
22379 943
33580 943
36982 943
37618 943
45530 943
52662 943
58701 943
59182 943
60776 943
75629 943
87172 943
157321 943
75638 943
190523 943
18206 943
53574 943
59876 943
218451 943
28099 943
46674 943
54946 943
68219 943
75329 943
78704 943
49842 942
1493 942
45265 942
23980 942
28911 942
42250 942
45998 942
230910 942
70356 942
49360 942
53775 942
44600 942
53964 941
6718 941
38738 941
49918 941
173113 941
46197 941
19560 941
45707 941
46251 941
243741 941
31051 941
23609 941
11470 940
28446 940
37335 940
5477 940
27726 940
63414 940
26688 940
15910 939
78640 939
27183 939
44720 939
22709 939
78192 939
69777 938
21794 938
27484 938
36630 938
34124 938
33752 938
13009 938
39428 938
2616 938
33967 938
40038 937
6746 937
233869 937
38973 937
26236 937
75275 937
15158 937
60134 937
3635 936
19495 936
54455 936
10929 936
49523 936
82716 936
75343 936
85894 936
68275 936
6221 936
12659 936
64348 936
35597 935
33039 935
18151 935
57725 935
10376 935
37865 935
2775 935
47279 935
68841 935
18056 935
153560 935
65131 935
217763 934
225237 934
36879 934
68220 934
43694 934
57050 934
19009 934
72143 934
50074 934
14643 934
5641 934
8701 934
78802 934
26128 933
180071 933
8896 933
9692 933
17269 933
20488 933
21096 933
22558 933
24746 933
24909 933
27114 933
28857 933
31500 933
33332 933
34593 933
36496 933
36904 933
38187 933
38820 933
41452 933
46065 933
55852 933
56270 933
60111 933
64476 933
66599 933
69393 933
99476 933
21288 933
231509 933
21384 933
51908 933
22796 932
1633 932
19090 932
30818 932
33907 932
34830 932
36632 932
41161 932
41265 932
44806 932
46149 932
48791 932
48816 932
50032 932
56773 932
57955 932
58430 932
60004 932
65386 932
67339 932
69142 932
69321 932
71810 932
72502 932
76755 932
84032 932
84350 932
87805 932
88559 932
161836 932
37357 932
23030 932
68526 932
77665 932
55161 932
50695 932
13951 932
61688 932
9433 932
13606 932
35583 932
79096 932
29647 932
21276 932
65217 931
93695 931
182705 931
48071 931
78825 931
46780 930
53605 930
59911 930
62004 930
95226 930
16001 930
6118 930
35546 930
60473 930
5756 930
52778 930
51755 930
32979 930
15839 930
23111 929
16695 929
42825 929
79716 929
80919 929
83334 929
13114 929
34812 929
14861 929
73747 929
51761 929
4053 929
205979 929
19249 929
40890 929
61416 929
38852 928
36986 928
27917 928
20560 928
24052 928
55881 928
48721 928
80110 928
33449 928
36616 928
82723 928
9342 928
15575 927
5002 927
16077 927
20307 927
7724 927
49042 927
21866 927
34134 927
44122 927
62189 927
47409 927
63254 927
25466 927
15165 927
15964 927
90031 927
52582 927
36620 927
21606 926
34636 926
58684 926
21684 926
14768 926
17119 926
31275 926
45969 926
21163 926
91706 926
23502 925
35603 925
9762 925
81332 925
29298 925
43088 925
15696 925
20954 925
54537 925
93017 925
81432 925
86327 925
3048 925
15374 925
38318 925
46525 925
61794 925
75724 925
44628 924
51948 924
51102 924
11350 924
79293 924
83679 924
52581 924
50233 924
12068 924
58576 924
75480 924
85009 924
71750 924
82819 924
34141 924
81717 924
43893 924
21759 923
86275 923
37013 923
55901 923
90313 923
43687 923
66326 923
12557 923
13585 923
14161 923
17470 923
20576 923
25470 923
30624 923
36368 923
36819 923
39621 923
57417 923
60658 923
72657 923
86990 923
93663 923
77820 923
24824 923
213951 923
48003 923
13804 922
51104 922
27451 922
83260 922
20235 922
10017 922
5623 922
208809 922
64358 922
210242 922
65158 922
28398 921
57655 921
15254 921
66905 921
37730 921
64959 921
45676 921
154734 920
23872 920
40599 920
40879 920
41789 920
44350 920
44603 920
44833 920
46285 920
51701 920
54037 920
54477 920
55977 920
56057 920
56284 920
56835 920
60083 920
61725 920
62139 920
64100 920
74765 920
79233 920
79686 920
82588 920
87453 920
92131 920
23511 920
185168 920
44384 920
78465 920
94512 920
61117 920
240997 920
19056 920
21665 920
57518 920
23929 919
156624 919
205018 919
57240 919
29413 919
13226 919
27908 919
25678 919
26525 919
47973 919
68938 919
5012 919
30434 918
29959 918
36383 918
61790 918
66726 918
43707 918
25164 918
48542 918
50469 918
52001 918
60782 918
26655 918
43636 918
77304 918
84397 918
86239 918
20357 917
31260 917
50683 917
229575 917
53162 917
192704 917
15286 917
19266 917
91330 917
45548 917
44115 916
70248 916
87600 916
57058 916
23426 916
19951 916
218927 916
36520 916
42325 916
6929 916
32989 916
18390 916
16297 915
230389 915
37715 915
70700 915
39062 915
19945 915
27266 915
43996 915
73117 915
25282 915
61239 915
40920 914
53991 914
37564 914
190651 914
65539 914
171349 914
52850 914
84532 914
239283 914
26613 913
14473 913
14610 913
16529 913
17262 913
17730 913
21227 913
21670 913
28427 913
29033 913
33795 913
44298 913
49153 913
66162 913
70381 913
25696 913
74287 913
46006 913
37667 913
82428 912
158190 912
70826 912
2522 912
20265 912
69430 912
51689 912
52957 912
14923 912
92068 911
46768 911
72773 911
31574 911
55918 911
25944 911
69767 911
52857 911
39698 911
37300 911
61923 911
20505 911
4266 910
68359 910
10761 910
7730 910
47111 910
236182 910
84549 910
50110 910
48718 910
57081 910
37186 910
38558 909
43005 909
19151 909
26617 909
68424 909
23871 909
19047 909
156033 909
30616 909
6174 909
84206 909
38470 908
53198 908
4712 908
43950 908
46951 908
47853 908
50210 908
54718 908
58509 908
59601 908
62228 908
71649 908
72019 908
75467 908
83643 908
89661 908
5694 908
73579 908
40818 908
67580 908
9560 908
39512 907
65789 907
9849 907
22098 907
34949 907
89295 907
18282 907
43161 907
46621 907
13990 907
53109 907
21557 907
57859 907
80019 907
25522 906
36742 906
70392 906
25833 906
60325 906
57586 906
93538 906
19145 906
71641 906
31602 906
6818 906
21542 906
29306 906
91589 906
39060 906
27193 905
52297 905
20683 905
66617 905
26189 905
49553 905
50534 905
33939 905
39867 905
82923 905
74011 905
64073 905
18552 905
24122 905
29933 905
28124 904
5162 904
39041 904
43058 904
73495 904
44246 904
64195 904
73540 904
60345 904
10519 904
32472 903
44643 903
228662 903
6861 903
67186 903
5791 903
30637 903
60476 903
8633 903
37819 903
27716 903
13590 903
27749 903
49857 903
22222 903
28095 903
29503 903
30436 903
31030 903
31734 903
37346 903
39163 903
40513 903
43418 903
53349 903
53390 903
62197 903
68434 903
69958 903
76381 903
78279 903
81645 903
85763 903
11703 902
17358 902
18409 902
21748 902
29208 902
37201 902
62296 902
43660 902
7453 902
44150 902
60263 902
41554 902
19383 902
39911 902
33564 902
29683 902
29833 902
46073 902
163046 901
21391 901
92861 901
22522 901
42191 901
25106 901
47327 901
47832 901
58172 901
184284 901
22523 900
2217 900
16688 900
17393 900
56940 900
1497 900
10526 900
5609 900
45685 900
23295 900
29209 899
81337 899
31338 899
32040 899
30854 899
49382 899
202187 899
60166 899
64755 899
29176 898
36841 898
57870 898
14976 898
226699 898
52682 898
165879 898
221046 898
163003 898
11399 898
92773 898
174018 898
38943 898
23586 898
52157 898
12254 897
8034 897
223533 897
50763 897
30028 897
35562 897
10965 897
73909 897
9570 897
14893 896
225495 896
25663 896
188780 896
47132 896
93545 896
23717 896
26047 896
26620 896
31110 896
35154 896
35869 896
36336 896
45190 896
46154 896
46938 896
55151 896
57871 896
61013 896
63317 896
64037 896
64897 896
79255 896
82360 896
83457 896
88551 896
90586 896
230448 896
87689 896
18752 896
62411 896
82222 896
60979 896
36409 896
217369 895
43313 895
62424 895
20232 895
47093 895
36719 895
60282 894
9950 894
64174 894
12591 894
15024 894
26610 894
24461 894
34727 894
24322 894
32714 894
54863 894
55345 894
69307 894
43895 894
35416 893
38580 893
242537 893
245302 893
43254 893
11174 893
14359 893
31676 893
34635 893
75014 893
90810 893
229078 893
18623 893
18402 892
8445 892
11465 892
13691 892
14812 892
20849 892
21562 892
22335 892
22357 892
23559 892
27567 892
32656 892
33535 892
47445 892
56114 892
56879 892
68255 892
69574 892
79304 892
87581 892
96402 892
28537 892
9996 892
38609 892
48503 892
12826 892
39923 892
67208 892
67579 892
68290 892
19813 892
35726 892
22870 892
182923 892
34150 892
24780 892
34308 892
43137 892
81765 892
15396 892
31810 892
41568 891
30994 891
37112 891
75551 891
7762 891
18932 891
60426 891
42422 891
50095 891
60975 891
229577 891
65165 891
14331 891
59097 891
35166 891
18592 891
69859 891
198673 891
94674 891
27703 891
11645 891
16343 891
62454 890
80893 890
48595 890
46755 890
22774 890
47700 890
11441 890
36448 890
23004 890
78076 890
42726 890
3275 890
61267 890
33291 890
19166 890
13121 890
8391 889
18308 889
26115 889
49844 889
38216 889
85826 889
35677 889
50297 889
224718 889
215579 888
8710 888
9980 888
22446 888
52275 888
57268 888
43737 888
18916 888
44394 888
79226 888
52584 888
19462 888
13681 888
15552 888
59016 887
78928 887
2883 887
21823 887
36618 887
33672 887
169822 887
1952 887
42100 886
10972 886
16662 886
25079 886
20572 886
155837 886
37652 886
10852 886
71937 886
20421 885
59965 885
28266 885
16466 885
87395 885
24027 885
72146 885
29521 885
25504 885
26099 885
223302 884
9557 884
66508 884
79596 884
23527 884
46968 884
10844 884
92843 884
22168 884
26897 884
27332 884
32298 884
32542 884
32877 884
34520 884
37101 884
37970 884
41907 884
45089 884
46372 884
47177 884
53179 884
68431 884
69296 884
72869 884
74824 884
75283 884
78814 884
80056 884
80249 884
80419 884
81760 884
88100 884
91289 884
92906 884
227396 884
39268 884
28103 884
207176 884
75585 884
36386 884
200676 884
14389 884
12788 884
67897 884
18297 883
21977 883
42715 883
66641 883
49515 883
23994 883
14025 883
87557 883
199671 883
23513 883
61384 883
31837 883
38587 883
46257 883
52651 883
90120 883
58216 882
239646 882
48337 882
38176 882
38346 882
9474 882
18383 882
18589 882
23852 882
24551 882
24842 882
26194 882
42168 882
46455 882
47861 882
53701 882
56161 882
63013 882
63603 882
64454 882
73979 882
80570 882
80900 882
82541 882
85904 882
87076 882
95334 882
50045 882
4024 882
19800 882
22960 882
46317 882
65715 882
69367 882
14266 882
38430 882
181610 882
10837 882
7104 882
60963 882
23352 882
43181 882
3652 882
30514 882
39151 882
54879 882
56577 882
6377 881
18720 881
49359 881
62862 881
19364 881
192129 881
87317 881
36032 881
67304 881
67442 881
87029 881
231307 881
16960 881
41915 881
8835 881
78303 880
72803 880
37019 880
58797 880
84875 880
32228 880
32243 880
34987 880
17354 879
4782 879
80158 879
22631 879
46689 879
22338 879
28685 879
60298 879
71568 879
61165 879
31530 879
3355 879
60086 879
189283 879
41787 879
8052 879
39441 879
39782 878
27002 878
42955 878
9408 878
35288 878
85174 878
32059 878
74961 878
200233 878
62751 878
42199 877
14086 877
91324 877
46210 877
55725 877
13249 877
78890 877
56660 877
233873 877
3624 876
26896 876
81861 876
17690 876
230746 876
54749 876
38422 876
17999 876
216174 876
23447 876
68829 876
19970 876
76561 876
12453 876
78964 876
39668 876
33744 876
24792 876
78078 876
3271 875
48322 875
25461 875
22229 875
17917 875
17671 875
93588 875
68530 875
40642 874
161053 874
95385 874
9616 874
16526 874
163368 874
27289 874
80547 874
27960 874
38265 874
75772 874
27802 874
57296 874
29160 873
28180 873
59255 873
229116 873
47898 873
6726 873
3876 873
53495 873
51071 873
37831 873
22442 873
91983 873
10890 873
50977 873
83184 873
89763 872
7013 872
14414 872
14796 872
15584 872
20508 872
21946 872
21951 872
23239 872
23555 872
25752 872
29207 872
31490 872
33635 872
34842 872
42939 872
43629 872
47773 872
48905 872
49348 872
50358 872
57464 872
60794 872
64048 872
74117 872
80331 872
32025 872
58507 872
23774 872
37321 872
40237 872
40441 872
42312 872
48925 872
49070 872
53402 872
59504 872
63998 872
64244 872
64513 872
66800 872
69022 872
78386 872
78456 872
79798 872
81790 872
85880 872
90529 872
95015 872
6670 872
189207 872
17738 872
32952 872
12239 871
19605 871
11521 871
15239 871
16263 871
47484 871
74466 871
34054 871
57104 871
46654 871
92594 871
39247 870
69061 870
24955 870
30411 870
53276 870
60279 870
2637 870
68520 870
56470 870
78355 870
20218 870
24388 870
30265 870
41080 870
69072 870
76454 870
24200 870
37317 870
12642 870
87425 870
47509 869
55535 869
60714 869
30971 869
41831 869
47122 869
89692 869
93511 869
28704 869
59075 869
94975 869
27709 869
38251 869
36937 868
26386 868
16720 868
37679 868
49715 868
30601 868
40950 868
24343 867
16678 867
37385 867
66761 867
25692 867
176605 867
40267 867
19662 867
20522 867
28593 867
27161 867
12988 866
18480 866
25483 866
51376 866
31859 866
52154 866
38787 866
42272 866
8719 866
50013 866
59195 866
18496 865
44899 865
59096 865
29901 865
11016 865
26704 865
21744 865
86952 865
83394 865
57074 865
35970 865
43030 865
11382 865
15306 865
25830 864
50998 864
8179 864
4077 864
8843 864
30037 864
51534 864
36221 864
173574 864
21549 864
39034 864
13306 863
41600 863
20282 863
41475 863
54677 863
24652 863
13160 863
32545 863
53532 863
31363 863
70526 863
16330 863
204744 863
24326 863
40646 862
80849 862
89204 862
21050 862
10416 862
14819 862
9743 862
60125 862
43948 862
29921 862
24022 862
27237 862
13341 862
15267 862
15280 862
15369 862
21174 862
24408 862
24747 862
28610 862
29419 862
30974 862
34855 862
41288 862
42020 862
43414 862
46477 862
49079 862
50781 862
56087 862
56330 862
60481 862
62841 862
66328 862
71570 862
92917 862
97792 862
52773 862
55354 862
63292 862
52183 862
16205 862
15114 862
21718 862
40321 862
42932 862
161619 861
31665 861
63595 861
85712 861
65002 861
53452 861
21643 861
15168 861
38026 861
25030 861
17704 861
68388 861
84705 861
67291 861
37456 861
26658 861
92162 861
35750 860
26025 860
24946 860
80305 860
46943 860
240377 860
58762 860
19908 860
49735 860
4861 860
68387 860
2710 860
13210 860
18200 860
20725 860
25948 860
30550 860
30560 860
31924 860
34383 860
34390 860
34641 860
36586 860
36919 860
38697 860
41780 860
45720 860
46082 860
46787 860
47381 860
51270 860
53528 860
56826 860
58143 860
63881 860
65702 860
67642 860
71117 860
73028 860
74285 860
75676 860
79439 860
85326 860
94045 860
23205 860
55588 860
45621 860
11873 859
45712 859
73418 859
51366 859
73129 859
13832 859
26951 859
14475 859
60704 859
36113 858
181393 858
26122 858
29353 858
24191 858
54900 858
75785 858
82884 858
94965 858
40387 858
51459 858
27068 858
23210 858
51275 857
238913 857
26860 857
30590 857
31666 857
39530 857
40341 857
43442 857
15001 857
28076 857
54992 857
81551 857
9267 857
35817 857
72308 857
47821 857
42704 857
70545 857
95716 857
224800 857
241923 857
16333 857
195410 856
62416 856
18072 856
62531 856
27846 856
20656 856
38838 856
55740 856
41344 855
7439 855
23325 855
52812 855
183704 855
31950 855
34192 855
555 855
21414 855
48309 855
22739 855
26713 855
17154 855
48037 854
30230 854
57899 854
43248 854
24463 854
66783 854
85987 854
11557 854
17205 854
217401 854
88387 854
32525 854
51364 854
58723 854
227015 854
46299 853
37051 853
63247 853
67336 853
13545 853
13784 853
15424 853
165530 853
28442 853
234039 853
29588 853
46607 853
19635 853
16472 853
74757 853
52833 852
26496 852
32274 852
12975 852
8425 852
53712 852
22621 852
234918 852
93835 852
86060 852
35020 852
37640 852
10001 852
14220 852
20342 852
22727 852
29103 852
30300 852
34708 852
35690 852
36726 852
39095 852
42268 852
42564 852
43375 852
44114 852
45261 852
52922 852
54934 852
58257 852
66584 852
68395 852
27607 852
20678 852
70808 852
13487 852
10396 852
11660 852
7805 852
50389 852
39099 851
25718 851
47852 851
12179 851
64381 851
36090 851
15591 851
48277 851
49278 851
177442 851
10893 851
61192 851
49242 851
41182 851
38050 850
27167 850
12435 850
24726 850
54856 850
26805 850
35076 850
9327 850
36302 850
68607 850
10124 850
31179 850
69352 849
48963 849
65319 849
59630 849
31504 849
216395 849
10859 849
22383 849
4544 849
15385 848
25670 848
86161 848
27959 848
17203 848
33972 848
39421 848
52140 848
952 848
25617 848
13707 848
15405 848
29077 848
30881 848
31927 848
35877 848
37273 848
39045 848
44131 848
44574 848
46011 848
49156 848
50344 848
50637 848
52766 848
54521 848
59241 848
60161 848
61063 848
62437 848
66012 848
72374 848
74251 848
92394 848
93570 848
172178 848
63949 847
1285 847
75682 847
58515 847
21616 847
48386 847
94562 847
33160 847
45106 847
29642 846
51157 846
59540 846
225282 846
65788 846
62457 846
36964 846
41634 846
43637 846
21990 846
4234 846
48270 846
60529 845
6210 845
25173 845
42985 845
60509 845
47201 845
30497 845
47836 845
55361 845
63645 845
66782 845
225604 845
30538 845
18417 845
46796 845
168130 845
58192 845
42475 845
67865 845
212582 845
28151 844
27132 844
21817 844
185981 844
165644 844
31925 844
39184 844
18518 844
43410 844
69010 844
46076 844
71970 844
70564 844
26129 844
57902 844
71779 844
28742 844
205822 844
12185 844
61253 844
40212 843
51602 843
28288 843
31282 843
212552 843
81259 843
1776 843
43763 843
26544 843
45463 843
26427 843
11333 843
52915 843
40912 843
34638 843
29961 843
44767 843
71929 842
51967 842
235889 842
7571 842
82212 842
64389 842
31717 842
22103 842
30192 842
49716 842
13440 842
20980 842
23317 842
36246 842
36574 842
40610 842
41654 842
42402 842
44272 842
52901 842
55658 842
58377 842
58460 842
59432 842
59946 842
63094 842
64044 842
64219 842
65141 842
71213 842
71575 842
28206 842
55238 842
94178 842
37388 842
40128 841
196718 841
24279 841
91660 841
24103 841
38545 841
61237 841
76993 841
78365 841
17834 841
76720 841
33712 841
5049 841
153217 841
74123 841
2254 841
66667 841
71268 841
35197 841
21851 840
40949 840
8857 840
80316 840
50569 840
43705 840
56325 840
41883 840
33400 840
30968 840
42367 839
43141 839
72705 839
50595 839
45972 839
36949 839
51274 839
88895 839
2613 839
21191 839
65205 839
12914 839
27134 838
40853 838
81576 838
13688 838
84259 838
92041 838
33458 838
53327 838
4066 838
73557 838
34265 838
88566 838
54668 838
36743 837
240323 837
30364 837
72407 837
12706 837
41022 837
48819 837
86546 837
11858 837
66872 837
2035 837
50823 837
34679 837
27478 837
38384 837
66255 836
37078 836
65354 836
221585 836
6301 836
32287 836
2178 836
13758 836
29569 836
21121 836
27436 836
31808 836
33056 836
37294 836
24662 836
19882 836
42918 836
46489 836
49557 836
56342 836
63224 836
63290 836
67481 836
70798 836
74061 836
81179 836
91525 836
94299 836
12034 836
18783 835
62560 835
29378 835
185958 835
50783 835
20598 835
59009 834
39388 834
27921 834
35771 834
42370 834
58356 834
14252 834
19451 834
50658 834
44504 834
58894 834
168014 834
74120 834
12542 834
60286 834
72891 834
25827 834
33182 834
53612 834
53901 833
171970 833
66457 833
35260 833
14455 833
18979 833
17683 833
40848 833
20045 833
29046 833
90193 833
33666 833
27125 833
9185 833
35622 832
36239 832
39636 832
61147 832
74519 832
79365 832
20437 832
26923 832
44723 832
5531 832
76276 832
64620 832
19681 832
162237 832
34930 832
4317 832
37863 832
10842 832
28106 832
8947 832
10662 832
12645 832
14902 832
18015 832
20634 832
21144 832
22946 832
24041 832
24193 832
33113 832
39996 832
40086 832
46680 832
52993 832
53513 832
55646 832
61594 832
62778 832
63149 832
65177 832
70219 832
71448 832
80870 832
87207 832
35224 831
41814 831
43891 831
9304 831
40338 831
44364 831
233275 831
49732 831
27974 831
52092 831
72770 831
26963 831
40530 831
54323 831
32266 831
59092 831
35155 831
8188 831
213768 830
39812 830
60674 830
25255 830
10303 830
49368 830
13810 830
33544 830
83545 830
13576 830
189033 830
47161 830
28098 830
26353 830
46484 830
57200 830
49147 830
215697 829
91892 829
51807 829
53717 829
5814 829
187090 829
32590 829
20161 829
58755 829
28260 829
13209 829
90765 829
192026 829
71266 829
3298 829
180398 829
82314 828
19610 828
19941 828
27034 828
69714 828
50689 828
36010 828
19438 828
60729 828
41307 828
60845 828
29272 828
68944 828
90875 828
44770 828
39301 828
9928 827
17193 827
18579 827
35055 827
12125 827
14072 827
213905 827
62933 827
10241 826
87434 826
60683 826
162218 826
63090 826
60305 826
74506 826
89952 825
3174 825
94544 825
23166 825
19849 825
61038 825
61346 825
50945 824
72672 824
11349 824
16718 824
90005 824
43054 824
5320 824
223261 824
21046 824
44095 824
35100 824
43001 824
17907 824
44205 824
72490 824
21753 824
76017 824
231778 824
7743 823
161153 823
17008 823
18809 823
31976 823
33148 823
37569 823
39502 823
46360 823
47059 823
48735 823
49645 823
50464 823
51011 823
52837 823
53727 823
55879 823
59028 823
62036 823
62449 823
64334 823
66158 823
66956 823
67055 823
67386 823
68302 823
70997 823
75708 823
83222 823
92395 823
93450 823
93702 823
3399 823
28433 823
10901 823
86538 823
17760 823
62001 823
46128 823
7437 823
71688 823
37795 823
36584 823
56435 823
2567 823
23212 823
45099 823
27264 823
37585 822
63347 822
200308 822
12519 822
39792 822
49059 822
72638 822
34433 822
51695 822
240070 822
67638 822
20781 822
25831 822
43244 821
53235 821
58076 821
72218 821
3351 821
10822 821
11309 821
14720 821
16979 821
22970 821
28020 821
29013 821
30012 821
31403 821
37510 821
44587 821
48935 821
49620 821
53244 821
55848 821
58017 821
60564 821
64065 821
75103 821
94956 821
208861 821
58141 821
203408 821
91945 821
27918 821
61075 821
63717 821
16620 821
26685 821
197286 821
49520 821
171544 821
21538 820
16027 820
30378 820
35890 820
36579 820
95206 820
13952 820
43649 820
63682 820
10833 820
68145 820
22460 820
64782 820
32795 820
57988 820
32551 820
46493 820
20321 820
24562 820
41152 820
59668 820
74839 820
60404 819
172292 819
23132 819
21883 819
81263 819
20338 819
41332 819
16328 819
7611 819
36028 819
65420 819
27004 818
54794 818
26195 818
42708 818
11899 818
7206 818
70540 818
50543 818
7657 818
60097 818
6233 818
85365 818
59732 818
25016 817
53257 817
237959 817
175065 817
12590 817
15848 817
11262 817
47371 817
69853 817
68626 817
48231 817
89079 817
32157 816
21118 816
21232 816
2851 816
11833 816
37963 816
51958 816
9371 815
43281 815
76960 815
39723 815
18222 815
95057 815
156067 815
4983 814
9707 814
62896 814
32528 814
47696 814
5662 814
58239 814
92033 814
41160 814
6783 814
1342 814
25929 814
209244 814
16982 814
165438 814
37732 813
27514 813
22071 813
46424 813
17391 813
20625 813
35853 813
63711 813
76700 813
72256 813
29838 813
4069 813
39328 813
31273 813
11041 813
59936 813
40305 813
29422 812
84917 812
73097 812
52043 812
16471 812
27784 812
18460 812
180038 812
33617 812
24790 812
37763 812
49227 812
57643 812
77434 812
43722 812
12689 812
94172 811
44634 811
17023 811
66303 811
5419 811
11731 811
24499 811
24696 811
27809 811
29382 811
30330 811
31113 811
31126 811
31167 811
34919 811
36813 811
42197 811
44779 811
48525 811
48678 811
50943 811
51237 811
51345 811
52381 811
53218 811
54466 811
56944 811
60394 811
63641 811
63761 811
68585 811
75124 811
77819 811
80774 811
83291 811
92355 811
92695 811
8822 811
14888 811
16241 811
22507 811
23080 811
25232 811
27630 811
27892 811
28740 811
39845 811
45934 811
46773 811
49398 811
60154 811
67729 811
68962 811
72479 811
90100 811
215150 811
22909 811
11020 811
182239 811
5009 811
26556 811
13148 811
41165 811
15842 811
35904 810
8232 810
62949 810
94042 810
33190 810
9308 810
68159 810
6736 810
39755 810
65080 810
12053 809
71336 809
79345 809
30958 809
82381 809
66337 809
13722 809
35283 809
48370 809
53847 809
82507 809
87118 809
29552 809
23546 809
41966 808
44993 808
25230 808
41000 808
75516 808
41776 808
30655 808
41992 808
57244 808
54081 808
63049 807
28603 807
33499 807
27404 807
31590 807
88854 807
159471 807
76667 807
80325 807
5724 807
40110 807
43287 807
80117 807
86907 807
27367 807
30755 807
12824 806
17019 806
25453 806
81830 806
31904 806
65239 806
37104 806
31534 806
208877 806
41609 806
43094 806
75656 806
45776 806
46937 806
14680 806
20659 805
41586 805
48193 805
36806 805
55026 805
78421 805
80242 805
74162 805
46636 805
38436 805
15178 805
20766 805
42629 805
79454 805
66795 805
12161 805
51203 805
55618 805
22026 804
235777 804
31267 804
48396 804
161556 804
18077 804
15465 804
55094 804
76641 804
20337 804
35243 804
53302 804
72925 804
65338 804
63062 803
82890 803
8352 803
17046 803
47632 803
49183 803
49435 803
42967 803
4228 803
94392 803
26241 803
20943 803
33990 803
94774 802
48303 802
49915 802
46585 802
31548 802
61275 802
37722 802
92986 802
37608 802
31054 802
56458 802
84814 801
174818 801
67244 801
85459 801
24083 801
42099 801
15738 801
18323 801
18975 801
23566 801
25555 801
29138 801
30381 801
36853 801
37813 801
39073 801
41437 801
49809 801
52270 801
53004 801
54091 801
59716 801
60602 801
60738 801
72390 801
49146 801
89081 801
5349 801
8922 801
76026 801
36089 800
29009 800
51977 800
6660 800
167094 800
197466 800
9069 800
40624 800
50648 800
65321 800
28457 800
44699 800
84853 799
87643 799
25531 799
37343 799
39510 799
40631 799
43659 799
44448 799
48752 799
50706 799
51863 799
51968 799
52359 799
53690 799
54142 799
54344 799
54674 799
56545 799
58039 799
62234 799
65669 799
70882 799
78686 799
85010 799
90468 799
210058 799
74574 799
84685 799
32721 799
44979 799
70975 799
51389 799
14249 799
90392 799
51098 799
15293 798
27105 798
57999 798
200647 798
90286 798
64202 798
25737 798
78067 798
65060 798
64817 798
18607 797
19286 797
52178 797
56235 797
72896 797
17049 797
46776 797
41538 797
66299 797
26811 797
34772 797
40385 797
49805 797
62787 797
70566 797
82339 797
86931 797
4059 797
39773 797
11576 797
35721 797
12466 796
41015 796
35671 796
205330 796
2013 796
21223 796
27067 796
32540 796
57629 796
59517 796
81865 796
25553 796
68091 796
11224 796
33700 796
72710 796
17064 796
59676 796
53997 796
35418 796
15108 795
63841 795
82161 795
67485 795
41424 795
69015 795
82227 795
3552 795
8014 795
46793 795
24224 795
27820 795
19086 795
43523 795
68467 794
37576 794
18555 794
5795 794
66621 794
49419 794
23658 794
17459 794
56684 794
73406 794
216374 794
25405 794
34712 794
26224 794
46730 794
8734 794
58814 794
21034 794
59933 793
72303 793
23935 793
36536 793
36627 793
42897 793
24549 793
47780 793
63284 793
64325 793
32089 793
60681 793
41569 793
56538 793
34572 793
17528 793
210027 793
81882 793
95104 792
55384 792
72963 792
32754 792
38876 792
1972 792
36071 792
30174 792
68411 792
41879 792
35277 792
86925 792
61296 792
32595 792
57247 792
73008 792
20919 792
4681 792
29686 792
23749 792
80254 792
86379 792
79201 791
16257 791
3499 791
4029 791
5925 791
17100 791
21043 791
25338 791
25902 791
30020 791
32052 791
32869 791
35196 791
36425 791
39661 791
42132 791
49721 791
55581 791
57724 791
62288 791
76303 791
87682 791
88183 791
90044 791
95718 791
8450 791
32604 791
41502 791
47366 791
50143 791
32362 791
30214 791
82526 791
62307 791
243332 791
8112 790
49058 790
36348 790
36933 790
42573 790
63011 790
39360 790
18027 790
78037 790
75972 790
34648 790
45030 790
69710 790
207013 790
10271 789
33850 789
59051 789
41733 789
9182 789
69907 789
30003 789
11049 789
34413 789
28772 789
1279 789
71881 789
39394 788
7542 788
48289 788
40090 788
20584 788
1348 788
34951 788
47103 788
61831 788
43111 788
34827 788
22325 787
6194 787
63098 787
88129 787
7224 787
34219 787
29856 787
5185 787
15117 787
22277 787
28995 787
31189 787
31604 787
32973 787
38103 787
43495 787
44217 787
44983 787
45053 787
47879 787
48767 787
51231 787
53136 787
53721 787
54784 787
56398 787
57906 787
60694 787
61357 787
61503 787
61914 787
64126 787
65512 787
67278 787
70765 787
71828 787
73606 787
75645 787
82516 787
83510 787
83728 787
85949 787
90218 787
90722 787
91933 787
240107 787
29601 787
51895 787
77530 787
65442 786
73367 786
64558 786
25984 786
42333 786
7790 786
69098 786
55831 786
227986 786
40889 786
50273 786
77352 785
238255 785
26710 785
224507 785
18384 785
24670 785
48150 785
6005 785
45452 785
16604 785
40347 785
75352 785
51910 785
63862 785
68975 785
95350 785
56513 785
16583 785
32614 785
17952 784
70294 784
10624 784
36170 784
39011 784
74590 784
88717 784
95185 784
45924 784
52845 784
200791 784
14930 784
3263 783
31270 783
68719 783
15855 783
5027 783
21760 783
21101 783
5114 783
39984 783
29063 783
42295 783
44845 783
59212 783
28304 783
13485 783
46676 783
192351 783
3707 783
48934 783
61387 782
59842 782
66853 782
246057 782
18035 782
22685 782
12390 782
19932 782
78551 782
81305 782
27517 782
47455 782
218528 781
39633 781
27685 781
73844 781
28507 781
57710 781
51902 781
19117 781
18124 781
12736 781
16752 781
18874 781
31792 781
32995 781
33799 781
47383 781
52369 781
69631 781
75463 781
78130 781
82365 781
85377 781
98618 781
28141 781
41683 781
47863 781
70394 781
194323 781
40900 781
58093 781
85612 781
245982 781
47480 781
58922 781
38074 780
67925 780
76586 780
24649 780
47802 780
19427 780
19046 780
50093 780
49848 780
51900 780
211510 780
9247 780
10634 780
38347 780
26396 780
77788 780
70364 780
48219 780
53379 780
53670 780
5950 780
30569 779
32588 779
45943 779
32654 779
27421 779
219968 779
10329 779
20972 779
32848 779
49055 779
63826 779
56241 779
49989 779
22374 779
31383 779
178590 779
69855 779
15651 779
228589 779
1197 779
73088 779
18849 778
35179 778
37069 778
53125 778
30630 778
16974 778
73571 778
27614 778
46420 778
27498 778
80388 778
15927 778
78229 778
54275 778
51560 777
62009 777
58913 777
13501 777
38870 777
42314 777
15788 777
42286 777
72249 777
16689 777
51282 777
85298 777
54384 777
239524 777
35075 777
18293 777
29890 777
3556 777
9627 777
51866 777
66848 777
54698 777
31340 776
58432 776
18236 776
168466 776
229077 776
36595 776
47163 776
41396 776
20231 776
62422 776
43846 775
19733 775
55456 775
226157 775
56653 775
81842 775
218093 775
17094 775
19353 775
26216 775
33419 775
37755 775
37937 775
41418 775
44949 775
46219 775
51570 775
51927 775
53449 775
54517 775
58228 775
59591 775
61677 775
65620 775
65938 775
66307 775
67074 775
70951 775
73189 775
74543 775
75406 775
75576 775
76111 775
78656 775
85059 775
86852 775
90151 775
91991 775
92325 775
93851 775
14188 775
35759 775
93924 775
7214 775
41930 775
70003 775
207853 775
33852 775
47452 775
12821 775
89513 775
61386 774
23737 774
42185 774
75760 774
23580 774
56147 774
2901 774
25430 774
37113 774
32499 774
47960 774
15294 774
227862 774
5977 774
200856 774
67528 774
52696 773
169722 773
16813 773
19366 773
42780 773
45164 773
63386 773
64318 773
34932 773
9404 773
40358 773
2765 773
51981 773
22287 773
5557 773
19948 773
43224 773
224837 773
61636 773
13696 773
28482 773
35811 773
40158 773
48841 773
72686 773
84583 773
74854 773
238553 772
13998 772
48578 772
81789 772
27100 772
74892 772
16406 772
11569 772
46181 772
174344 772
26207 772
65979 771
172876 771
68131 771
80579 771
48662 771
46909 771
75351 771
83839 771
75418 771
66932 771
16503 771
4287 771
12520 771
12714 771
15789 771
19673 771
24862 771
30419 771
32608 771
35044 771
36265 771
37658 771
38158 771
49345 771
49527 771
55268 771
58396 771
62727 771
65618 771
76471 771
160740 771
29517 771
32308 771
222868 771
35891 771
218362 770
49718 770
70678 770
6094 770
15279 770
73711 770
4771 770
44038 770
46163 770
12406 770
51112 770
29891 770
51883 770
65654 770
32560 770
36457 770
56691 770
176070 770
159127 769
21769 769
24721 769
36004 769
7243 769
35272 769
45324 769
46066 769
71204 769
60500 769
72239 769
22595 769
57992 769
59490 769
85545 769
87060 769
44670 769
36167 769
44771 768
211635 768
70221 768
8506 768
198691 768
49792 768
21580 768
29508 768
42407 768
39108 767
31177 767
56812 767
164475 767
10436 767
48130 767
32770 767
8860 767
47080 767
85491 767
8875 766
7917 766
6685 766
65175 766
36319 766
38400 766
15420 766
45119 766
26425 766
41005 765
66631 765
38959 765
70131 765
224708 765
47231 765
186055 765
240052 765
12562 765
81628 765
10168 765
48540 765
37092 765
38339 765
29859 765
182505 764
30568 764
17211 764
62991 764
59036 764
27928 764
76458 764
58258 764
22351 764
71028 763
50882 763
37805 763
44452 763
75619 763
16114 763
81131 763
25259 763
26491 763
26784 763
29907 763
30743 763
30860 763
30897 763
37282 763
39254 763
40327 763
40747 763
42521 763
44851 763
45054 763
45297 763
45740 763
46924 763
47784 763
50307 763
51359 763
51711 763
55218 763
57047 763
59035 763
62168 763
63101 763
64494 763
70173 763
74950 763
75368 763
75870 763
76247 763
77748 763
78167 763
79533 763
88648 763
89250 763
91436 763
92400 763
94530 763
94907 763
186162 763
205833 763
13005 763
43357 763
12763 763
16836 763
37616 763
49352 763
74568 763
54896 763
88759 762
1955 762
20475 762
42092 762
9313 762
81586 762
201827 762
71743 762
39891 762
18107 762
18896 762
26039 762
69031 762
25910 762
33107 762
62700 762
43043 762
22417 761
49769 761
78885 761
31299 761
42705 761
12739 761
56419 761
64143 761
85928 761
61544 761
27858 761
33969 761
72851 761
72582 761
11932 761
12581 761
12900 761
22678 761
22861 761
23567 761
24930 761
26715 761
28957 761
30690 761
31541 761
35751 761
36601 761
46586 761
51831 761
54987 761
61527 761
66306 761
69501 761
70666 761
71187 761
74833 761
76813 761
83268 761
83729 761
83830 761
86330 761
59994 761
18264 761
29979 760
46112 760
58553 760
72676 760
88802 760
8621 760
203506 760
72329 760
79706 760
71029 760
39823 760
7777 760
26588 760
11379 760
54940 760
49045 760
53817 760
71196 760
92431 760
72515 760
8165 760
37235 760
34359 760
55510 760
91359 760
30081 760
22164 760
59272 760
23074 760
54022 760
79993 759
32777 759
38344 759
22230 759
22353 759
199956 759
19244 759
12188 759
15472 759
51424 759
19933 759
74484 759
93395 759
86716 759
45511 759
17092 759
18570 759
158459 759
74622 759
4235 758
68499 758
11710 758
245002 758
28660 758
15345 758
16714 758
225763 758
27187 758
35136 758
53873 758
226863 758
28142 758
36902 758
68887 758
72757 758
4709 758
9289 758
70575 757
15349 757
34929 757
19653 757
43797 757
23130 757
48134 757
50863 757
232045 757
39850 757
13502 757
55571 757
13716 757
86873 757
40617 757
201663 757
19480 756
72836 756
161854 756
15363 756
15988 756
69641 756
71632 756
9025 756
42470 756
33706 756
12378 756
164791 756
220186 756
81102 756
16448 756
218894 756
91765 756
68646 755
71088 755
11597 755
29129 755
55331 755
27277 755
4737 755
79807 755
35131 755
36598 755
72499 755
27904 755
76737 754
827 754
85129 754
33780 754
184845 754
59576 754
44221 754
244845 754
62206 754
42458 754
66073 753
179343 753
199929 753
52483 753
61798 753
83828 753
81384 753
4676 753
72441 753
71470 753
92598 753
36501 752
39347 752
72711 752
4824 752
42769 752
35533 752
22730 752
35886 752
28864 752
234884 752
61693 752
17573 752
77929 752
28118 751
78619 751
55628 751
13019 751
39023 751
16860 751
80450 751
60461 751
6975 751
51193 751
12252 751
37452 751
38293 751
43439 751
45618 751
47154 751
48946 751
49968 751
53472 751
53838 751
54963 751
55378 751
58718 751
60875 751
61521 751
61909 751
64171 751
66117 751
68801 751
70732 751
72811 751
73568 751
74570 751
75442 751
77853 751
86371 751
88343 751
89345 751
92258 751
92362 751
93173 751
208653 751
39551 751
11560 750
13547 750
14044 750
15404 750
18544 750
19368 750
20076 750
20144 750
20643 750
20713 750
22624 750
35050 750
38314 750
44346 750
44474 750
47601 750
49007 750
57708 750
57957 750
60145 750
63350 750
64127 750
68473 750
73908 750
82989 750
85160 750
90198 750
90899 750
95017 750
33909 750
75798 750
60739 750
10764 750
54564 750
30613 750
42128 750
18465 750
6072 750
6315 750
7393 750
41295 749
8300 749
14343 749
79751 749
35282 749
29412 749
59605 749
40944 749
49110 749
51192 749
86207 749
17073 749
206045 749
33661 749
18109 749
26940 749
66503 749
51944 749
27041 748
29265 748
34444 748
36434 748
36958 748
39338 748
40754 748
42861 748
43691 748
49946 748
51735 748
57961 748
58408 748
85342 748
46956 748
54665 748
92071 748
14430 748
35160 748
53579 748
44866 748
55253 748
181352 748
27906 748
63007 748
90679 748
36729 748
45008 748
60376 748
62154 748
72847 748
160256 748
8985 748
17848 748
34207 747
30296 747
81771 747
29777 747
32351 747
54216 747
65405 747
82206 747
73749 747
39160 747
52310 747
16666 747
22610 747
28262 747
34591 747
37577 747
53724 747
36426 747
37635 747
55853 747
236279 747
44265 747
28673 747
22907 747
19172 746
86644 746
162381 746
48482 746
193873 746
11359 746
13533 746
18622 746
34652 746
53905 746
67561 746
37448 746
63802 746
13710 746
6014 746
23058 746
42674 746
79469 746
45629 746
45807 746
59029 746
21575 745
64115 745
89681 745
1427 745
183748 745
15429 745
5430 745
8375 745
24262 745
93630 745
14464 745
27766 745
27639 745
34860 745
45888 745
62514 745
53837 745
231250 745
63348 745
66338 745
88558 745
157993 745
41402 744
36459 744
74105 744
32259 744
41016 744
43655 744
35436 744
38563 744
27699 744
69821 744
21521 744
18291 744
153743 744
170492 744
46213 743
23688 743
10351 743
56352 743
74949 743
25174 743
57616 743
36571 743
89730 743
233397 743
64714 743
62057 743
2920 743
36093 742
52985 742
26356 742
82040 742
59136 742
68415 742
50937 742
28691 742
33119 742
36870 742
4057 742
44788 742
67272 742
34639 742
40504 742
5784 742
88233 741
42126 741
84208 741
46744 741
71942 741
222839 741
45545 741
36185 741
34901 741
49314 741
80018 741
17235 741
206143 741
7161 741
159491 740
9070 740
17340 740
18746 740
20987 740
28815 740
28837 740
30668 740
33229 740
34559 740
37311 740
37943 740
38725 740
39907 740
42929 740
43702 740
47051 740
48020 740
64882 740
70032 740
74773 740
76781 740
80886 740
36999 740
22570 740
34925 740
16137 740
34386 740
21779 740
29900 740
88789 740
77854 740
75401 740
17912 740
35620 740
19816 740
34771 739
39081 739
73320 739
19646 739
195600 739
15523 739
26302 739
94549 739
30882 739
23136 739
23484 739
25878 739
30316 739
33124 739
34013 739
37629 739
38438 739
39577 739
40171 739
42478 739
42700 739
46507 739
47209 739
49009 739
49954 739
50931 739
52798 739
53001 739
53662 739
54043 739
58652 739
59434 739
60039 739
62898 739
63248 739
66209 739
67300 739
69482 739
71530 739
80828 739
87872 739
88296 739
90291 739
93295 739
225246 739
51774 739
72043 738
22830 738
56807 738
24598 738
15263 738
54265 738
24865 738
48673 738
77534 738
75954 738
85266 738
63393 737
199872 737
65461 737
32709 737
36030 737
36251 737
39306 737
40732 737
42499 737
82655 737
49889 737
28488 737
67404 737
49346 736
165500 736
51049 736
24521 736
33205 736
35059 736
42182 736
11194 736
36514 736
61781 736
20494 736
29093 736
21136 736
18907 736
12447 736
33837 736
15348 736
24529 736
38032 736
46932 736
56197 736
80141 736
61871 735
44213 735
35883 735
48566 735
61458 735
31921 735
52046 735
59547 735
90675 735
17923 735
66294 735
207817 735
71855 734
52193 734
44059 734
59671 734
75515 734
42754 734
41933 734
87948 734
32597 734
50021 734
53466 734
24864 733
47523 733
42029 733
15476 733
57230 733
199348 733
57315 733
13578 733
179597 733
64154 733
67631 733
12304 733
25722 733
182828 733
55089 733
56040 733
74483 733
77045 732
88117 732
68767 732
19375 732
36452 732
9634 732
42535 732
61635 732
23575 732
36191 732
88812 732
63144 732
79668 732
77086 732
19409 732
28905 732
14597 731
15310 731
31063 731
37057 731
34199 731
80670 731
27386 731
43057 731
30875 731
66063 731
51278 731
55580 731
82698 731
76184 731
5863 731
86584 731
15604 731
10831 731
14105 730
57411 730
18784 730
13586 730
20838 730
22274 730
23875 730
23997 730
24907 730
27021 730
28239 730
29047 730
30179 730
30493 730
30838 730
33768 730
39244 730
40726 730
48063 730
49945 730
52309 730
53691 730
55755 730
56986 730
58364 730
70244 730
74062 730
77987 730
86853 730
93122 730
95217 730
101630 730
42441 730
214196 730
179810 730
18756 730
35808 730
37942 730
19128 730
12528 730
175333 730
59141 729
67307 729
42877 729
9465 729
41427 729
55164 729
2966 729
42299 729
33675 729
27593 729
78025 729
62985 729
198421 729
15096 729
37351 729
39578 729
50309 729
28300 729
21317 729
48892 729
52733 729
75071 729
81585 729
8461 729
91548 729
56268 729
36133 728
73221 728
41071 728
201777 728
23521 728
84545 728
14199 728
44182 728
33598 728
76581 728
26377 728
70531 728
70216 728
4208 728
76481 728
63417 727
60444 727
67689 727
4423 727
36588 727
82435 727
229938 727
35035 727
44878 727
49313 727
33546 727
53121 727
28797 727
76890 727
75999 727
16215 727
19858 727
20108 727
24997 727
28588 727
32839 727
34307 727
35228 727
37496 727
39520 727
46926 727
47002 727
48295 727
49084 727
49773 727
54129 727
54322 727
54799 727
63096 727
66414 727
71891 727
76882 727
77601 727
80475 727
85960 727
86046 727
89240 727
91427 727
94854 727
95094 727
234244 727
25212 726
81937 726
54713 726
94365 726
38568 726
41126 726
57363 726
33464 726
57144 726
49069 726
76531 726
94214 726
32653 726
48369 726
40671 726
95247 726
18296 726
87567 726
20348 726
21607 725
68974 725
31432 725
65424 725
216701 725
66731 725
16721 725
78161 725
20663 725
27235 725
227707 725
38296 725
150690 725
65454 725
26317 725
26711 725
38252 725
45554 725
58631 725
59017 725
79299 725
37162 724
92868 724
28086 724
13911 724
52640 724
228521 724
56708 724
209037 724
53126 724
12066 724
73518 724
57306 724
75808 723
81309 723
89236 723
47104 723
75902 723
88988 723
78575 723
24710 723
66467 723
43274 723
48154 723
54165 723
10196 723
20288 723
42237 723
42873 723
46171 723
49321 723
64134 723
72966 723
200255 723
39226 723
66858 723
245596 722
47658 722
233416 722
13778 722
241400 722
36379 722
33418 722
164711 722
31352 722
80075 722
194320 722
199737 722
26947 722
19033 722
29393 722
83754 722
50958 722
78112 722
54990 722
13793 721
14091 721
58384 721
19062 721
9763 721
44917 721
48906 721
224604 721
10900 721
13090 721
45032 721
25860 721
72071 721
84260 721
88841 721
235193 721
27175 721
9488 721
67648 721
65635 721
87017 720
55171 720
61786 720
93154 720
31623 720
8560 720
14048 720
18017 720
18658 720
23181 720
24487 720
26552 720
29473 720
30017 720
31288 720
32948 720
36887 720
39949 720
40565 720
47580 720
49671 720
52721 720
54497 720
54641 720
59957 720
64408 720
66034 720
71652 720
71766 720
72461 720
74270 720
76319 720
82166 720
84744 720
88324 720
88872 720
12720 720
164488 720
16207 720
66278 720
9263 720
218167 720
60197 720
28481 720
56304 719
73417 719
83494 719
88009 719
37244 719
69502 719
43178 719
226760 719
48820 719
8864 719
38239 719
38453 719
89041 719
94508 718
64819 718
13649 718
229585 718
238968 718
11208 718
22106 718
10710 718
41008 718
75674 718
23703 718
22008 718
41496 718
45397 718
10947 718
77119 718
49363 718
10511 717
22397 717
7597 717
23213 717
57768 717
53606 717
184117 717
83651 717
80874 717
27988 717
27296 717
54541 717
13274 717
40257 716
28312 716
27554 716
85993 716
17197 716
47834 716
223090 716
33441 716
40682 716
3936 716
48437 716
10925 716
20543 716
46361 716
40456 716
82271 716
24956 716
38873 716
17714 715
63773 715
7735 715
5321 715
186579 715
56728 715
70401 715
30723 715
91480 715
10722 714
14463 714
15607 714
25302 714
31423 714
33250 714
33314 714
33999 714
34961 714
40845 714
40942 714
43145 714
43256 714
46141 714
46224 714
46367 714
46415 714
48519 714
50502 714
51631 714
53247 714
55721 714
56354 714
57657 714
59833 714
61155 714
61319 714
61642 714
64386 714
67043 714
69128 714
75836 714
81082 714
83836 714
88347 714
195597 714
8686 714
32626 714
30417 714
83788 714
16474 714
73764 714
68831 714
33528 714
50101 714
45996 714
35281 714
44476 714
62715 713
56317 713
29261 713
45002 713
56468 713
73804 713
63481 713
44218 713
51337 713
56095 713
16048 713
20069 713
49098 713
65455 713
38280 713
65393 713
50536 713
22037 712
29728 712
47418 712
51663 712
67774 712
163478 712
49574 712
157056 712
21240 712
6887 712
9000 712
45198 712
51006 712
59390 712
61915 712
14190 712
7313 712
59116 712
92358 712
29636 712
86794 712
39531 712
26295 712
68588 712
27962 712
40239 711
33599 711
37680 711
10908 711
30664 711
49108 711
63972 711
76892 711
50153 711
32216 711
31959 711
26521 711
161880 711
47747 711
69428 711
11180 711
58085 711
68461 711
30118 711
94514 711
37178 711
44935 711
51344 711
85188 711
44022 710
160797 710
35120 710
196146 710
176055 710
92854 710
27768 710
17232 710
25201 710
6096 710
10953 710
13755 710
14975 710
16559 710
18512 710
19362 710
28036 710
28887 710
29464 710
32073 710
33660 710
47181 710
48026 710
48942 710
50757 710
55503 710
65079 710
68826 710
72626 710
78000 710
78322 710
84197 710
90573 710
93128 710
7448 710
9800 710
55615 710
216402 710
47769 710
62618 710
41133 709
53394 709
78179 709
17951 709
3517 709
41738 709
241151 709
81071 709
21355 709
53254 709
35913 709
69930 709
69516 709
13642 709
40380 709
33521 709
36609 709
58811 709
78929 709
193468 709
18288 709
70618 709
154795 709
6604 709
67165 709
55492 708
47057 708
72726 708
61307 708
65774 708
76986 708
43555 708
59781 708
54177 708
38005 708
62993 708
18898 708
37879 708
764 708
37848 708
162665 708
235969 707
93930 707
55241 707
14070 707
30606 707
17773 707
23024 707
33290 707
43367 707
31012 707
56320 707
40816 707
11045 707
87138 707
3489 706
31498 706
60227 706
45031 706
227180 706
13982 706
24073 706
10317 706
30264 706
35222 706
11207 706
36420 706
48080 705
81530 705
185504 705
52742 705
50538 705
52081 705
42581 705
85596 705
32177 705
34621 705
23494 705
29616 705
49410 705
21194 704
53560 704
10126 704
34471 704
14949 704
185357 704
23845 704
18388 704
241677 704
22150 704
52588 704
10588 704
77880 704
23851 704
48282 704
95793 704
32096 704
74384 704
53030 704
87098 703
178760 703
181479 703
43004 703
65930 703
91225 703
10561 703
83212 703
57109 703
12262 703
25626 703
95392 703
73184 703
87337 703
57149 703
48700 703
59275 703
21211 702
216754 702
27164 702
30273 702
32501 702
32810 702
35803 702
39379 702
39664 702
40116 702
40227 702
41386 702
41696 702
46396 702
47259 702
48358 702
48477 702
52976 702
54211 702
54813 702
56167 702
57648 702
63270 702
63710 702
65409 702
67851 702
69668 702
75859 702
77982 702
87376 702
91100 702
93106 702
168160 702
26320 702
83374 702
55464 702
13650 702
222957 702
45860 702
55087 702
9772 702
13531 702
23367 702
67139 701
18300 701
56339 701
40699 701
70051 701
31106 701
40428 701
38495 701
5052 701
29309 701
54014 701
68506 701
67785 700
27750 700
32220 700
90673 700
45745 700
8517 700
31059 700
32796 700
47224 700
73877 700
76073 700
86676 700
225106 700
2283 700
11612 700
13354 700
16447 700
17594 700
21417 700
21705 700
23290 700
24633 700
30331 700
31244 700
31346 700
33550 700
34174 700
34992 700
40976 700
44521 700
44859 700
45538 700
49054 700
49618 700
50426 700
56689 700
59308 700
60517 700
61191 700
62316 700
63548 700
63578 700
68312 700
70818 700
73735 700
78098 700
80023 700
84408 700
88478 700
90288 700
91312 700
92031 700
92237 700
93419 700
95814 700
191445 700
31753 700
68311 700
64252 699
7173 699
42632 699
60666 699
64401 699
76950 699
90629 699
23446 699
67587 699
20483 699
5543 699
29292 699
214597 699
45092 699
28476 699
20911 699
43327 699
82735 699
54258 699
80455 699
86738 699
19752 699
204710 699
40634 698
49992 698
32680 698
81859 698
35532 698
43589 698
28248 698
24659 698
54561 698
59387 698
68535 698
237124 698
36312 698
85251 698
16548 698
82150 698
76245 698
6358 697
13683 697
14846 697
65004 697
33680 697
13687 697
29477 697
2385 697
76559 697
21916 697
67520 697
78969 697
84212 697
45212 697
5747 696
30437 696
217915 696
56913 696
41278 696
42798 696
22991 696
209963 696
57773 696
67884 696
71079 696
8519 696
25247 696
54338 695
8653 695
93107 695
156893 695
20703 695
32683 695
27314 695
51197 695
74482 695
8792 695
1823 695
23652 695
57369 695
15018 695
241213 695
81981 694
174648 694
18203 694
47478 694
46708 694
79310 694
156857 694
14092 694
39304 694
57894 694
56239 694
173171 694
26017 694
63605 694
4859 693
4504 693
43716 693
40264 693
40733 693
31910 693
21735 693
158054 693
24804 693
94247 693
20864 692
65313 692
21205 692
34551 692
9746 692
73223 692
50175 692
21009 692
50372 692
50247 692
71106 692
78333 692
32640 692
67150 692
12093 692
90290 692
43481 692
57668 692
215380 692
20765 691
36044 691
53642 691
73982 691
42027 691
76493 691
75750 691
55739 691
30591 691
39967 691
21344 691
49107 691
65860 690
231601 690
5086 690
2151 690
14466 690
14645 690
17350 690
32339 690
34565 690
37177 690
38910 690
39221 690
42568 690
44696 690
46942 690
47817 690
48715 690
48756 690
48823 690
49723 690
49987 690
50774 690
53751 690
53790 690
55422 690
58418 690
59209 690
60139 690
60434 690
61603 690
63004 690
65173 690
66660 690
66662 690
66841 690
67295 690
69138 690
72380 690
75821 690
80604 690
81485 690
81743 690
81949 690
82629 690
83731 690
84365 690
85080 690
86316 690
89242 690
89894 690
91457 690
94270 690
95270 690
94984 690
7818 690
87936 690
23464 690
74762 690
46338 690
78512 690
39366 690
70232 690
6102 690
14082 690
15593 690
22659 690
27427 690
29420 690
31827 690
34344 690
36834 690
37047 690
37430 690
38756 690
39335 690
39989 690
48675 690
52883 690
55293 690
56623 690
59220 690
62819 690
64138 690
64679 690
68589 690
4498 689
2681 689
31919 689
79388 689
29688 689
179418 689
155377 689
17360 689
14405 689
17370 689
50930 689
63056 689
76508 689
194437 689
65566 689
44431 688
33764 688
35422 688
40803 688
52941 688
57733 688
78592 688
73870 688
29076 688
65334 688
49881 688
22307 688
59229 688
48029 688
70595 688
31664 688
62977 688
21380 688
64324 688
42488 688
7541 687
79105 687
59934 687
28170 687
72082 687
19792 687
44044 687
45233 687
80401 687
207862 687
47590 687
46497 687
177099 687
204113 687
34017 687
44290 687
29954 687
14238 687
78205 686
30928 686
24282 686
27597 686
32732 686
33420 686
52592 686
69090 686
77627 686
77935 686
87743 686
47813 686
199191 686
237960 686
29896 686
162641 686
30622 686
80239 686
90692 686
19533 686
23141 686
12750 686
38776 686
72100 686
52606 686
69493 686
33478 686
25253 686
2591 686
20503 685
181042 685
5547 685
33818 685
80819 685
61662 685
81221 685
197569 685
46599 685
74534 685
40799 685
80255 684
33226 684
56950 684
192056 684
18670 684
40477 684
39235 684
58373 684
58490 684
59185 684
42820 684
51821 684
58423 684
20087 683
39775 683
76647 683
49104 683
20500 683
37027 683
41982 683
45217 683
82773 683
30460 683
2761 683
25037 683
15733 683
28849 683
17770 683
76651 683
36732 682
21803 682
20937 682
35539 682
31355 682
83903 682
43236 682
75600 682
8733 682
153471 682
34590 682
11661 682
92624 682
21097 682
40580 682
74761 682
16769 681
15002 681
29977 681
196788 681
220421 681
194068 681
42718 681
59868 681
40398 681
62371 681
54327 681
59290 681
46573 681
45462 681
175862 681
44545 680
51287 680
77702 680
3897 680
77040 680
81574 680
92781 680
180022 680
194100 680
30220 680
11067 680
28659 680
15058 680
76786 680
2872 679
3244 679
7122 679
19463 679
21309 679
22740 679
24056 679
28011 679
29139 679
33388 679
35232 679
36035 679
36118 679
36970 679
37429 679
38196 679
44137 679
50145 679
56484 679
63824 679
65439 679
75243 679
78869 679
78956 679
79232 679
82415 679
82512 679
88894 679
11154 679
227658 679
20933 679
590 679
72669 679
50357 679
61525 679
28236 679
68561 678
25628 678
36654 678
77028 678
21725 678
64379 678
25482 678
66799 678
93448 678
28974 678
45009 678
30351 678
43240 678
24923 678
27298 678
30932 678
32172 678
32800 678
36564 678
38770 678
39128 678
39677 678
39806 678
40168 678
41012 678
44253 678
44651 678
45232 678
46084 678
47066 678
51048 678
51455 678
51553 678
54206 678
54546 678
56403 678
60487 678
61240 678
66438 678
66894 678
68554 678
70336 678
72404 678
74068 678
77342 678
79803 678
81725 678
92391 678
75549 678
6788 678
95585 678
37471 678
18334 678
39616 678
31797 678
13408 677
52447 677
87929 677
88633 677
15176 677
50960 677
206939 677
1184 677
54215 677
61141 677
12381 677
50213 677
47681 677
233075 677
167620 677
86646 676
32815 676
36799 676
37307 676
55842 676
85399 676
33567 676
178973 676
27049 676
49372 676
59225 676
59379 676
63842 676
65020 676
67427 676
215503 676
55079 676
54190 676
23706 676
2498 676
15748 676
38373 676
49837 676
36820 676
29640 676
35939 676
48583 676
75748 676
85665 676
25467 676
86036 676
33745 675
42712 675
23680 675
71681 675
71737 675
31887 675
43338 675
58854 675
62507 675
79136 675
83569 675
191627 675
25682 675
16986 675
25595 675
69143 675
61731 675
53811 674
11296 674
82601 674
58963 674
65968 674
79305 674
58616 674
42793 674
20682 674
88678 674
63068 674
178114 674
43309 674
51481 674
26846 674
30632 674
27344 674
245207 673
14815 673
53296 673
4984 673
13080 673
43692 673
63945 673
68723 673
20935 673
95694 673
197289 673
17404 673
55557 673
202984 673
218194 673
48917 673
44157 673
22260 673
76289 673
60514 673
7159 673
31066 673
56480 673
67615 673
62365 672
27998 672
31911 672
54334 672
30323 672
72252 672
55803 672
2976 672
38621 672
211085 672
94436 672
40993 672
39770 672
53769 672
52783 672
70787 672
160793 671
11916 671
11981 671
22491 671
38075 671
48430 671
88943 671
35425 671
47612 671
60700 671
67558 671
75150 671
43153 671
38301 671
31659 671
51211 671
22948 671
47106 670
70049 670
28380 670
53499 670
8231 670
60746 670
27757 670
75226 670
36461 670
39744 670
23425 670
17022 670
26770 670
58983 670
234149 670
59948 670
61659 669
76722 669
6534 669
4704 669
4878 669
18644 669
21510 669
22928 669
33111 669
37871 669
40027 669
40982 669
41229 669
43632 669
44204 669
45499 669
47460 669
48407 669
49008 669
49248 669
49651 669
52295 669
54837 669
57666 669
61671 669
63727 669
65251 669
71655 669
80330 669
81062 669
81336 669
83201 669
89155 669
92953 669
26345 669
164046 669
64412 669
13508 669
54531 669
74228 669
202745 669
89131 669
94773 669
90127 668
55683 668
16188 668
22562 668
7487 668
11643 668
35978 668
81041 668
59543 668
24974 668
81897 668
193526 668
63656 668
26632 668
74459 668
29113 668
62550 668
30459 668
41039 668
74697 668
26605 668
14940 668
53929 667
179583 667
59892 667
47970 667
44324 667
73043 667
23010 667
65972 667
227628 667
59323 667
229570 667
20825 667
45597 667
25064 667
213903 667
35589 667
32985 666
44457 666
83877 666
59355 666
28408 666
38481 666
38083 666
6123 666
12773 666
19149 666
21158 666
25362 666
28808 666
31281 666
31457 666
39413 666
40641 666
42378 666
43701 666
45702 666
48884 666
50007 666
50500 666
50994 666
51051 666
51399 666
53053 666
53525 666
54416 666
56299 666
56797 666
57549 666
57716 666
58129 666
60158 666
64998 666
69176 666
70231 666
70591 666
71790 666
72418 666
75412 666
81138 666
84307 666
84971 666
86590 666
86863 666
87531 666
89903 666
66408 666
63437 666
58879 666
13875 666
59488 665
9030 665
11964 665
155436 665
94310 665
78782 665
207433 665
73578 665
921 665
81646 665
36363 665
7983 665
37054 665
3908 665
64590 665
14818 665
34099 665
191427 665
34272 665
25645 665
26818 665
70247 665
220597 664
58349 664
26049 664
37170 664
164847 664
13060 664
18144 664
23279 664
29037 664
30820 664
37191 664
71005 664
67109 664
50660 664
21886 664
56643 664
42119 664
47252 664
76611 664
76453 664
36418 664
48204 664
21093 664
33645 664
38895 664
59309 664
65987 664
67855 664
76964 664
48596 663
18960 663
59206 663
14214 663
57606 663
39720 663
43674 663
236200 663
19351 663
13833 663
20717 663
42434 663
21155 663
2916 663
20979 663
19707 663
33122 662
21939 662
30696 662
39426 662
159182 662
35523 662
50578 662
36889 662
33259 662
32156 662
33802 662
74869 662
59855 662
230111 662
221855 662
50584 661
239412 661
45568 661
162889 661
52992 661
57138 661
59474 661
27121 661
56611 661
15516 661
3012 661
2455 661
66145 661
70999 661
62160 661
55950 661
9269 661
28921 661
78691 661
3006 661
46094 661
197019 661
28234 661
48793 661
219342 661
18114 661
58097 660
16395 660
19126 660
75953 660
53345 660
64798 660
21008 660
37029 660
38583 660
18243 660
38649 660
36671 660
212917 660
63658 660
39430 660
45854 660
64940 660
73373 660
90437 660
94751 660
45142 660
209608 660
32927 660
56932 660
199949 660
3891 659
90813 659
38275 659
40688 659
53106 659
71434 659
200985 659
7217 659
11735 659
12400 659
19761 659
26621 659
28809 659
30524 659
31471 659
31515 659
33162 659
35947 659
37395 659
41120 659
41807 659
43569 659
46899 659
47363 659
48680 659
50441 659
54697 659
55006 659
58111 659
58558 659
59234 659
60756 659
63860 659
72601 659
73270 659
75554 659
81279 659
87579 659
92808 659
93873 659
60940 659
70854 659
32127 659
19782 659
57467 659
19660 659
50767 659
52754 659
7646 659
12441 659
56936 659
10437 659
14395 659
92359 659
83721 659
52546 659
53757 659
85097 659
56133 659
66745 658
46345 658
47272 658
13820 658
166885 658
36088 658
29350 658
76436 658
20748 658
52749 658
30203 658
67170 657
38104 657
90242 657
48411 657
29018 657
46482 657
22668 657
61646 657
92102 657
52461 657
45140 656
56421 656
583 656
45080 656
76568 656
33439 656
14742 656
66679 656
82721 656
56127 656
82259 656
45414 656
36257 656
71154 656
74634 656
35672 656
35925 656
44072 656
55946 656
47075 656
11570 655
21246 655
58934 655
62360 655
81383 655
71865 655
21543 655
26623 655
79719 655
224870 655
219621 655
40135 655
50756 655
88796 655
9157 655
45213 655
33490 655
37993 655
3548 655
81525 655
48671 655
215539 655
162712 655
21674 655
54976 655
78138 655
77731 655
59617 654
14782 654
35667 654
48350 654
52354 654
49752 654
21110 654
23626 654
24133 654
25526 654
33699 654
33704 654
38462 654
40502 654
42358 654
43261 654
47176 654
47206 654
47541 654
50471 654
52678 654
52963 654
53287 654
58866 654
60733 654
60812 654
62589 654
62653 654
63410 654
65134 654
65340 654
66803 654
68595 654
69849 654
71477 654
72400 654
73476 654
74399 654
74428 654
76558 654
78329 654
83842 654
87023 654
89737 654
91103 654
91420 654
92445 654
95042 654
68142 654
76449 654
91759 654
203259 653
243819 653
47955 653
90275 653
32374 653
13663 653
16644 653
51317 653
75196 653
52201 653
57402 653
58312 653
2955 652
39618 652
50368 652
149590 652
211652 652
15014 652
39642 652
49807 652
42468 652
90955 652
56303 652
37501 652
65280 652
22947 651
26078 651
28165 651
38970 651
51218 651
60289 651
68959 651
88346 651
34678 651
50623 651
17052 651
5131 651
59877 651
177556 651
64462 651
5631 651
35144 651
55924 651
64671 651
74208 651
81371 651
85171 651
159547 651
52315 651
14670 651
90941 651
6402 651
33493 651
36100 650
43407 650
55179 650
31015 650
71629 650
21844 650
17650 650
7764 650
34917 650
45339 650
51067 650
18927 650
8234 650
25600 650
52728 650
14523 650
34601 650
5217 650
63113 650
2045 650
54865 650
73916 650
77501 649
237178 649
6417 649
9754 649
13403 649
13981 649
14319 649
19754 649
22542 649
24960 649
25426 649
25561 649
26571 649
31392 649
33220 649
33886 649
34973 649
36723 649
38191 649
45942 649
49279 649
52532 649
53980 649
54038 649
56792 649
57471 649
60288 649
60554 649
63271 649
63442 649
63575 649
64485 649
66822 649
75335 649
81684 649
84817 649
89141 649
93066 649
33825 649
28015 649
23225 649
23630 649
41525 649
46097 649
74299 649
60701 649
37200 649
30374 649
83123 649
50026 649
86417 649
5777 649
89958 649
59643 649
24320 648
30855 648
20012 648
12135 648
35336 648
62172 648
88073 648
28343 648
32191 648
214234 648
190183 648
81640 648
16921 648
49029 648
52517 648
40933 648
150922 648
26682 648
50894 648
52500 648
92386 648
16781 647
20312 647
58008 647
42667 647
6318 647
3590 647
48232 647
174695 647
17693 647
202747 647
32505 647
47699 646
32327 646
185732 646
65548 646
68628 646
39788 646
44003 646
52478 646
211503 646
79481 646
28708 646
61948 646
44530 646
58118 646
78014 646
69417 646
64774 646
68320 646
89202 646
62379 646
19568 646
233737 645
54941 645
8846 645
209851 645
36354 645
14379 645
77047 645
77444 645
61105 645
223672 645
45263 645
19918 645
36698 645
48403 645
45863 645
51272 645
48750 644
49379 644
6407 644
237084 644
43941 644
73094 644
82250 644
39391 644
45112 644
55549 644
54113 644
227363 644
6063 644
38111 644
10824 644
18287 644
155875 644
21755 644
9480 644
15141 644
51923 644
29824 643
27550 643
77615 643
52397 643
76147 643
37974 643
78152 643
43934 643
56536 643
62458 643
95218 643
13233 643
30644 643
68144 642
54556 642
11162 642
48311 642
82515 642
14546 642
67781 642
57458 642
173456 642
51241 642
42473 642
28403 642
18889 642
23686 642
26408 642
26789 642
28971 642
32067 642
32272 642
32473 642
32681 642
35402 642
36002 642
37850 642
37854 642
38242 642
42628 642
42724 642
45445 642
45788 642
50016 642
53673 642
55477 642
56976 642
58064 642
61625 642
62076 642
64404 642
67937 642
70188 642
74146 642
75167 642
76019 642
76076 642
79124 642
80645 642
81584 642
86888 642
92482 642
208352 642
245151 642
25865 642
65771 642
68121 642
6352 642
57376 642
82995 641
86065 641
40084 641
25447 641
81679 641
41178 641
55002 641
87096 641
28072 641
52225 641
70071 640
73635 640
52146 640
9340 640
22632 640
71001 640
44216 640
60815 640
70446 640
206813 640
40568 640
50398 640
84728 640
24221 640
19952 640
13445 640
25991 640
26508 640
45287 640
64034 640
70430 640
6293 640
95254 640
75862 640
94691 640
25823 640
79713 640
224726 639
51273 639
35882 639
71057 639
235441 639
47219 639
47440 639
50653 639
85613 639
21733 639
9755 639
15971 639
22832 639
24048 639
24541 639
26331 639
31409 639
31841 639
32744 639
39393 639
41768 639
43910 639
46997 639
47427 639
49528 639
51118 639
51198 639
53268 639
53380 639
54588 639
56697 639
66282 639
71686 639
79154 639
86248 639
94868 639
95476 639
19276 639
94709 639
63250 639
4988 639
39472 639
44197 639
55367 639
83389 639
16966 639
91303 639
33589 639
94067 638
74391 638
56604 638
74845 638
65506 638
73146 638
44568 638
12367 638
24188 638
83601 638
46056 638
28792 638
31596 638
41653 638
58793 638
78858 638
216539 638
31287 638
84755 638
73286 638
32065 638
48217 637
21840 637
23767 637
82596 637
214607 637
17892 637
28007 637
60958 637
29210 637
43750 637
33597 637
55386 637
66203 637
10133 636
91755 636
64702 636
15617 636
22721 636
59537 636
72902 636
211790 636
205428 636
3527 636
32767 636
17173 636
193137 636
18134 636
76351 636
76467 636
34396 636
35551 636
35792 636
11022 636
4039 636
48209 636
51164 636
85182 636
77454 635
15059 635
55245 635
38437 635
38963 635
73188 635
32945 635
18457 635
16028 635
41479 635
79914 635
58986 635
52513 635
25197 634
43089 634
84092 634
231450 634
70634 634
31551 634
14460 634
56564 634
59073 634
37802 634
46426 634
49267 634
172031 634
54954 634
47961 634
24698 634
71370 634
17782 634
93534 634
64094 633
26167 633
35715 633
36014 633
64559 633
70955 633
36193 633
89181 633
28983 633
39467 633
34659 633
244462 633
36398 633
50029 633
31387 632
25361 632
65415 632
12193 632
231885 632
29472 632
2588 632
58133 632
13901 632
11865 632
46481 632
63016 632
79180 632
56150 632
21374 631
35374 631
63296 631
31097 631
29078 631
83210 631
39085 631
14561 631
233442 631
26819 631
84285 631
1567 631
31823 631
52473 630
19099 630
23365 630
37319 630
87256 630
31391 630
33435 630
8426 630
57239 630
34094 630
66143 630
31446 630
8738 630
68011 630
17530 630
8081 630
73915 630
6870 630
11517 630
11943 630
27294 630
31027 630
33788 630
34036 630
36731 630
37159 630
38749 630
40562 630
42064 630
43009 630
44798 630
46578 630
46919 630
50399 630
50576 630
51375 630
54076 630
54586 630
55724 630
57135 630
57694 630
59927 630
60828 630
61257 630
63430 630
65634 630
66725 630
71090 630
71654 630
75091 630
76177 630
77645 630
84561 630
85374 630
88675 630
89291 630
89924 630
92663 630
94737 630
95395 630
22840 630
1688 630
166775 629
15166 629
59510 629
68238 629
23945 629
59609 629
42228 629
22365 629
38302 629
69880 629
64391 629
44169 629
62182 629
84680 629
56933 629
4166 629
10620 629
12545 629
16237 629
19651 629
21950 629
22761 629
24356 629
25218 629
26464 629
32676 629
33455 629
34719 629
36053 629
37288 629
38715 629
39870 629
41293 629
41777 629
46695 629
47814 629
50346 629
51638 629
52511 629
55531 629
65711 629
73732 629
77285 629
83516 629
243351 629
32174 629
198002 628
64710 628
17338 628
73052 628
43619 628
232393 628
172646 628
36628 628
91045 628
198550 628
47843 628
30779 628
74579 628
24776 628
17640 628
31521 628
19856 628
17117 628
57359 628
14583 628
15764 628
28057 628
32889 628
33461 628
34472 628
36247 628
41078 628
42889 628
45373 628
50369 628
55677 628
57755 628
61944 628
70754 628
71314 628
78806 628
81065 628
81183 628
46990 628
9615 628
6471 628
32940 627
34541 627
72974 627
18993 627
34200 627
34432 627
45925 627
55037 627
64140 627
162272 627
39741 627
15460 627
71206 627
37405 627
57064 627
11972 627
76190 627
22176 627
25724 627
17727 627
64792 627
82967 627
90551 627
27853 626
65040 626
56568 626
64687 626
21907 626
28645 626
90593 626
40216 626
42784 626
7404 626
21479 626
75151 626
82395 626
27038 626
30586 626
82015 626
20143 626
227953 626
30605 626
39945 626
196969 626
83896 626
10773 626
24036 626
47788 626
233015 626
45135 626
30913 625
190740 625
232365 625
82073 625
68613 625
17985 625
48529 625
10812 625
52243 625
82739 625
22711 625
29075 625
87306 625
18086 625
40226 625
15736 625
70725 625
25808 624
168539 624
30120 624
38175 624
35164 624
23372 624
44075 624
9216 624
66115 624
44847 624
38877 624
64962 624
21544 624
231194 624
10557 624
23201 624
38657 624
46683 624
17616 624
80605 624
91319 624
14562 624
65754 624
14173 623
23996 623
37532 623
188865 623
204701 623
64955 623
28504 623
26536 623
37924 623
70198 623
37505 623
43192 623
26609 623
40960 623
65874 623
47750 623
79394 623
62180 623
41533 623
183216 623
207286 623
58946 623
18115 622
25056 622
67089 622
22794 622
21358 622
30299 622
61376 622
42005 622
64026 622
196198 622
11868 622
18540 622
25293 622
45396 622
77333 622
23923 622
65615 622
9448 622
19461 622
93193 622
21833 621
22142 621
87110 621
20424 621
61389 621
43018 621
51494 621
15418 621
54551 621
18946 621
66029 621
51381 621
62811 621
180151 621
6771 621
12921 621
39721 621
42096 621
2563 621
89912 621
73274 621
42536 620
15232 620
58196 620
4094 620
21512 620
82874 620
72958 620
68716 620
32417 620
60771 620
73354 620
57863 620
81953 620
78046 620
67521 620
86062 620
42262 620
77388 620
40628 620
73696 620
64922 620
91432 620
23958 620
84025 620
164226 620
33462 619
74737 619
31765 619
67814 619
244764 619
10501 619
56338 619
4426 619
65770 619
39065 619
34032 619
200789 619
7301 619
14650 619
17868 619
19727 619
20062 619
23106 619
27238 619
27953 619
30185 619
32711 619
33198 619
40945 619
41509 619
44486 619
45964 619
48886 619
49639 619
51220 619
51874 619
54996 619
55322 619
57674 619
64682 619
68096 619
76084 619
80060 619
83286 619
87145 619
87469 619
87606 619
88274 619
88634 619
92429 619
9783 619
240313 619
47026 618
90808 618
11613 618
24352 618
28444 618
70590 618
194356 618
3408 618
13625 618
14682 618
22159 618
23001 618
34833 618
40323 618
51578 618
70714 618
85357 618
39511 618
47495 618
70586 618
8620 618
8945 618
17352 618
23407 618
25768 618
26696 618
34846 618
34876 618
38813 618
38863 618
39553 618
39852 618
40713 618
41514 618
41596 618
45322 618
45622 618
50592 618
52443 618
54880 618
55645 618
57846 618
60786 618
62231 618
62617 618
62894 618
63973 618
68818 618
69727 618
71087 618
71603 618
74576 618
77638 618
78325 618
78580 618
79401 618
79695 618
80726 618
81083 618
81359 618
83185 618
85099 618
87114 618
90482 618
91492 618
16694 617
44610 617
27790 617
44622 617
95249 617
44974 617
47432 617
195836 617
70058 617
22552 617
62813 617
60172 617
60300 617
8956 617
40087 617
87314 617
95513 616
39796 616
25367 616
37203 616
78434 616
201736 616
54774 616
67114 616
26738 616
63812 616
39185 616
36864 616
41055 616
45447 616
54966 616
42555 616
34873 616
43594 616
59024 616
67731 616
68146 616
87246 616
63558 616
33004 615
71394 615
16277 615
39951 615
38215 615
17322 615
28197 615
31952 615
38573 615
48681 615
51539 615
78189 615
54965 615
7627 615
91572 615
47067 615
18418 615
5778 615
53057 615
50990 615
33078 614
63309 614
70207 614
88333 614
95582 614
86301 614
38999 614
51483 614
20284 614
51137 614
84035 614
6769 614
45912 614
29069 614
25279 614
188498 614
46265 614
88483 614
51456 614
20485 614
44531 614
70253 614
93354 614
56004 613
35685 613
37193 613
80508 613
9850 613
29054 613
51619 613
1649 613
34295 613
27648 613
12778 613
21446 613
58555 613
68580 613
36162 613
3828 613
31241 612
55176 612
78503 612
160716 612
65695 612
66186 612
38248 612
235192 612
24482 612
26437 612
83564 612
11803 612
29835 612
29403 612
38799 612
45070 612
52615 612
70827 612
46148 612
60364 612
43362 612
45625 612
55927 612
9852 611
31390 611
55736 611
78842 611
53286 611
77202 611
2757 611
12479 611
60320 611
25633 611
69683 611
9233 611
51850 611
91938 611
43441 611
219884 611
42745 611
50020 611
12564 610
14148 610
28048 610
31074 610
43644 610
35570 610
42641 610
23926 610
67656 610
76727 610
69021 610
34958 610
51442 610
77116 610
84643 610
23277 610
77243 610
87853 610
17277 610
22725 610
32323 610
47957 610
73695 610
35768 610
44405 610
62166 610
39834 610
45344 610
175252 610
66163 610
75376 609
80024 609
12616 609
66592 609
28807 609
48066 609
213261 609
16653 609
25621 609
36200 609
38732 609
40425 609
19167 609
30923 609
81887 609
10927 608
11214 608
13826 608
16299 608
19725 608
20978 608
23388 608
23909 608
25248 608
28426 608
28655 608
28877 608
31286 608
34028 608
35404 608
35765 608
37327 608
38905 608
45643 608
45704 608
48811 608
49128 608
50809 608
53829 608
54159 608
57596 608
57991 608
63619 608
63979 608
66404 608
68369 608
69006 608
71877 608
72858 608
74302 608
79165 608
79500 608
80523 608
81116 608
82377 608
86090 608
90879 608
93132 608
60829 608
61873 608
76447 608
45229 608
83497 608
18198 608
27967 608
22121 608
34768 608
36773 608
58100 608
20983 608
70371 608
69453 608
45061 608
45930 607
81544 607
204560 607
25462 607
50522 607
30927 607
67229 607
21146 607
160267 607
54098 607
56727 607
56075 607
9768 607
57939 607
71811 607
95293 607
28245 607
39787 607
71622 607
233194 607
65921 607
243571 607
62690 607
55091 606
47098 606
17873 606
40987 606
38844 606
62167 606
17560 606
161972 606
64283 606
9641 606
15113 606
213530 606
44611 606
81300 606
243241 606
46485 606
53968 606
54625 606
66901 606
30014 606
52786 606
66381 606
67248 606
36033 606
66606 606
36651 606
16393 606
34082 606
10783 605
18691 605
19842 605
24986 605
32122 605
35235 605
36148 605
37491 605
37919 605
40224 605
42622 605
42653 605
45994 605
49614 605
49696 605
51190 605
54920 605
55257 605
55764 605
56467 605
56890 605
63102 605
63901 605
64524 605
64843 605
65392 605
65735 605
67361 605
67394 605
68980 605
74416 605
74610 605
76672 605
77159 605
78015 605
81162 605
82647 605
83464 605
84288 605
86168 605
86203 605
87486 605
89334 605
90473 605
91143 605
93451 605
94242 605
228350 605
47492 605
21301 605
39857 605
70014 605
2668 605
14398 605
43401 605
69041 605
32489 605
55327 605
201618 605
88785 605
71524 604
38818 604
63733 604
37359 604
24954 604
62260 604
7093 604
36059 604
41947 604
44480 604
77090 604
86323 604
45271 604
90752 604
4385 604
12136 604
34244 604
44307 604
47354 604
53904 604
62680 604
62782 604
64229 604
70208 604
88273 604
37890 603
166666 603
67031 603
78265 603
26708 603
64911 603
77298 603
24932 603
15903 603
214336 603
43540 603
37006 603
57935 603
60390 603
64645 603
73542 603
75010 603
75969 603
86624 603
9116 603
17950 603
172499 603
29289 603
12930 603
59756 603
42479 603
30232 602
41224 602
67586 602
30177 602
5011 602
9776 602
91866 602
17134 602
19837 602
28511 602
36766 602
46719 602
52272 602
79462 602
92778 602
93378 602
193798 602
47800 602
76038 602
48233 602
31095 602
11195 602
2157 602
40071 602
71605 602
171413 602
3021 602
51747 602
74504 602
3461 602
43670 602
154681 602
48880 602
71702 602
87951 602
193404 602
55700 601
69484 601
35273 601
12962 601
42762 601
223693 601
64706 601
243366 601
79042 601
24775 601
16684 600
40782 600
55491 600
21926 600
94258 600
219612 600
23977 600
19542 600
50400 600
5783 600
43406 600
28726 600
31617 600
64173 600
30724 600
77567 600
65552 600
48444 600
41796 600
62170 600
19898 600
92979 600
64750 599
25451 599
24435 599
31512 599
85917 599
10767 599
84459 599
50663 599
73396 599
91408 599
46227 599
193291 599
7861 599
68336 599
20968 599
191677 599
64309 599
78661 599
84318 599
54706 599
24799 599
45878 599
46690 598
56018 598
44773 598
64456 598
7676 598
8888 598
9490 598
12825 598
13397 598
17218 598
17949 598
21415 598
23477 598
23651 598
23844 598
25221 598
28985 598
29751 598
30688 598
32852 598
33216 598
33944 598
34890 598
36915 598
37358 598
38155 598
38450 598
39866 598
40575 598
43511 598
44127 598
46855 598
47124 598
51905 598
53974 598
54229 598
56170 598
60995 598
61391 598
62049 598
71678 598
72873 598
75446 598
82572 598
85517 598
91010 598
91694 598
56175 598
29904 598
44090 598
193993 598
214818 598
9099 598
41469 598
62621 598
3358 598
46103 598
15364 598
66366 598
86903 598
24771 598
44327 598
35326 598
63582 598
11534 598
220830 598
39764 598
47407 597
84023 597
36660 597
11760 597
30141 597
52401 597
1512 597
34908 597
71147 597
192405 597
43838 597
61355 597
90639 597
12641 597
6143 597
23963 597
41854 597
78508 597
83341 597
71727 597
13277 596
76203 596
42547 596
54150 596
167534 596
64811 596
4484 596
72005 596
34643 596
31037 596
66015 596
33035 596
172225 596
28560 596
47743 596
79995 596
22785 596
81809 596
81987 595
35187 595
9445 595
84394 595
53531 595
79100 595
16937 595
25465 595
38298 595
54824 595
8724 595
50329 595
47870 595
60129 595
47602 595
35602 595
58653 594
198695 594
57987 594
155954 594
45154 594
81380 594
82569 594
45726 594
48095 594
43845 594
49991 594
36296 594
9780 594
84745 594
44742 594
95643 594
40954 593
8249 593
20333 593
27062 593
29620 593
30033 593
36644 593
37876 593
38267 593
39348 593
43621 593
47114 593
47253 593
52132 593
54314 593
54997 593
55066 593
55452 593
57873 593
65225 593
66281 593
67835 593
70704 593
75612 593
78331 593
84322 593
90685 593
90871 593
93410 593
40263 593
90987 593
69462 593
59140 593
60308 593
32247 593
10161 593
20263 592
19864 592
21470 592
94157 592
24413 592
5155 592
91428 592
61436 592
52322 592
6145 592
10956 592
30171 592
39046 592
90973 592
63975 592
68882 592
78084 592
21864 592
90579 592
21680 592
42324 592
76433 592
35849 592
78419 592
204042 592
26289 592
48733 592
83345 592
171018 591
34724 591
17395 591
20788 591
31777 591
43361 591
47721 591
49530 591
50260 591
52983 591
67025 591
73347 591
78659 591
42815 591
30873 591
20796 591
5056 591
19692 591
32582 591
39824 591
42315 591
59413 591
62033 591
65400 591
89404 591
95603 591
208432 591
69018 591
10364 591
23356 591
26826 591
26250 591
80549 590
38036 590
61224 590
87165 590
31300 590
32962 590
41921 590
57345 590
64768 590
65397 590
85436 590
38447 590
41395 590
65081 590
79830 590
23600 590
50897 590
55619 590
80866 590
34180 590
208288 590
32910 590
66129 590
80194 590
24446 590
51730 590
26200 590
59797 590
52736 589
84109 589
165089 589
37596 589
89499 589
62833 589
19524 589
59157 589
92463 589
7686 589
10590 589
63933 589
67034 589
15375 589
90578 589
21739 589
43301 589
84804 588
75911 588
3467 588
11187 588
11681 588
12530 588
16108 588
16386 588
17527 588
18225 588
20433 588
22025 588
24812 588
26218 588
26602 588
27651 588
31311 588
32300 588
35409 588
35595 588
36128 588
37379 588
37627 588
39078 588
41798 588
42174 588
44155 588
44701 588
44852 588
45900 588
46235 588
47062 588
48206 588
50838 588
52877 588
52960 588
53077 588
56179 588
57231 588
57241 588
58075 588
58222 588
60459 588
62873 588
69249 588
79260 588
80553 588
82207 588
87828 588
88179 588
94190 588
16915 588
63795 588
30532 588
58140 588
90332 588
34872 588
46566 588
71346 588
34920 587
29581 587
32757 587
74358 587
16867 587
53280 587
55146 587
58980 587
78824 587
203400 587
11752 587
74104 587
4459 587
89089 587
93802 587
241001 587
56872 587
7006 587
29491 587
39002 587
208395 587
34927 587
68476 586
28265 586
2023 586
40475 586
26209 586
49759 586
64023 586
63883 586
7689 586
76615 586
15805 586
81954 586
65876 586
158998 586
71946 586
34101 586
16310 586
33731 585
157970 585
76118 585
39470 585
43855 585
13409 585
65834 585
81168 585
1530 585
51346 585
87120 585
61720 585
181627 585
86034 585
22416 585
48248 585
19680 584
177654 584
52895 584
51018 584
94715 584
3304 584
40505 584
67154 584
15028 584
25806 584
59610 584
91889 584
25880 584
30104 584
64913 584
21291 584
2740 584
42242 584
39925 584
35754 584
79103 584
34690 584
54599 584
68929 584
164966 583
63487 583
53625 583
63951 583
14089 583
170623 583
20809 583
69130 583
75089 583
52663 583
82788 583
45266 583
27158 583
62067 583
53020 583
63109 583
13404 583
59204 583
61302 583
39843 583
76296 583
167381 582
48164 582
17182 582
80878 582
95369 582
71146 582
58744 582
27284 582
47336 582
81626 582
25342 582
1694 582
23616 582
51334 582
52757 582
61265 582
22533 582
56056 582
61624 582
221590 581
38289 581
91703 581
3961 581
8361 581
13100 581
14841 581
16087 581
23585 581
27163 581
28224 581
30486 581
36157 581
36790 581
37756 581
38189 581
38608 581
38988 581
41036 581
43807 581
45348 581
45468 581
47931 581
49433 581
49749 581
50466 581
51926 581
54231 581
54694 581
56163 581
57734 581
58313 581
59352 581
61654 581
64113 581
65369 581
67793 581
68541 581
68886 581
69554 581
71439 581
73371 581
73906 581
81907 581
82261 581
93987 581
94461 581
94723 581
159440 581
228443 581
61901 581
74513 581
41382 581
77003 581
79625 581
81301 581
20368 581
31877 581
68737 581
13084 581
40207 581
15085 581
18048 581
54598 581
45719 581
18216 580
39192 580
29746 580
74051 580
43617 580
34934 580
6393 580
27907 580
54205 580
9426 580
81286 580
25372 580
33876 580
44465 580
57455 580
46134 580
59780 580
18929 580
4469 580
30143 580
39350 580
42363 580
62756 580
38562 579
36347 579
20747 579
46370 579
57728 579
57805 579
64430 579
93237 579
225165 579
59276 579
76310 579
23269 579
94812 579
31415 579
41850 579
50892 579
72010 579
39135 579
58955 579
52097 579
218952 579
25310 578
75299 578
57909 578
20478 578
66042 578
87285 578
20552 578
6201 578
28509 578
36482 578
49457 578
74872 578
54396 578
68051 578
72368 578
88099 578
23033 578
4898 578
12950 578
15430 578
16955 578
19209 578
20446 578
20504 578
22334 578
25513 578
26287 578
33522 578
33930 578
34154 578
39675 578
40906 578
42757 578
49664 578
52935 578
53923 578
57468 578
57964 578
58421 578
63297 578
67230 578
68319 578
69305 578
72603 578
73200 578
73561 578
75672 578
80583 578
91868 578
94710 578
8780 578
68796 578
5992 578
36699 578
30782 578
4485 578
31404 578
47200 578
48185 578
62724 578
29092 578
29910 578
45975 578
36176 577
57172 577
218849 577
24569 577
33901 577
50949 577
12747 577
18565 577
24419 577
44938 577
87862 577
95161 577
95370 577
10273 577
25638 577
35888 577
9958 577
181743 577
32286 577
187163 577
12311 577
18967 577
26163 577
30304 577
12086 577
19627 577
225440 577
47524 577
71006 577
9886 577
43354 577
50336 576
25715 576
38401 576
45593 576
88613 576
77272 576
17035 576
70527 576
58284 576
32934 576
89122 576
35126 576
72091 576
24975 576
73828 576
89534 576
28790 576
61601 576
29130 576
42764 575
90101 575
31780 575
71547 575
11387 575
31413 575
41050 575
14342 575
35907 575
44317 575
35042 575
39515 575
58030 575
64701 575
171635 575
235560 575
45849 575
32415 575
91867 575
45779 575
75262 575
86880 575
28152 575
50131 575
16349 574
9399 574
22348 574
15708 574
21485 574
65267 574
26702 574
63425 574
91847 574
15488 574
27695 574
37183 574
46007 574
85195 574
16080 573
28378 573
63276 573
67354 573
27106 573
57661 573
76941 573
55960 573
32788 573
74379 573
88830 573
246561 573
44269 573
47702 573
243455 573
32958 573
77265 573
55251 573
87968 573
55748 573
20376 573
33423 573
85113 572
171182 572
238911 572
91070 572
43938 572
193335 572
21420 572
29114 572
47656 572
57393 572
19655 572
38902 572
78128 572
90759 572
17621 572
39118 572
153464 572
47707 572
60175 571
28284 571
56187 571
34143 571
32085 571
224397 571
72216 571
13272 571
61213 571
51691 571
64851 571
74464 571
32342 571
14743 571
77502 571
42613 571
15661 571
78468 571
38791 571
20404 571
62317 571
31448 571
30686 571
46819 571
77560 571
30780 571
65672 571
8539 570
70496 570
72391 570
26296 570
56493 570
19621 570
65981 570
167180 570
13858 570
37437 570
62137 570
63170 570
92288 570
39985 570
40868 570
85213 570
27582 570
43377 570
71921 570
81396 570
9760 570
47243 569
42051 569
78909 569
31082 569
32251 569
81050 569
18467 569
18647 569
25751 569
27725 569
30501 569
30813 569
31152 569
31178 569
32079 569
35772 569
37077 569
38685 569
38882 569
40621 569
43812 569
43841 569
44495 569
46618 569
46712 569
52044 569
52900 569
53240 569
54242 569
57680 569
58342 569
58710 569
59803 569
61027 569
61590 569
63080 569
64532 569
64548 569
65732 569
66013 569
66446 569
69951 569
72051 569
72769 569
74003 569
77718 569
78220 569
78340 569
79797 569
80725 569
81739 569
85782 569
86762 569
87280 569
87614 569
87626 569
90140 569
90371 569
92042 569
92883 569
93478 569
95679 569
242956 569
70609 569
42465 569
208113 569
29797 569
23165 569
61765 569
68694 569
195327 569
20195 569
33960 569
47645 568
14620 568
53153 568
48762 568
3465 568
4651 568
5919 568
6203 568
10759 568
11859 568
24390 568
25574 568
27072 568
27613 568
31524 568
33244 568
34059 568
36557 568
36606 568
36990 568
38033 568
38575 568
43169 568
48564 568
50292 568
53927 568
54294 568
55103 568
55298 568
56180 568
56588 568
56795 568
59538 568
60489 568
62723 568
67504 568
68017 568
69622 568
71505 568
72707 568
77913 568
94231 568
80219 568
92303 568
61328 568
67750 568
36303 568
75106 568
79052 568
14794 568
50579 568
82064 568
31371 568
55240 568
13451 568
224006 568
34997 567
19154 567
21938 567
28886 567
31493 567
50207 567
60146 567
75053 567
93633 567
95648 567
64744 567
48907 567
29192 567
43267 567
54261 567
36137 567
28592 567
9300 567
75294 567
10945 567
46864 567
51463 567
56744 567
62671 567
76777 567
38989 567
49897 566
240280 566
231994 566
31075 566
61880 566
85358 566
92916 566
25657 566
26116 566
39859 566
65144 566
68338 566
77695 566
192437 566
217506 566
3426 566
31420 566
67831 566
78224 566
46236 566
211375 566
16939 566
18610 566
67128 566
8571 565
32566 565
2175 565
34112 565
44300 565
47485 565
55402 565
86965 565
17688 565
65660 565
54577 565
36049 565
64997 565
67547 565
80792 565
90258 565
17785 565
34284 565
182383 565
38915 564
41791 564
12270 564
194217 564
19543 564
23021 564
76075 564
20063 564
27099 564
16656 564
89621 564
9757 564
32708 564
58802 564
12051 564
69208 564
186285 564
34294 564
224535 564
40532 564
7445 564
35800 564
58223 564
89413 564
14734 564
24375 564
28769 564
49488 564
54619 564
19433 563
16819 563
31669 563
33064 563
44941 563
50133 563
62623 563
65065 563
60635 563
92578 563
51077 563
19620 563
21821 563
45330 563
87478 563
162211 563
65851 563
76763 563
53624 563
29430 563
4320 563
41108 563
50465 563
14887 562
165843 562
69665 562
34817 562
17545 562
70548 562
68999 562
81260 562
69089 562
50742 562
66311 562
193591 562
6244 562
14449 562
19930 562
31528 562
59811 562
57811 562
32008 561
23885 561
26898 561
13110 561
62479 561
5358 561
51184 561
50189 561
82347 561
47251 561
182332 561
27782 561
53423 561
73455 561
25314 561
34595 561
33750 561
213161 561
86047 561
214330 560
23351 560
30476 560
72469 560
89115 560
62357 560
45881 560
50846 560
244467 560
23499 560
203195 560
62871 560
64491 560
78334 560
64604 560
37920 560
78910 560
27372 560
68988 559
177274 559
59950 559
69376 559
50152 559
49724 559
60031 559
22203 559
199252 559
39047 559
14431 559
24373 559
62592 559
10967 559
36851 558
58310 558
23476 558
88081 558
160399 558
32736 558
90012 558
43677 558
39928 558
14635 558
3939 558
43823 558
73451 558
48761 558
2986 558
5014 558
8865 558
11380 558
11499 558
11646 558
11688 558
11843 558
15381 558
15577 558
17815 558
21060 558
22067 558
24314 558
31172 558
35687 558
37040 558
51696 558
58247 558
59211 558
64231 558
71679 558
77150 558
77882 558
79049 558
79604 558
83393 558
84340 558
87644 558
92625 558
96919 558
75064 558
47758 558
81133 557
160608 557
20388 557
47092 557
35844 557
66710 557
3705 557
34085 557
42414 557
86740 557
79169 557
58382 557
76609 557
91197 557
69295 557
3396 557
217562 557
2049 557
10719 557
19064 557
28319 557
30797 557
33179 557
34245 557
36228 557
36678 557
36704 557
39170 557
39743 557
39929 557
40494 557
43136 557
44937 557
47232 557
48772 557
49057 557
49258 557
50311 557
50437 557
51917 557
52510 557
52637 557
53272 557
53295 557
56978 557
59246 557
60774 557
62584 557
62981 557
63385 557
63618 557
65289 557
65651 557
65692 557
68809 557
69034 557
70020 557
70168 557
71587 557
72243 557
72972 557
73136 557
73359 557
77346 557
77724 557
79593 557
81902 557
81969 557
82564 557
82948 557
83505 557
86319 557
86782 557
87528 557
87796 557
89227 557
95028 557
95072 557
164014 557
229676 557
205969 557
24583 557
69404 557
87943 557
33040 557
66369 557
25065 557
57772 557
40576 557
67815 557
21298 557
57709 557
61791 557
83445 557
54810 556
48153 556
15681 556
71895 556
6622 556
22123 556
27155 556
45991 556
220706 556
17438 556
17634 556
72059 556
26350 556
90582 556
17467 556
213012 556
57517 556
28261 556
58463 556
2137 556
61838 556
10982 556
49901 555
63294 555
59879 555
33313 555
77291 555
45199 555
17682 555
36381 555
33360 555
38936 555
44875 555
62865 555
64336 555
64875 555
30921 555
31558 555
63241 555
91089 555
83687 555
11438 555
48489 555
26271 555
47698 555
59142 555
62174 555
70937 555
75110 555
18535 555
14164 555
28067 555
50554 554
71960 554
180907 554
150988 554
15225 554
78800 554
29723 554
28715 554
37504 554
55157 554
61719 554
67277 554
75060 554
66361 554
40857 554
40362 554
42412 554
173206 554
24016 554
49672 554
27091 553
79652 553
83646 553
22515 553
216292 553
216350 553
23734 553
65162 553
26834 553
62940 553
15334 553
54671 553
25129 553
46958 553
190069 553
198710 553
182640 553
5750 552
37918 552
30748 552
41670 552
87366 552
179569 552
64347 552
61218 552
214030 552
10523 552
41626 552
23152 552
30792 552
238190 552
21329 552
59917 552
76673 552
166771 552
13075 552
66678 552
32192 552
40213 552
53567 551
81193 551
14657 551
18011 551
87374 551
17288 551
5699 551
42061 551
10760 551
2300 551
164738 551
59629 551
244942 551
69186 551
160719 551
181394 551
189908 551
9580 551
5825 551
44668 551
55424 551
79344 551
155124 551
214557 551
171190 551
44134 551
63730 551
36614 551
59360 551
36615 550
11763 550
26351 550
61919 550
63856 550
226001 550
9521 550
78147 550
15062 550
22815 550
27671 550
229337 550
219729 550
65071 550
74056 550
49178 550
55122 550
11320 550
79571 550
245599 550
7570 550
63574 550
31462 550
44986 550
46564 550
84069 550
76293 550
30850 550
70644 549
46549 549
61399 549
13718 549
15107 549
51674 549
56128 549
73285 549
77019 549
95789 549
4403 549
7356 549
47292 549
20566 549
83399 549
77988 549
19192 548
2237 548
23853 548
235423 548
82697 548
70722 548
25153 548
23587 548
5105 548
47782 548
52802 548
36290 548
22792 548
1107 548
9001 548
9822 548
13335 548
17565 548
18534 548
21963 548
30910 548
32823 548
38138 548
44446 548
44588 548
44629 548
45935 548
46187 548
47779 548
50803 548
53799 548
56105 548
58152 548
58410 548
67406 548
68071 548
70007 548
73064 548
75131 548
75364 548
76201 548
79107 548
81414 548
81896 548
82168 548
83220 548
85774 548
91264 548
91546 548
92620 548
94684 548
95032 548
29586 548
54722 548
200738 548
57424 548
29381 548
33779 548
34995 548
70471 547
12536 547
47338 547
2525 547
44084 547
26531 547
30182 547
13961 547
4352 547
31519 547
150283 547
21123 547
73326 547
73366 547
25435 547
27748 547
33186 547
39707 547
94621 547
95239 547
93531 547
177280 547
37995 547
10169 547
42318 547
91720 547
5247 547
67537 547
43953 547
21038 547
48181 547
231443 547
87875 547
47952 547
29189 546
24300 546
24597 546
18525 546
11021 546
68658 546
27487 546
18671 546
69673 546
60013 546
181444 546
73526 546
83223 546
63946 546
93099 546
51946 546
76560 546
30828 546
54917 546
9123 546
199501 545
75408 545
5151 545
31654 545
63908 545
25629 545
8473 545
43506 545
87457 545
201854 545
29568 545
19740 545
245894 545
186698 545
12047 545
16306 545
19356 545
28421 545
28994 545
29091 545
32163 545
35670 545
36767 545
37502 545
37614 545
39612 545
39902 545
40630 545
41467 545
43669 545
45583 545
46953 545
47851 545
50237 545
54534 545
54983 545
56816 545
57507 545
59372 545
59600 545
60366 545
62729 545
64255 545
66354 545
66526 545
67765 545
68322 545
68443 545
68704 545
70118 545
71265 545
71932 545
79384 545
80922 545
81252 545
81611 545
83611 545
83629 545
83744 545
85312 545
87321 545
89343 545
91005 545
91223 545
91728 545
92456 545
93810 545
196380 545
5624 545
18751 545
20545 545
43307 544
62405 544
70876 544
33970 544
36545 544
20875 544
49395 544
67599 544
166272 544
29478 544
61874 544
64599 544
20273 544
18823 544
210719 544
45065 544
56042 544
16007 544
40548 544
60623 544
39026 544
62517 543
21005 543
36151 543
18782 543
90152 543
26256 543
39005 543
58001 543
77257 543
92305 543
186204 543
62225 543
22528 543
85379 543
10954 543
77048 543
221351 543
186121 543
38080 542
43787 542
53881 542
55203 542
58674 542
82725 542
84001 542
155418 542
76459 542
64191 542
10013 542
49808 542
91291 542
30443 542
7419 542
91253 542
43398 542
29042 542
33214 542
86469 542
30242 542
202688 542
56277 542
54209 542
74803 542
81393 542
61987 542
72807 542
41457 542
89683 542
5874 541
26618 541
42276 541
66133 541
47246 541
45635 541
58815 541
227748 541
71293 541
81873 541
36947 541
40115 541
59076 541
63135 541
14918 541
229225 541
37527 541
12727 541
13986 541
56216 541
32389 541
29086 541
171270 541
154031 540
230177 540
11191 540
195508 540
2221 540
33450 540
45954 540
68714 540
81991 540
73395 540
237459 540
46987 540
59149 540
166500 540
44086 540
53063 540
69100 540
4608 539
20953 539
45207 539
66018 539
16246 539
36472 539
36963 539
66321 539
76452 539
37499 539
70534 539
73074 539
21909 539
22630 539
64483 539
21137 539
62597 539
70696 539
74194 539
86922 539
61394 539
26313 539
39718 539
13748 539
163514 539
33790 539
55175 539
28913 539
24227 539
56207 539
64475 539
167967 539
22318 539
33447 539
53245 539
37350 538
82498 538
87808 538
32856 538
41434 538
17514 538
88665 538
29643 538
55671 538
82295 538
40289 538
52365 538
72101 538
32805 538
44111 538
213723 538
32270 538
68792 538
25237 538
40353 538
53066 538
11977 538
14236 538
15320 538
17226 538
18690 538
19400 538
22671 538
26766 538
30502 538
31671 538
32807 538
34376 538
35784 538
38066 538
40104 538
41028 538
42049 538
43393 538
44898 538
45765 538
51200 538
51355 538
53045 538
53224 538
53554 538
55167 538
57354 538
57371 538
59080 538
59124 538
60584 538
60631 538
64331 538
65646 538
73603 538
74145 538
75433 538
83750 538
93819 538
66347 537
209082 537
45767 537
54628 537
71497 537
14785 537
16549 537
52176 537
5169 537
27411 537
44787 537
73467 537
236033 537
27425 537
70573 537
19206 537
27800 537
57160 537
13384 537
32092 537
24383 537
229870 537
58156 537
50989 537
192638 537
93341 537
191908 536
25835 536
29699 536
76066 536
70877 536
201521 536
42669 536
26018 536
232007 536
22618 536
164614 536
84338 536
63792 536
70245 536
18251 536
76635 536
196864 536
72549 536
71123 536
73023 536
45338 535
51766 535
18025 535
81002 535
203798 535
29448 535
74575 535
83380 535
188770 535
41563 535
37563 535
10257 535
62388 535
37157 535
45238 535
9742 535
41459 535
56887 535
157988 535
213390 535
57256 535
71599 535
39858 535
13488 535
220976 535
11231 535
23802 535
43709 535
43433 535
167931 535
68771 535
205394 535
39644 535
34746 535
192329 535
8783 535
16429 535
45079 535
61934 535
83708 535
76243 535
9162 535
14008 534
30840 534
67669 534
84353 534
22784 534
19183 534
86228 534
88001 534
94894 534
50414 534
53695 534
12993 534
58220 534
224482 534
238942 534
16029 534
56149 534
45321 534
60547 534
22628 533
16400 533
41951 533
220497 533
237476 533
30420 533
39292 533
55084 533
16204 533
22105 533
26471 533
30993 533
31111 533
33541 533
34980 533
35917 533
36388 533
40149 533
40266 533
41730 533
42787 533
43866 533
43987 533
44170 533
45141 533
48719 533
52556 533
55448 533
55796 533
56011 533
56245 533
56265 533
61021 533
61822 533
63339 533
64474 533
67817 533
68732 533
71390 533
74124 533
76057 533
79179 533
79799 533
80341 533
81506 533
83148 533
83269 533
83478 533
84740 533
84852 533
84999 533
88292 533
91367 533
91449 533
92554 533
92903 533
93274 533
194864 533
2898 533
24941 533
16295 533
50545 532
231786 532
31888 532
43194 532
22031 532
7965 532
26507 532
10261 532
165098 532
22228 532
4247 532
35239 532
63709 532
46950 532
56779 532
33146 532
32725 532
43100 532
209841 532
18421 532
18444 532
28268 531
26812 531
232078 531
26066 531
26551 531
28924 531
49733 531
17252 531
214744 531
37833 531
16250 531
46013 531
47891 531
33245 531
54968 531
69843 531
32226 531
40914 531
13771 531
30355 531
30861 531
36139 531
40528 531
43216 531
43493 531
44539 531
55787 531
58497 531
83127 531
28791 531
49051 531
9926 531
26284 531
20121 531
91864 531
189333 531
37115 530
46663 530
20606 530
37253 530
41613 530
207492 530
78578 530
40388 530
18653 530
10677 530
82391 530
89497 530
195961 530
44644 530
191281 530
1207 530
19796 530
40225 530
55304 530
56958 530
71792 530
73259 530
65713 530
183438 530
66593 530
217185 530
87140 530
9773 529
62171 529
204156 529
95058 529
18651 529
23849 529
59653 529
66969 529
92266 529
71151 529
64066 529
29351 529
65975 529
29409 529
35736 529
51411 529
58972 529
71507 529
94203 529
163809 529
174126 529
32375 529
239735 529
31701 529
204112 529
20484 529
55792 528
65974 528
15610 528
28052 528
90241 528
44440 528
53898 528
183792 528
23389 528
13006 528
39161 528
7144 528
92958 528
54087 528
10094 528
5341 528
36979 528
56489 528
19103 528
89106 528
39689 527
85654 527
211071 527
14702 527
15794 527
19779 527
21022 527
21945 527
22514 527
22852 527
24625 527
27124 527
27563 527
28112 527
32171 527
34016 527
34459 527
37004 527
39533 527
39728 527
40112 527
40778 527
43892 527
46083 527
46431 527
48243 527
51368 527
52332 527
55141 527
57167 527
59277 527
61925 527
62771 527
70433 527
72280 527
72361 527
73669 527
73956 527
74143 527
90581 527
91581 527
93680 527
96472 527
28710 527
73379 527
5592 527
47329 527
91803 527
40066 527
44556 527
90906 527
22171 527
57014 527
25565 527
67941 527
59920 527
19603 527
30766 527
50679 527
89095 527
93088 527
73338 527
52788 527
66922 527
94526 527
3385 527
64130 527
40287 527
36556 527
45992 527
216504 527
14197 526
8021 526
63388 526
241066 526
58343 526
8342 526
61593 526
15020 526
26941 526
32917 526
63626 526
59319 526
64228 526
49500 525
42342 525
44816 525
48964 525
9811 525
19370 525
53977 525
43195 525
67205 525
70350 525
153181 525
38757 525
59771 525
77332 525
221504 525
28071 525
91748 525
20903 525
148883 525
174637 525
90642 524
172898 524
18068 524
85663 524
33959 524
86130 524
69628 524
41846 524
39321 524
42373 524
222302 524
37339 524
26379 523
12625 523
14615 523
28303 523
89388 523
90211 523
29322 523
49524 523
239890 523
56532 523
79520 523
56441 523
23934 523
48601 523
194040 523
46314 523
48260 523
74614 523
38206 523
42765 523
58533 523
49470 522
80046 522
32977 522
3308 522
35455 522
57802 522
92803 522
25736 522
54476 522
206713 522
50719 522
48155 522
26733 522
231248 522
53774 522
175970 522
48353 522
25100 522
46202 522
83575 522
195936 522
40156 522
45200 521
10061 521
23423 521
59810 521
47470 521
74775 521
32477 521
179742 521
18136 521
18081 521
22349 521
67116 521
10514 521
62039 521
55150 521
60823 521
71403 521
81659 521
87823 521
9022 521
26683 521
27659 521
31773 521
32066 521
32992 521
33049 521
35896 521
38198 521
39029 521
41269 521
45486 521
47625 521
47928 521
48156 521
48885 521
49665 521
49993 521
53233 521
53547 521
54424 521
56859 521
56903 521
56973 521
59823 521
59941 521
60128 521
62567 521
63318 521
64672 521
65703 521
65779 521
66924 521
68420 521
68690 521
70233 521
70402 521
71642 521
71709 521
73385 521
74164 521
74487 521
76309 521
76330 521
77213 521
78454 521
79247 521
79475 521
80005 521
81410 521
82197 521
85444 521
86542 521
86893 521
87391 521
88244 521
88728 521
88778 521
89013 521
89528 521
90208 521
90495 521
93833 521
190453 521
242963 521
18908 521
63412 521
78505 521
49608 521
18619 521
6479 521
228979 520
60789 520
23730 520
88290 520
11976 520
4294 520
85905 520
68045 520
243641 520
235245 520
80307 520
42916 520
79979 520
23713 520
155604 520
9383 520
6461 520
60783 520
32455 520
58597 520
38028 520
73621 519
10237 519
34334 519
36056 519
37002 519
67433 519
75652 519
31151 519
18786 519
226325 519
83879 519
17825 519
49748 519
57610 519
59829 519
47391 519
87086 519
50371 519
164635 519
44373 519
59608 519
40793 519
13474 519
23653 519
33873 519
39753 519
65944 519
80212 519
81650 519
91836 519
80831 519
51422 519
30249 518
16783 518
51499 518
39986 518
44746 518
172330 518
13492 518
19068 518
26021 518
26815 518
27283 518
41594 518
42386 518
45630 518
47077 518
69292 518
76589 518
77589 518
40967 518
43328 518
53457 518
88460 518
20441 518
3056 518
80840 518
15897 518
47659 518
47464 518
19784 518
67763 518
174177 518
194672 518
2555 518
38145 518
46717 518
50633 518
51849 518
54571 518
87474 518
47962 518
84697 518
10850 517
160580 517
2460 517
75605 517
85366 517
182145 517
60533 517
40660 517
4186 517
7377 517
13079 517
13652 517
14056 517
19430 517
25096 517
26239 517
28847 517
29126 517
30874 517
32765 517
35301 517
36867 517
37314 517
37858 517
40148 517
40612 517
41582 517
44404 517
45329 517
46847 517
47147 517
52299 517
53613 517
53749 517
61493 517
68565 517
79182 517
84163 517
90933 517
93098 517
93767 517
95373 517
79309 517
39195 517
80796 517
237883 517
199703 517
41170 517
16127 517
73920 517
15635 517
60275 517
63061 517
69281 517
42115 517
14386 517
27066 517
37787 517
80279 517
48576 517
76879 517
211936 517
162136 517
45058 517
70463 516
29983 516
25652 516
21726 516
53986 516
82567 516
66213 516
89836 516
242061 516
18723 516
50690 516
31368 516
47755 516
157115 516
25424 516
35919 516
11896 516
14514 516
15629 516
203149 516
18861 516
47688 516
17186 516
78403 516
27642 516
74220 516
16420 516
190556 516
75435 516
2111 516
48230 516
61722 516
8360 516
3792 516
82854 515
64974 515
39659 515
89835 515
78396 515
45595 515
50665 515
64206 515
95640 515
36764 515
75126 515
19355 515
24268 515
40871 515
67214 515
91292 515
14376 515
10004 515
69744 515
15340 515
31036 514
50461 514
26773 514
34805 514
50922 514
55797 514
65640 514
65662 514
13283 514
65423 514
30106 514
73402 514
34077 514
77940 514
60699 514
66103 514
71955 514
83823 514
85827 514
10316 514
75230 514
88410 514
211866 514
79868 514
20828 514
189312 514
64035 514
53926 514
84160 514
79896 514
6294 514
62328 514
65169 514
2689 514
30303 514
159024 514
78876 514
60109 514
28215 514
219282 513
27378 513
241986 513
45073 513
85789 513
222436 513
60052 513
223915 513
40988 513
46568 513
51000 513
52311 513
71910 513
20156 513
64366 513
38645 513
212691 513
206812 513
228897 513
4856 513
43485 512
31441 512
7874 512
169367 512
160886 512
68318 512
48898 512
32636 512
74294 512
46143 512
35284 512
29776 512
31438 512
49632 512
178873 512
20098 512
65352 511
88850 511
27248 511
73104 511
26435 511
211388 511
169056 511
47585 511
75212 511
209490 511
6253 511
67714 511
48881 511
3815 511
32791 511
35872 511
1403 511
42331 511
43487 511
93137 511
49597 511
74426 511
78244 511
21492 511
23549 511
185876 511
43595 511
27873 511
86528 511
55501 511
20341 511
80747 511
19659 511
44034 511
53723 511
44687 511
30816 511
199430 511
28290 510
54986 510
73235 510
71934 510
8325 510
224675 510
65752 510
24445 510
20596 510
35109 510
12165 510
40755 510
163207 509
94041 509
20116 509
25826 509
63767 509
28243 509
33401 509
65777 509
17444 509
81288 509
244146 509
33604 509
18721 509
22384 509
16538 509
19698 509
21927 509
26740 509
28031 509
28733 509
30188 509
31002 509
34301 509
34416 509
38530 509
39980 509
41185 509
47686 509
48269 509
49399 509
49431 509
52489 509
53282 509
53378 509
53546 509
56162 509
58268 509
59636 509
59815 509
61402 509
61810 509
62574 509
62712 509
65132 509
65325 509
66570 509
67440 509
68224 509
71898 509
72173 509
72472 509
74437 509
75488 509
76675 509
76936 509
77697 509
79626 509
79717 509
79844 509
80375 509
81357 509
83000 509
84568 509
87459 509
87634 509
87754 509
89282 509
89714 509
91517 509
93948 509
174938 509
75109 509
68625 508
56307 508
2608 508
43468 508
95569 508
23432 508
39563 508
80560 508
63976 508
35309 508
13701 508
80083 508
94934 508
67981 508
88326 508
8527 508
49140 508
11628 508
12918 508
227978 508
22729 508
22973 508
39209 508
4146 508
86721 508
26261 508
60045 508
82558 508
91954 508
52870 508
38392 507
2711 507
35452 507
172135 507
22702 507
6274 507
12045 507
12886 507
15360 507
15512 507
17843 507
18347 507
20990 507
21243 507
23764 507
25413 507
28920 507
29415 507
30997 507
32381 507
32550 507
35812 507
36662 507
36909 507
38519 507
40119 507
40622 507
47453 507
52887 507
57711 507
60518 507
62185 507
64349 507
64635 507
65473 507
67850 507
72637 507
72731 507
74083 507
76081 507
78406 507
82717 507
89187 507
89370 507
89710 507
91212 507
94453 507
95114 507
17071 507
50151 507
70605 507
51379 507
33552 507
93886 507
63165 507
44479 507
54324 507
25076 507
36439 507
41565 507
54351 507
55208 507
57036 507
70984 507
75345 507
179249 507
84671 507
86094 506
7754 506
23731 506
18585 506
58880 506
26045 506
44062 506
21855 506
81165 506
16777 506
47459 506
88118 506
10805 506
9553 506
38143 506
82708 506
45382 506
28736 506
4976 506
23193 506
55319 506
27822 505
35432 505
56711 505
57067 505
75839 505
32291 505
51390 505
48624 505
54624 505
27620 505
41047 505
46738 505
76556 505
59854 505
208826 505
67755 505
205419 505
14221 505
90105 505
37442 505
61065 505
62657 505
63659 505
69886 505
73047 505
160058 505
227444 505
95705 504
59030 504
62971 504
64070 504
215063 504
73560 504
75065 504
210170 504
63256 504
18254 504
88105 504
25584 504
41567 504
9004 503
65274 503
9568 503
198096 503
67301 503
9814 503
29500 503
219615 503
22577 503
12284 503
58944 503
37023 503
53772 503
73324 503
9723 503
52152 503
31931 503
8669 503
30488 503
40764 503
75790 503
189804 503
207550 503
50412 503
88674 503
207298 503
83330 502
28430 502
229704 502
33352 502
26444 502
70060 502
83760 502
93129 502
37836 502
49243 502
92584 502
25518 502
62957 502
24160 502
218989 502
50454 502
57713 502
55190 502
40901 502
60967 502
197390 502
2863 502
59121 502
9796 502
27110 502
32269 502
46284 501
83628 501
32461 501
26338 501
44488 501
17686 501
4910 501
51784 501
78367 501
55076 501
10006 501
224957 501
43283 501
157478 501
89810 501
235833 501
171601 501
8309 501
31764 501
60601 501
81347 501
12614 501
201822 501
16683 501
57705 501
77633 501
30662 501
83390 501
76109 501
76990 501
27819 501
85959 501
92372 501
2928 500
201069 500
77553 500
52023 500
6623 500
70814 500
70942 500
74730 500
44336 500
5765 500
76885 500
71007 500
56200 500
94462 500
10769 500
10670 500
44721 500
43456 500
76466 500
59626 500
216175 500
86954 499
40545 499
61170 499
25008 499
233187 499
19147 499
34467 499
46339 499
69662 499
64132 499
18357 499
24094 499
37593 499
63593 499
58166 499
46813 499
42166 499
42642 499
19557 499
26044 499
35969 499
21133 499
47591 499
48496 499
54584 499
32412 498
53277 498
58794 498
78791 498
4640 498
19667 498
79120 498
51283 498
230811 498
7933 498
17590 498
59552 498
5424 498
82783 498
60819 498
70916 498
28663 498
3716 498
50572 497
54797 497
57749 497
21399 497
46806 497
21153 497
58660 497
8025 497
8651 497
11025 497
13112 497
16461 497
19384 497
19650 497
20046 497
20390 497
23758 497
25597 497
27194 497
28110 497
30498 497
30546 497
30635 497
31565 497
32971 497
34210 497
34952 497
35407 497
36025 497
37111 497
42615 497
43355 497
44297 497
45757 497
47862 497
50046 497
50330 497
52994 497
56029 497
58485 497
58759 497
60236 497
60317 497
62070 497
70770 497
71309 497
72998 497
76713 497
79885 497
82094 497
88753 497
88929 497
89541 497
89760 497
95224 497
96326 497
23937 497
179126 497
40716 497
172981 497
26389 497
58488 497
45513 497
90712 497
157161 497
11298 497
18381 497
18498 497
21149 497
71597 497
40891 497
11599 496
23613 496
27300 496
27339 496
28626 496
29639 496
33681 496
33724 496
37670 496
42994 496
45903 496
45981 496
46461 496
48381 496
52075 496
55749 496
57115 496
57451 496
58664 496
59997 496
61454 496
61931 496
65069 496
65984 496
67875 496
67924 496
70403 496
70538 496
70910 496
71993 496
72258 496
73030 496
73923 496
74388 496
74407 496
78555 496
78899 496
80430 496
80573 496
81846 496
85060 496
85526 496
86792 496
87195 496
89935 496
91808 496
94046 496
94094 496
94397 496
94741 496
166087 496
183017 496
41345 496
19703 496
65878 496
20239 496
40598 496
31543 496
47621 496
77147 496
16582 496
38768 496
44778 496
205404 496
45277 496
89689 496
68579 496
31000 496
58523 496
48825 496
33949 496
31456 496
87097 496
45742 495
67444 495
25379 495
14942 495
180522 495
67953 495
92911 495
74192 495
40609 495
41155 495
61674 495
87030 495
244676 495
23003 495
186554 495
19512 495
34574 495
86063 495
35930 495
85427 495
21410 495
29184 495
52392 495
57602 495
65693 495
78381 495
91112 495
94096 494
39973 494
70648 494
75919 494
216277 494
19426 494
33918 494
34292 494
38042 494
39259 494
46234 494
55027 494
68645 494
74820 494
79402 494
84098 494
213613 494
21199 494
25039 494
162282 494
66977 494
6692 494
53998 494
20854 494
17285 494
68289 494
17656 493
32419 493
24969 493
95252 493
20080 493
35766 493
40129 493
75764 493
93822 493
94073 493
180076 493
89892 493
40053 493
237001 493
25006 493
29596 493
50317 493
22706 493
63311 493
203380 493
42374 493
175548 493
156961 493
188444 493
92137 493
171161 493
10393 493
183484 493
56201 493
158148 493
21423 493
26889 493
35850 493
36382 493
38385 493
39676 493
50558 493
58704 493
67124 493
85804 493
87157 493
87748 493
93593 493
93828 492
14754 492
83868 492
44754 492
233376 492
87258 492
29486 492
29804 492
61382 492
75492 492
35619 492
69112 492
16165 492
19179 492
76947 492
15829 492
23750 492
25981 492
38671 492
88254 492
31699 491
183681 491
58087 491
93513 491
54341 491
82621 491
210239 491
20180 491
83149 491
30558 491
43746 491
188200 491
33679 491
36188 491
92200 491
40332 491
75038 491
9552 491
36295 491
199387 491
92692 491
57563 491
29594 491
67448 491
70887 491
35786 491
39149 491
50209 491
51922 491
59951 491
62910 491
21972 491
68154 490
14837 490
61005 490
45474 490
60545 490
27320 490
91839 490
35435 490
21497 490
40536 490
46407 490
62741 490
64440 490
66925 490
84145 490
52876 490
214056 490
37557 490
47633 490
67232 490
2698 490
63355 490
88960 490
40103 490
77821 489
79546 489
182238 489
43150 489
76412 489
51324 489
32158 489
24067 489
47433 489
54386 489
54239 489
82115 489
74196 489
206104 489
155793 489
44030 489
48455 489
70883 489
210623 489
16362 489
44960 489
85606 489
79149 489
37345 488
211627 488
39564 488
66988 488
27226 488
24267 488
35025 488
42076 488
35022 488
38632 488
41638 488
36774 488
32984 488
79718 488
69772 488
11170 488
94016 488
40040 488
78713 488
197935 488
29913 488
49367 488
55813 488
84552 488
39311 488
185624 488
87451 488
40926 487
61523 487
180183 487
201699 487
70342 487
40346 487
237126 487
48724 487
81425 487
92853 487
25387 487
9311 487
19879 487
79133 487
90098 487
1662 487
1464 487
5482 487
5740 487
13303 487
14308 487
14492 487
19218 487
19602 487
19676 487
21279 487
21641 487
22058 487
23137 487
23676 487
24360 487
25856 487
29527 487
30402 487
31256 487
31901 487
32802 487
33810 487
35399 487
35607 487
36371 487
42602 487
42857 487
45174 487
45371 487
53412 487
53754 487
54306 487
56399 487
61405 487
61726 487
65030 487
68948 487
72128 487
78840 487
84635 487
85977 487
94613 487
96123 487
188807 487
31297 487
67215 487
39970 487
58190 487
30989 487
229532 487
84076 487
15206 486
63653 486
58055 486
67008 486
80843 486
203481 486
6229 486
53969 486
67486 486
93480 486
93432 486
30065 486
51068 486
44828 486
5798 486
15139 486
48462 486
68487 486
190629 486
40343 486
59101 486
70434 486
25172 486
10438 486
245875 486
61276 486
55045 486
68327 486
65323 486
45156 485
17279 485
33669 485
34645 485
40107 485
91648 485
36935 485
47793 485
57151 485
46893 485
37488 485
14065 485
55311 485
7274 485
19394 485
46637 485
70062 485
94561 485
35779 485
30628 485
77770 485
87885 485
37428 485
43967 485
42748 484
70811 484
29941 484
190112 484
22155 484
23496 484
24934 484
25566 484
26746 484
29025 484
29455 484
32650 484
33248 484
35408 484
38868 484
43017 484
43251 484
45341 484
46266 484
46770 484
47006 484
47978 484
48584 484
51304 484
52202 484
52291 484
53317 484
54542 484
56656 484
56730 484
57400 484
57659 484
58565 484
58732 484
58839 484
58928 484
59296 484
60006 484
62970 484
65644 484
66067 484
66319 484
66370 484
67060 484
68134 484
70323 484
72187 484
72880 484
73702 484
74315 484
74431 484
74983 484
75423 484
75479 484
76161 484
76356 484
76633 484
81428 484
82430 484
82606 484
84629 484
85710 484
86958 484
88641 484
90407 484
90917 484
92478 484
94846 484
94869 484
224024 484
219345 484
182405 484
89389 484
33007 484
90070 484
70422 484
75414 484
66762 484
30918 484
47579 484
73376 484
22560 484
42065 484
201544 484
17192 483
76826 483
88554 483
43592 483
70771 483
78206 483
171990 483
39297 483
2753 483
183951 483
185011 483
26405 483
78535 483
17380 483
44877 483
73682 483
60598 483
6032 483
20061 483
8411 482
6800 482
72058 482
41929 482
13527 482
31883 482
39332 482
42411 482
45022 482
48559 482
62140 482
62887 482
75728 482
75963 482
84333 482
85378 482
4669 482
237344 482
38161 482
47090 482
48413 482
78565 482
88563 482
76717 482
4869 482
22356 482
29529 482
40675 482
49577 482
60479 482
68413 482
72081 482
86972 482
231969 482
21035 482
37336 482
44708 482
48978 482
41256 482
46808 482
57447 482
58455 481
25010 481
8248 481
27733 481
193946 481
4835 481
36793 481
192254 481
24791 481
94394 481
27150 481
17615 481
38345 481
68542 481
70152 481
82037 481
83767 481
86743 481
196669 481
221966 481
164289 481
40540 481
48421 481
24826 481
41703 481
28722 481
77420 481
83540 481
93527 481
31056 481
209188 481
41139 481
47506 481
68268 481
230856 481
15355 481
21342 481
49245 481
9618 481
45787 480
24263 480
37843 480
61440 480
63378 480
70561 480
80435 480
82529 480
94323 480
40677 480
19765 480
44232 480
30907 480
31629 480
18284 480
17731 480
17559 480
32260 480
56198 480
65022 480
68740 480
51554 480
18391 480
186423 480
35547 480
10096 479
42872 479
204491 479
43159 479
52830 479
25979 479
86287 479
171786 479
224318 479
17540 479
48692 479
54472 479
193699 479
59057 479
39450 479
7970 479
83197 479
52816 479
14418 479
26981 479
73095 479
231807 479
72539 479
9355 479
9951 479
29313 479
47646 479
48569 479
72094 479
74485 479
64311 479
74040 479
78705 478
41053 478
46229 478
214679 478
236791 478
54051 478
244249 478
29421 478
32913 478
49828 478
71627 478
75548 478
75892 478
93532 478
27945 478
19065 478
26772 478
81368 478
62027 478
87108 478
39198 478
3020 478
5654 478
50269 478
94266 478
15953 478
85699 478
92466 478
187652 478
31279 478
70705 478
6347 477
240955 477
84995 477
235668 477
13965 477
28221 477
37543 477
40016 477
49754 477
74879 477
210730 477
54714 477
87562 477
50617 477
202368 477
73697 477
49986 477
31117 477
52117 477
10361 477
3642 477
6814 477
9384 477
14587 477
14877 477
14997 477
19365 477
21569 477
21917 477
22066 477
23180 477
23387 477
23919 477
24226 477
25509 477
28676 477
29817 477
31430 477
32468 477
33193 477
35623 477
37892 477
38775 477
40337 477
40573 477
43215 477
43882 477
44397 477
46904 477
49882 477
51770 477
54775 477
56267 477
56453 477
56671 477
59583 477
60059 477
61076 477
65523 477
67929 477
69563 477
69945 477
70385 477
73770 477
74179 477
77324 477
78923 477
81841 477
82870 477
85262 477
85487 477
87150 477
89587 477
92962 477
96604 477
97120 477
109928 477
184645 477
16433 477
56627 477
57810 477
48323 476
7218 476
40193 476
45933 476
71328 476
21383 476
26561 476
24854 476
36138 476
53216 476
39193 476
22153 476
1087 476
30211 476
71717 476
38369 476
187543 476
52711 476
49192 476
46378 475
51308 475
1508 475
89290 475
63755 475
209410 475
94951 475
32383 475
78681 475
44656 475
16161 475
34457 475
39341 475
83224 475
93233 475
54238 475
86786 475
240215 475
84907 475
171432 475
77911 475
38073 475
70156 475
74304 475
27017 475
69242 475
23017 475
46931 475
63421 475
87887 475
36838 475
69634 475
190728 475
84658 474
1539 474
38831 474
20392 474
92743 474
54515 474
233581 474
38953 474
47676 474
19418 474
31146 474
51714 474
89480 474
39449 474
36592 474
52039 474
92857 474
34130 474
216780 474
16618 474
45186 474
41802 474
218373 473
66335 473
94914 473
206203 473
14914 473
21141 473
70270 473
61223 473
200288 473
15129 473
92728 473
33961 473
24536 473
54093 473
15960 473
11524 473
69515 473
47932 473
48070 473
194454 473
95366 473
184658 473
14184 473
40138 473
187099 473
57118 473
17962 472
202344 472
57444 472
13887 472
14019 472
24651 472
25297 472
30473 472
30711 472
30995 472
31613 472
32024 472
33891 472
34378 472
36623 472
39494 472
41313 472
41646 472
42104 472
42519 472
44189 472
48634 472
50262 472
50728 472
50987 472
51722 472
52413 472
52548 472
53862 472
54176 472
54361 472
54596 472
56492 472
57101 472
57912 472
58059 472
58648 472
59295 472
59381 472
59388 472
60170 472
63433 472
64282 472
64287 472
64320 472
66109 472
66139 472
66152 472
66746 472
69405 472
69666 472
70576 472
70607 472
71116 472
72810 472
73471 472
73853 472
74517 472
76265 472
76534 472
79288 472
79674 472
79704 472
82290 472
82787 472
83132 472
84750 472
85779 472
86672 472
87040 472
88523 472
88845 472
89325 472
90156 472
91366 472
92981 472
93114 472
212414 472
228749 472
29465 472
78443 472
51642 472
71406 472
34045 472
29149 472
48521 472
68266 472
27400 472
49558 472
47984 472
86989 472
16412 472
72652 471
37708 471
46150 471
55976 471
69368 471
179094 471
39758 471
9414 471
33085 471
76506 471
35023 471
8299 471
11790 471
33710 471
78933 471
39240 471
58293 471
187519 471
46043 471
48743 471
234916 471
176951 471
44716 471
61501 471
78020 471
195177 471
238835 470
18763 470
40551 470
46989 470
77176 470
205973 470
43345 470
55750 470
57700 470
60457 470
74700 470
78146 470
86191 470
63666 470
47548 470
43120 470
30210 470
14737 470
3987 470
18587 470
83238 470
61316 470
226468 470
70295 470
62810 470
13482 470
15869 470
21407 470
26541 470
28158 470
29606 470
33231 470
37751 470
44001 470
50158 470
50301 470
57928 470
62763 470
75647 470
57844 470
70457 470
22675 470
82511 470
41890 470
38022 469
52251 469
55497 469
235024 469
26117 469
28629 469
41584 469
211856 469
31055 469
33127 469
53122 469
71979 469
95313 469
232590 469
53304 469
37894 469
33296 469
61300 469
42498 469
50861 469
64164 469
36513 469
64343 469
77996 469
224452 469
70220 469
233531 469
19173 468
19190 468
30684 468
39761 468
43146 468
50792 468
51412 468
55691 468
13752 468
90946 468
84370 468
16973 468
31881 468
43695 468
47384 468
74554 468
94990 468
30980 468
228671 468
24772 468
91900 468
53683 468
71214 468
87476 468
34978 468
24936 468
76295 468
36677 468
197737 468
236877 468
64901 468
34924 468
50692 468
83551 468
188433 468
27055 468
37704 468
51516 468
23204 468
78811 468
15495 468
4915 468
82749 467
12392 467
21602 467
22492 467
28545 467
64008 467
70358 467
62041 467
44761 467
45478 467
46569 467
49695 467
83155 467
53082 467
40834 467
50639 467
17944 467
16422 467
32277 467
52233 467
66886 467
5180 467
5633 467
14696 467
15847 467
18485 467
19778 467
23119 467
23444 467
24604 467
24807 467
24870 467
26327 467
27829 467
28631 467
30371 467
32352 467
34002 467
34406 467
35550 467
35647 467
36422 467
36639 467
37014 467
37121 467
38000 467
41902 467
44595 467
46105 467
49124 467
49349 467
49456 467
50410 467
50507 467
50904 467
53260 467
54058 467
59922 467
64951 467
66615 467
75918 467
78490 467
79372 467
79636 467
80932 467
81654 467
88770 467
90394 467
91355 467
35915 466
59654 466
79684 466
38231 466
59555 466
29457 466
38798 466
75125 466
44289 466
46161 466
25805 466
61309 466
231980 466
52848 466
79859 466
233384 466
93342 466
63504 466
43518 466
79073 466
84828 466
14325 466
195711 466
63536 466
30084 466
92047 466
10245 466
22975 466
74558 465
157299 465
65125 465
37688 465
65787 465
30939 465
87164 465
67446 465
86725 465
246590 465
21159 465
75142 465
67026 465
10369 465
27926 465
18491 465
19804 465
68991 465
201036 465
234078 465
33640 465
56584 465
28062 465
42261 465
41743 465
57186 464
43935 464
36102 464
37516 464
45887 464
18882 464
42178 464
213414 464
2514 464
72064 464
40569 464
25244 464
36079 464
89705 464
58236 464
188553 463
48686 463
70454 463
29243 463
82159 463
245527 463
91861 463
3344 463
79259 463
38309 463
210722 463
40749 463
62649 463
66434 463
93559 463
58747 463
43294 463
25897 463
50509 463
45086 463
92666 463
244769 463
29801 463
80360 463
28628 463
19922 463
27324 462
208835 462
35362 462
154237 462
205443 462
23403 462
28730 462
36346 462
49445 462
40918 462
52167 462
56031 462
238616 462
65659 462
61902 462
94607 462
54504 462
45686 462
83441 462
49016 462
80879 462
17381 462
91009 461
172605 461
14679 461
87840 461
58532 461
10449 461
222329 461
35032 461
43376 461
160857 461
234860 461
34752 461
73815 461
54339 461
36095 461
95166 461
242703 461
7058 461
49563 461
73045 461
5710 461
45652 461
75497 461
195261 461
86745 461
10740 461
53187 461
12566 461
3537 461
33029 461
210371 461
16900 461
42532 460
72204 460
87539 460
21334 460
88285 460
16707 460
24222 460
36629 460
45392 460
55363 460
9718 460
21289 460
23050 460
24576 460
25672 460
28176 460
29300 460
29659 460
29698 460
35932 460
36313 460
36462 460
42734 460
42948 460
43170 460
43434 460
44499 460
46921 460
47504 460
47744 460
48144 460
50630 460
50918 460
51700 460
52964 460
54119 460
54705 460
55042 460
55499 460
57030 460
58765 460
59736 460
60223 460
61998 460
62978 460
64607 460
68213 460
68261 460
70614 460
71055 460
71419 460
72721 460
73823 460
73826 460
76569 460
76605 460
77797 460
78117 460
78250 460
80258 460
81299 460
81326 460
84537 460
84603 460
86131 460
86807 460
88520 460
88739 460
89151 460
89532 460
91011 460
92825 460
94075 460
94972 460
95401 460
198870 460
45995 460
70664 460
18949 460
30321 460
67038 460
175662 460
29368 460
34900 460
60112 460
65575 460
72451 460
93221 460
190149 460
240886 460
15539 460
545 460
75561 460
49886 460
68125 459
13897 459
38416 459
36308 459
66834 459
172561 459
10308 459
63952 459
19536 459
72170 459
86791 459
70027 459
76423 459
88953 459
22308 459
3416 459
59724 458
89691 458
11593 458
215413 458
199943 458
5023 458
17717 458
21828 458
37961 458
39552 458
54032 458
61921 458
66440 458
92869 458
7373 458
34218 458
36427 458
43247 458
52713 458
62086 458
77789 458
68814 458
177289 458
80534 458
89954 458
205172 458
228820 458
75290 458
5034 458
53083 458
57934 458
88153 458
78674 458
84313 458
67748 458
81705 458
46710 458
217403 458
26905 457
23561 457
63483 457
69504 457
11844 457
30709 457
36424 457
75920 457
11084 457
78749 457
84364 457
64182 457
185366 457
77757 457
23217 457
60152 457
65819 457
67309 457
71479 457
80518 457
93116 457
235896 457
236649 457
14920 457
41904 457
207678 457
69413 457
25959 457
77253 457
79736 457
241076 457
73802 457
86780 457
39801 457
88986 457
44764 457
57277 457
75522 457
222945 457
77600 457
27817 457
75626 457
235877 456
66926 456
11809 456
75512 456
65892 456
8895 456
10433 456
11611 456
15423 456
16397 456
18743 456
19028 456
21852 456
23491 456
25487 456
26242 456
31572 456
32282 456
34380 456
34392 456
35036 456
35692 456
36906 456
37109 456
37267 456
38324 456
38946 456
39089 456
40085 456
46728 456
48932 456
49121 456
50445 456
51729 456
53861 456
54440 456
55170 456
56649 456
57178 456
57267 456
57550 456
57845 456
58142 456
58780 456
61108 456
61928 456
64818 456
65590 456
66402 456
69039 456
69308 456
69980 456
77101 456
79024 456
87075 456
91609 456
94091 456
94738 456
94968 456
95080 456
236161 456
47837 456
48588 456
38932 456
57156 456
58706 456
64708 456
75874 456
226665 456
164022 456
25914 456
17184 456
39662 456
67142 456
95547 456
39007 456
17801 456
47325 456
50520 456
72906 456
60304 456
216184 456
44201 456
80201 456
184849 456
26634 456
46499 456
211323 455
237494 455
172555 455
23368 455
37147 455
56919 455
197978 455
4488 455
42943 455
67290 455
37033 455
44149 455
75208 455
81838 455
47116 455
18954 455
226669 455
82661 455
38535 455
49150 455
57105 455
67288 455
70256 455
91154 455
24523 455
8951 455
69942 455
36980 455
18289 454
30760 454
26107 454
15481 454
26912 454
37695 454
55851 454
82323 454
35028 454
4724 454
20361 454
70665 454
22319 454
95324 454
78193 454
87576 454
94573 454
28979 454
62837 454
40374 454
67102 454
70453 454
34051 454
59178 454
82822 454
161076 454
40039 453
47979 453
81513 453
236297 453
20314 453
38205 453
71495 453
22107 453
75353 453
80506 453
60217 453
19055 453
48821 453
93884 453
52223 453
51005 453
8126 453
172153 453
51785 453
92926 453
70018 453
176061 453
39821 453
17324 453
76758 453
91746 453
31973 453
40258 453
88666 453
77061 453
36633 453
13582 452
85416 452
32801 452
62795 452
29221 452
53014 452
73220 452
15105 452
27935 452
27025 452
207321 452
49624 452
50606 452
63307 452
239020 452
37525 452
32673 452
30018 452
58160 451
42637 451
6240 451
86795 451
189123 451
45697 451
204328 451
28756 451
53483 451
57879 451
198075 451
27940 451
41031 451
206525 451
4817 451
55320 451
39503 451
59450 451
64709 451
165847 451
55804 451
14968 451
54392 451
33973 451
40127 450
46679 450
166326 450
47763 450
20622 450
50180 450
71608 450
74001 450
41101 450
237557 450
206347 450
163050 450
149686 450
161340 450
190731 450
94306 450
16214 450
23486 450
46099 449
20290 449
46991 449
23847 449
225907 449
50333 449
43640 449
49548 449
85821 448
60494 448
32305 448
61809 448
47538 448
12112 448
46529 448
76046 448
79383 448
2443 448
21908 448
28625 448
37529 448
65861 448
8477 448
24307 448
29469 448
32042 448
33626 448
35123 448
35639 448
36812 448
38199 448
41674 448
42018 448
42269 448
44489 448
46033 448
46051 448
48903 448
50600 448
52811 448
54933 448
55475 448
56055 448
56929 448
57579 448
58398 448
61445 448
61502 448
62120 448
62121 448
62611 448
62923 448
63840 448
66146 448
69200 448
71431 448
72474 448
72560 448
73090 448
73564 448
75660 448
76250 448
76822 448
77574 448
80183 448
81282 448
82056 448
82481 448
83014 448
84442 448
84534 448
88380 448
90580 448
92004 448
92969 448
218800 448
87301 448
65202 448
35346 448
24004 448
24921 448
29454 448
5664 448
19288 447
82488 447
239811 447
92025 447
7767 447
80486 447
173830 447
82201 447
39922 447
225389 447
45203 447
70653 447
82848 447
16274 447
39771 447
43250 447
49940 447
30661 447
50277 447
83957 447
6329 446
210126 446
188205 446
5594 446
8590 446
10367 446
12582 446
16590 446
19225 446
20691 446
23637 446
23722 446
28519 446
29182 446
29549 446
30036 446
32227 446
32939 446
33098 446
35308 446
37534 446
40516 446
41793 446
43473 446
46408 446
47760 446
48025 446
52974 446
55984 446
60050 446
66649 446
67747 446
68502 446
72213 446
72754 446
72838 446
72964 446
74075 446
75829 446
76365 446
77440 446
79584 446
80452 446
85106 446
87519 446
88055 446
88283 446
92852 446
93180 446
95110 446
99488 446
240647 446
94165 446
88064 446
13963 446
48293 446
11161 446
40968 446
55358 446
73394 446
90600 446
68897 446
61245 446
157648 446
21572 446
75604 446
80131 446
94787 446
27458 446
94471 446
58858 446
2811 446
33561 446
47980 446
26619 446
38643 446
44183 446
25352 446
42563 446
57611 446
60098 446
69248 446
71384 446
71525 446
74601 446
91541 446
200205 446
191707 445
19834 445
23163 445
36367 445
45771 445
63280 445
60585 445
55876 445
29026 445
56142 445
83146 445
36657 445
42461 445
56640 445
58712 445
74963 445
89192 445
39136 445
43786 445
9418 445
67467 445
73707 445
76206 445
52940 445
14415 445
78310 445
60271 445
86513 444
216577 444
20216 444
235671 444
218020 444
46438 444
80291 444
200826 444
81033 444
21619 444
94403 444
57147 444
52231 444
57804 444
61249 444
64963 444
73681 444
25052 444
62132 444
87420 444
57108 444
88505 444
64616 444
165911 444
179772 444
24574 444
23884 444
2269 444
31309 444
38586 444
27486 444
192771 444
62643 444
7636 444
44023 443
42618 443
55116 443
12488 443
198722 443
67240 443
85130 443
60876 443
17217 443
30607 443
37445 443
50452 443
26660 443
33206 443
64198 443
38081 443
17088 443
17247 443
60347 443
68941 443
69273 443
41497 443
21248 443
52464 443
62274 443
66651 443
74740 443
173499 443
29159 443
229660 443
60707 443
65813 443
23855 442
49970 442
55227 442
34745 442
81618 442
14816 442
11279 442
221265 442
27373 442
46086 442
208643 442
69906 442
26187 442
8051 442
24029 442
56273 442
88888 442
19579 442
88515 442
26488 441
42874 441
24833 441
61282 441
64360 441
228131 441
60955 441
91174 441
36908 441
182643 441
33275 441
85635 441
206385 441
8170 441
209651 441
9689 441
85286 441
192325 441
52077 441
174945 441
89051 441
236019 441
37487 441
68744 441
76269 441
63137 441
94838 441
50947 441
45738 441
32790 441
36253 441
64785 441
37302 441
4049 440
83331 440
57283 440
81249 440
85265 440
57391 440
84811 440
32161 440
25177 440
66833 440
71698 440
75211 440
90342 440
55624 440
14507 440
52063 440
34293 440
43204 440
94988 440
25780 440
43364 440
52190 440
83535 440
65588 440
34058 440
34661 440
42326 440
163845 440
31944 440
54434 440
84939 440
48661 440
83988 439
220799 439
61396 439
70859 439
92150 439
209897 439
25323 439
20960 439
7420 439
200911 439
72535 439
45240 439
160400 439
36647 439
15110 439
9131 439
14077 439
43269 439
50618 439
35728 439
58961 439
70855 439
82771 439
91523 439
199088 439
49600 439
86324 439
65800 438
82503 438
185248 438
23378 438
58642 438
46050 438
39175 438
84429 438
5277 438
20140 438
52155 438
70493 438
51453 438
7343 438
25078 438
64838 438
75419 438
71349 438
21548 438
12289 438
82792 438
225807 438
4354 438
19831 438
52453 437
55799 437
66663 437
47239 437
89543 437
176892 437
17233 437
20729 437
38644 437
59093 437
68103 437
212221 437
37424 437
39716 437
48382 437
38516 437
40097 437
42041 437
10591 437
91311 437
45270 437
94363 437
43460 437
68456 437
71633 437
30499 436
49902 436
20270 436
32317 436
10187 436
54488 436
22963 436
64517 436
857 436
6216 436
8655 436
11372 436
11674 436
11685 436
11761 436
16128 436
19398 436
19869 436
20184 436
20440 436
25118 436
25810 436
27352 436
28340 436
29931 436
30988 436
32429 436
33269 436
34120 436
34515 436
34620 436
35867 436
37152 436
38377 436
40093 436
40179 436
40468 436
40736 436
41651 436
44976 436
49928 436
52810 436
52893 436
53196 436
54929 436
57028 436
59944 436
64395 436
65257 436
65538 436
65941 436
70945 436
71252 436
72385 436
74442 436
74648 436
78118 436
79286 436
80608 436
82151 436
83236 436
85683 436
85925 436
88907 436
90166 436
90521 436
92658 436
92823 436
7175 436
22347 436
25567 436
27687 436
34684 436
37076 436
38826 436
39523 436
39894 436
40382 436
41360 436
42337 436
43515 436
45984 436
50215 436
51652 436
51782 436
52391 436
52402 436
54378 436
54438 436
57319 436
57406 436
58906 436
59932 436
60261 436
61203 436
62126 436
63332 436
64205 436
65212 436
66188 436
66902 436
67019 436
67652 436
70550 436
71538 436
72681 436
73685 436
75615 436
75913 436
76422 436
77443 436
78071 436
79916 436
84657 436
86515 436
86734 436
88546 436
90424 436
91294 436
93855 436
227613 436
68797 436
37001 436
6802 436
69489 436
44439 436
45482 436
84326 436
83022 436
84818 436
2661 436
33343 436
23531 435
58582 435
66832 435
80494 435
158740 435
9821 435
74038 435
94937 435
91616 435
79321 435
86399 435
34238 435
74827 435
46914 435
47567 435
60485 435
42759 435
84596 435
95467 435
85708 435
15996 435
2866 435
86726 435
58917 434
41232 434
21214 434
25320 434
10766 434
46867 434
60834 434
21269 434
31555 434
18461 434
12652 434
22186 434
25725 434
26969 434
38854 434
46947 434
53488 434
53783 434
59237 434
79744 434
85317 434
94616 434
154200 434
73832 434
63182 434
38862 434
179282 434
10706 434
55132 434
67356 434
86017 434
95164 434
33380 433
27047 433
49002 433
28687 433
46411 433
173676 433
6068 433
3973 433
56154 433
20287 433
73060 433
31971 433
30754 433
22564 433
37099 433
38262 433
38367 433
50280 433
50567 433
56107 433
69289 433
79826 433
160347 433
61250 433
2881 433
88429 433
58773 433
75530 433
45617 433
14752 432
58730 432
62318 432
69627 432
72602 432
51074 432
10282 432
17737 432
21798 432
83019 432
10857 432
61789 432
66155 432
71630 432
85584 432
14157 432
24166 432
24851 432
31752 432
43380 432
59018 432
78601 432
75447 431
39890 431
84911 431
155248 431
37856 431
57652 431
64726 431
65882 431
86132 431
44222 431
71825 431
31028 431
57223 431
69169 431
89655 430
30517 430
24901 430
51101 430
52199 430
28247 430
31760 430
33714 430
49331 430
36412 430
30386 430
46944 430
63259 430
77875 430
43740 430
10907 430
37954 430
225356 430
63736 430
49922 430
7422 430
8694 430
170074 430
92735 430
36372 430
44388 430
55866 430
68671 430
195146 430
66873 430
25075 430
39039 430
60140 430
81325 430
28990 429
26637 429
156342 429
4914 429
36679 429
83449 429
15958 429
29991 429
68880 429
68853 429
48374 429
192080 429
21268 429
37646 429
90559 428
30327 428
47764 428
85551 428
55152 428
60736 428
38386 428
12829 428
161272 428
22984 428
196856 428
53049 428
46389 428
37400 428
42102 428
208487 428
57524 428
194253 428
11536 428
22579 428
22956 428
31220 428
33696 428
47869 428
69184 428
162995 428
51527 428
60879 428
88281 428
29602 428
89263 428
10323 428
54375 428
60001 427
238945 427
3952 427
46255 427
18093 427
74813 427
61449 427
49017 427
50983 427
35520 427
67137 427
43899 427
23155 427
5966 427
42157 427
89024 427
14580 427
52744 427
47164 427
39542 427
92020 427
180467 426
157364 426
39842 426
19636 426
193288 426
32414 426
24892 426
71428 426
76702 426
90647 426
187559 426
57908 426
3227 426
3287 426
6732 426
7558 426
11458 426
11571 426
13149 426
14200 426
14303 426
15370 426
15973 426
16056 426
16671 426
21337 426
22534 426
27623 426
31302 426
33315 426
33516 426
33578 426
34716 426
34956 426
35099 426
37735 426
38006 426
42055 426
43983 426
46271 426
46713 426
47917 426
49501 426
49801 426
52642 426
53102 426
53851 426
54430 426
56438 426
56946 426
57833 426
58016 426
59049 426
65923 426
66470 426
69255 426
71617 426
75327 426
77043 426
77363 426
79037 426
80348 426
85525 426
86511 426
86804 426
89629 426
92090 426
93021 426
96902 426
48782 426
34985 426
2403 426
43019 426
22055 426
207085 426
52194 426
9199 426
75922 425
2063 425
17598 425
180218 425
20627 425
42258 425
72207 425
88526 425
42165 425
59514 425
35755 425
42290 425
90086 425
64341 425
66177 425
33024 425
44586 425
48188 424
163197 424
25245 424
220769 424
18434 424
83115 424
191567 424
5959 424
10794 424
21029 424
86809 424
84698 424
71324 424
78641 424
89279 424
33848 424
70848 424
34361 424
181879 424
16857 424
20208 424
23172 424
27531 424
28503 424
32347 424
33309 424
33334 424
33830 424
34044 424
34220 424
37781 424
38072 424
38592 424
38665 424
41809 424
41965 424
42604 424
42699 424
42842 424
42883 424
43978 424
44132 424
44579 424
47293 424
50376 424
51398 424
51474 424
53340 424
53685 424
54602 424
57519 424
57952 424
58025 424
58110 424
59814 424
61804 424
62229 424
62265 424
63379 424
65481 424
66566 424
66640 424
68233 424
68334 424
68522 424
68990 424
69748 424
69787 424
71823 424
72430 424
72745 424
75223 424
75885 424
77421 424
78295 424
79364 424
80302 424
80628 424
80675 424
84175 424
84519 424
84558 424
85284 424
86157 424
86918 424
87685 424
89211 424
90382 424
90821 424
94928 424
95316 424
95442 424
178198 424
194821 424
246647 424
6776 424
244477 424
81351 424
73176 424
46860 424
47512 424
58047 424
2360 424
34793 424
63815 424
217796 424
83044 424
29219 423
50609 423
67944 423
48638 423
71662 423
77781 423
76068 423
38360 423
54679 423
91135 423
65463 423
11825 423
186974 423
55478 423
56534 422
42767 422
19666 422
62432 422
80106 422
93587 422
57380 422
38648 422
13913 422
21578 422
22455 422
83262 422
234089 422
177164 422
26590 422
81702 422
21766 422
5596 422
25077 422
26667 422
29102 422
34687 422
35791 422
48406 422
50103 422
54433 422
56690 422
71126 422
77396 422
78184 422
83579 422
85853 422
189638 422
162808 422
230002 422
76455 422
10473 422
13199 422
33312 422
67200 422
37163 422
6748 422
54859 422
206357 422
40552 422
78275 422
186032 422
29218 421
45216 421
48716 421
61649 421
61896 421
70218 421
74396 421
77085 421
85214 421
76097 421
16409 421
37446 421
36984 421
12769 421
211810 421
54439 421
61002 421
89160 421
45783 421
164489 421
215159 421
41518 421
88454 421
225322 421
30218 421
10933 421
39645 421
55252 421
60961 421
65387 421
69234 421
69603 421
70136 421
79568 421
85930 421
87484 421
94905 421
226544 421
7656 421
43222 421
44091 421
36465 421
181404 421
42986 420
48702 420
58412 420
49941 420
75721 420
55131 420
64481 420
47701 420
20787 420
79990 420
2039 420
10611 420
13831 420
19826 420
26168 420
42450 420
57043 420
58282 420
66171 420
76604 420
81402 420
82892 420
11235 420
11695 420
17781 420
26278 420
23241 420
44602 420
48773 420
65452 420
80483 420
17227 420
34310 419
58115 419
58256 419
81204 419
202776 419
215976 419
192972 419
88182 419
50147 419
215440 419
91073 419
238642 419
2122 419
35506 419
37354 419
78404 419
177398 419
81487 419
72569 419
11701 419
29344 419
49369 419
52211 419
56495 419
58210 418
69322 418
225621 418
230236 418
243575 418
29793 418
161437 418
84140 418
22185 418
41691 418
68439 418
86174 418
66702 418
47669 418
17579 418
26415 418
16156 418
24610 418
57078 418
208654 418
39234 418
68008 418
69274 418
70042 418
74280 418
39264 418
200904 418
89950 418
13971 418
28700 418
29762 418
51893 418
63728 418
69842 418
70948 418
64316 418
18187 418
49933 418
76344 418
80637 418
85110 418
93639 418
168445 418
85432 418
190187 417
8594 417
9273 417
37980 417
20743 417
67622 417
54578 417
8747 417
9449 417
8567 417
27069 417
20871 417
14565 417
18828 417
57032 417
155029 417
41407 417
55620 417
64985 417
16212 417
46293 417
73596 417
4015 417
84097 417
25943 417
80189 417
51158 417
233530 417
25020 417
81269 417
58235 417
65007 417
42451 416
28833 416
64770 416
1738 416
26061 416
29447 416
2146 416
39754 416
61478 416
213056 416
27622 416
207379 416
241035 416
59243 416
74597 416
47140 416
67216 416
12648 416
17390 416
19102 416
20529 416
21714 416
24211 416
24567 416
26686 416
31467 416
32076 416
35569 416
36169 416
39267 416
40495 416
43049 416
43366 416
43889 416
45919 416
46307 416
46798 416
47540 416
47948 416
48265 416
48418 416
49365 416
49856 416
50138 416
50155 416
55373 416
56597 416
58470 416
59880 416
60179 416
61732 416
61818 416
62217 416
65278 416
65918 416
70809 416
70898 416
72636 416
73289 416
78837 416
80517 416
83327 416
85392 416
88090 416
89542 416
89676 416
90970 416
90975 416
93093 416
94160 416
47553 416
236577 416
63432 416
65983 416
55509 416
82013 416
16987 416
45306 415
46889 415
222458 415
24076 415
65886 415
43618 415
40712 415
67423 415
62932 415
186098 415
25028 415
44153 415
37693 415
16163 415
53475 415
94086 415
32435 415
38442 414
43881 414
45655 414
87131 414
91466 414
52979 414
25875 414
41287 414
54243 414
74992 414
77617 414
25271 414
71704 414
172880 414
31661 414
65694 414
44786 414
79983 414
75528 414
55897 414
37807 414
72370 414
75692 414
80791 414
186000 414
3786 414
19234 414
199960 414
21872 414
88573 414
53876 414
63955 414
28091 414
60060 414
88651 414
243740 414
11651 414
93643 413
33149 413
68697 413
221932 413
18061 413
202176 413
74224 413
17414 413
25304 413
81596 413
92649 413
63570 413
18431 413
85659 413
53536 413
36810 413
48166 413
86377 413
52361 413
36519 413
69685 413
174757 413
183074 413
13446 413
79280 413
69794 413
224316 413
8965 413
41542 413
244859 412
19830 412
84135 412
28563 412
41061 412
23721 412
39075 412
165037 412
172546 412
30745 412
48790 412
82593 412
51901 412
26081 412
191145 412
52293 412
170204 412
17681 412
35739 412
9166 412
22944 412
23229 412
28869 412
29270 412
29345 412
31757 412
31856 412
32353 412
32613 412
33948 412
34189 412
36001 412
36045 412
39687 412
40465 412
40780 412
41461 412
42432 412
44241 412
44252 412
44648 412
44873 412
45378 412
46410 412
48429 412
48786 412
49226 412
50515 412
51286 412
51544 412
52008 412
53484 412
55071 412
55210 412
55834 412
56641 412
57578 412
58656 412
58691 412
60041 412
60138 412
60218 412
60292 412
61539 412
61819 412
62614 412
64301 412
64387 412
65174 412
65482 412
67671 412
68770 412
68833 412
69053 412
69963 412
70645 412
71016 412
71788 412
73177 412
73348 412
74925 412
76172 412
76981 412
77208 412
77522 412
78415 412
79240 412
79265 412
80164 412
80863 412
83492 412
84287 412
84675 412
85166 412
85283 412
85741 412
85798 412
85963 412
86066 412
88067 412
88371 412
88801 412
88862 412
89408 412
95027 412
95253 412
16558 412
70514 412
14412 412
65883 412
23601 412
50654 412
16846 412
168052 411
13377 411
39478 411
59090 411
14711 411
39346 411
59187 411
6346 411
18510 411
227489 411
4136 411
12911 411
17158 411
32011 411
89562 411
34379 411
61545 411
52670 411
57021 411
188020 411
215812 411
31858 411
17589 411
219822 411
33559 411
29230 411
75570 410
60018 410
60190 410
36921 410
48329 410
21352 410
61806 410
2988 410
82364 410
34779 410
39294 410
22910 410
35489 410
51433 410
62284 410
12308 410
31756 410
36330 410
50028 410
53650 410
54013 410
61563 410
62631 410
70202 410
77708 410
83660 410
83908 410
84312 410
88681 410
89375 410
90824 410
91380 410
95064 410
44421 410
17174 410
43853 410
44396 410
46311 410
16802 409
197055 409
24915 409
95559 409
11381 409
40685 409
45034 409
47791 409
52727 409
56886 409
62476 409
62790 409
64262 409
67476 409
68721 409
81722 409
90434 409
81467 409
47559 409
57953 409
71586 409
35955 409
207404 409
73755 409
176862 409
25803 409
239980 409
38060 409
205838 409
62194 409
83915 409
21804 409
65606 409
30442 409
31376 409
55575 409
58904 409
60507 409
67181 409
77098 409
80282 409
83769 409
86223 409
88492 409
90327 409
92886 409
92994 409
94505 409
63005 409
71253 409
19376 409
168845 408
72037 408
74540 408
71108 408
6410 408
210111 408
88481 408
8592 408
31702 408
74244 408
75264 408
236513 408
241411 408
32609 408
68808 408
6910 408
65734 408
95549 408
160646 408
87838 408
55601 408
26248 408
35250 408
40779 408
48039 408
50231 408
59179 408
78486 408
205174 408
172960 408
52943 408
187746 408
22783 408
32546 408
89848 408
16407 407
90154 407
30001 407
5739 407
26144 407
6227 407
20414 407
25545 407
42709 407
79699 407
90707 407
87516 407
16535 407
11518 407
14798 407
53672 407
22077 407
71493 407
72118 407
77174 407
72553 407
82083 407
174338 407
1416 407
8508 407
47661 407
58634 407
78479 407
58621 407
61041 407
12626 407
9725 407
39702 407
86691 407
49392 406
25675 406
33325 406
84871 406
91726 406
64861 406
18422 406
47734 406
49083 406
68245 406
207892 406
25651 406
69523 406
166305 406
65001 406
26347 406
187141 406
88455 406
177785 406
7876 406
10089 406
10394 406
12774 406
14286 406
14826 406
14907 406
16840 406
18638 406
20570 406
21956 406
23906 406
26150 406
26237 406
27850 406
27938 406
34625 406
34943 406
36254 406
36349 406
36483 406
37270 406
39540 406
39818 406
40310 406
41708 406
43668 406
47007 406
48897 406
50866 406
55457 406
59479 406
59567 406
60528 406
61816 406
62143 406
63319 406
64433 406
65052 406
65475 406
67745 406
68632 406
69226 406
76557 406
76616 406
76775 406
77031 406
77632 406
79809 406
84244 406
92278 406
94311 406
94979 406
54834 406
14744 405
20343 405
38444 405
53175 405
55088 405
61447 405
63716 405
73372 405
243730 405
41673 405
23144 405
29533 405
39212 405
13109 405
21528 405
33486 405
37361 405
8297 405
76784 405
21581 405
26843 405
37413 405
57555 405
94085 405
230123 405
33208 405
92436 405
27209 405
14906 405
54660 405
14021 405
25997 405
80699 405
75371 405
47061 405
94750 405
4951 404
17433 404
43884 404
87302 404
83489 404
86593 404
30735 404
77572 404
50903 404
93536 404
229346 404
48119 404
22698 404
77387 404
170800 404
2755 404
69569 404
82700 404
13845 404
57895 404
47352 404
68137 404
84620 404
34653 404
59887 404
47141 404
85007 404
44487 404
60800 404
3324 404
58884 404
18694 404
45898 404
71549 404
16961 404
55747 404
8012 403
12859 403
54971 403
64303 403
41414 403
81637 403
212858 403
171759 403
176454 403
208688 403
210314 403
245379 403
55284 403
54431 403
39056 403
40542 403
91093 403
91144 403
13935 403
22930 403
214531 403
12005 403
28802 403
34360 403
51001 403
62378 403
172251 403
177652 403
192465 403
40707 402
69017 402
184515 402
4296 402
55308 402
189202 402
54137 402
157972 402
235834 402
30034 402
201787 402
89219 402
8745 402
207520 402
20501 402
71207 402
150301 402
80875 402
180707 402
211385 402
190746 402
48483 402
64605 402
80806 402
32373 401
48971 401
86695 401
46726 401
63475 401
29597 401
16272 401
51209 401
173462 401
55313 401
43349 401
25876 401
44679 401
51059 401
84262 401
196092 401
167115 401
61933 401
87153 401
58446 401
53189 401
72808 401
66585 401
84746 401
62332 401
18636 401
53407 401
45421 401
158006 401
75395 401
19148 400
164447 400
32195 400
50081 400
232218 400
64944 400
30656 400
60840 400
74308 400
44831 400
47275 400
93971 400
37197 400
46162 400
33690 400
71442 400
17331 400
44025 400
30674 400
57918 400
26087 400
36468 400
75979 400
203748 400
245835 400
12915 400
39070 400
229703 400
200231 400
9160 400
11978 400
23301 400
23914 400
24450 400
26802 400
26997 400
29634 400
29772 400
30059 400
32348 400
32585 400
33166 400
34955 400
38348 400
40501 400
41285 400
41756 400
42778 400
42945 400
43119 400
45290 400
47674 400
48077 400
49060 400
50807 400
51163 400
51405 400
52425 400
52676 400
52916 400
53027 400
53507 400
55548 400
57114 400
58004 400
58221 400
62040 400
62258 400
62298 400
62753 400
63140 400
64072 400
64213 400
66114 400
66889 400
67740 400
68529 400
69253 400
69699 400
70370 400
70598 400
71348 400
72060 400
73139 400
74901 400
75086 400
76817 400
78024 400
80611 400
80649 400
82145 400
83001 400
83057 400
83174 400
83825 400
84488 400
84847 400
85814 400
86494 400
88972 400
89356 400
90248 400
90903 400
92654 400
94708 400
94898 400
95581 400
95685 400
189402 400
190296 400
195016 400
46363 400
25410 400
204382 400
37272 399
65194 399
63947 399
188586 399
22254 399
5513 399
37789 399
234268 399
67940 399
93583 399
6230 399
95376 399
10828 399
20958 399
27513 399
55447 399
192566 399
50669 399
168372 399
51558 399
24269 399
19832 399
53782 399
199189 398
14500 398
171489 398
11103 398
86185 398
201499 398
56391 398
58277 398
53095 398
42680 398
175726 398
210367 398
31970 398
76794 398
23008 398
208763 398
177005 398
16365 398
34010 398
36720 398
53940 398
65857 398
68342 398
76027 398
88427 398
92390 398
38880 398
32615 397
45750 397
46089 397
46657 397
51292 397
62043 397
82939 397
83719 397
32212 397
56450 397
86562 397
26073 397
224888 397
65993 397
177237 397
38795 397
69898 397
18083 397
25775 397
34351 397
38371 397
43369 397
56586 397
60353 397
85636 397
86935 397
215174 397
61329 397
227236 397
48992 397
54251 397
27102 397
48340 397
94595 397
90483 397
18630 397
27101 397
5420 397
59301 397
44128 397
163206 397
55925 397
174365 397
39358 397
60186 397
201266 397
1215 396
42927 396
50190 396
54631 396
54967 396
55235 396
65378 396
77926 396
37150 396
49964 396
50819 396
89134 396
66459 396
83293 396
8429 396
31502 396
31197 396
69695 396
56243 396
38009 396
42256 396
32853 396
35481 396
47526 396
71481 396
79659 396
185826 396
76827 396
183094 396
33293 396
45732 396
46437 396
46559 396
64495 396
83638 396
93299 396
74197 396
180271 396
3104 396
3863 396
5338 396
5558 396
6428 396
6787 396
8221 396
9438 396
10059 396
10067 396
12710 396
15831 396
16805 396
17212 396
17698 396
21571 396
22780 396
26206 396
29392 396
31677 396
32133 396
33424 396
34420 396
34915 396
40735 396
40894 396
42866 396
43173 396
43528 396
47063 396
47896 396
49474 396
53358 396
54174 396
54719 396
56376 396
59145 396
60599 396
61232 396
61450 396
62073 396
62247 396
62512 396
65268 396
65961 396
66074 396
67268 396
68267 396
69495 396
72473 396
73033 396
74430 396
75035 396
75706 396
76229 396
78090 396
78976 396
79547 396
81231 396
86598 396
87781 396
88138 396
93764 396
96089 396
99448 396
38383 396
229619 395
205878 395
81804 395
16103 395
22036 395
28283 395
89622 395
16323 395
18242 395
212636 395
38925 395
28120 395
45456 395
68469 395
77292 395
229888 395
35276 395
71095 395
36286 395
55637 395
240696 395
18650 395
34421 395
9248 395
44955 395
39579 395
78377 395
174714 395
169961 395
19108 395
23077 395
231416 395
25060 395
47739 394
62622 394
62987 394
76954 394
82180 394
94084 394
8504 394
50839 394
92421 394
161281 394
65309 394
58345 394
182150 394
27543 394
20369 394
56715 394
58900 394
79051 394
205788 394
68550 394
69505 394
42850 394
17383 394
22048 394
61551 394
75072 394
75587 394
18315 394
61750 394
18771 394
42146 394
82583 394
32359 393
214029 393
54097 393
49188 393
48845 393
35536 393
45662 393
54510 393
56624 393
58665 393
65896 393
72913 393
169675 393
55124 393
47500 393
70760 393
76721 393
37151 393
55305 393
20482 393
13127 393
212169 393
27401 393
83270 393
224611 393
74659 393
203430 393
65147 393
74636 393
51528 393
24644 393
207434 393
12241 393
76116 393
838 393
95711 392
65027 392
40973 392
60693 392
22945 392
234748 392
212635 392
231830 392
40861 392
27836 392
66814 392
8321 392
60862 392
53090 392
10715 392
31815 392
13906 392
50061 392
76762 392
41624 392
14753 392
37767 392
74982 392
30732 392
50416 392
78268 392
157044 392
17502 391
71556 391
75737 391
242203 391
82799 391
12242 391
17786 391
45247 391
72021 391
16524 391
56593 391
89077 391
218693 391
54008 391
29795 391
74424 391
78753 391
16403 391
39222 391
30525 391
14559 391
77562 391
29658 391
87269 391
42730 390
1706 390
17829 390
90352 390
43135 390
60213 390
78896 390
3617 390
47790 390
31488 390
51382 390
71065 390
87749 390
213867 390
32346 390
59317 390
18350 390
20415 390
70757 390
76624 390
76997 390
32573 390
39500 390
94890 390
63500 389
67487 389
17864 389
71813 389
41985 389
30370 389
94252 389
240335 389
95835 389
74670 389
90089 389
209951 389
30680 389
67985 389
27979 389
78306 389
40336 389
203311 388
61574 388
82092 388
87286 388
68507 388
32329 388
16933 388
66448 388
19367 388
77483 388
188955 388
13328 388
92834 388
234797 388
46217 388
46353 388
48440 388
50539 388
59098 388
59943 388
74882 388
35560 388
92477 388
17732 388
4789 388
57535 388
9837 388
22979 388
23405 388
24966 388
27391 388
27902 388
28423 388
30227 388
30389 388
32167 388
36288 388
37306 388
38896 388
40333 388
44853 388
46165 388
47345 388
47749 388
48140 388
49336 388
50906 388
51238 388
51924 388
51933 388
52308 388
52614 388
53575 388
54353 388
54862 388
55207 388
56348 388
56784 388
57885 388
58179 388
58562 388
58772 388
59154 388
59227 388
59282 388
59704 388
59768 388
60472 388
60999 388
61004 388
61505 388
63222 388
63816 388
63926 388
64120 388
64966 388
65028 388
67330 388
67385 388
69278 388
71047 388
71780 388
72555 388
73133 388
73273 388
74170 388
74965 388
75009 388
75857 388
76139 388
76211 388
76778 388
79640 388
79654 388
81753 388
81844 388
82131 388
83899 388
83976 388
84066 388
85966 388
86506 388
87255 388
87755 388
88472 388
88966 388
89050 388
90017 388
92905 388
93420 388
93495 388
93678 388
94238 388
94361 388
95233 388
154548 388
207088 388
43304 387
12883 387
16703 387
26653 387
29973 387
30153 387
32447 387
44375 387
51498 387
59177 387
75625 387
95199 387
70554 387
58484 387
72281 387
64870 387
52710 387
88271 387
37412 387
48810 387
44121 387
87598 387
172468 387
57624 387
75861 387
35794 387
54707 387
2727 387
206422 387
62469 387
245206 387
40012 387
6752 387
173935 386
39946 386
77218 386
25771 386
12273 386
68028 386
169450 386
22030 386
39580 386
56416 386
208665 386
31615 386
17168 386
18258 386
53953 386
235579 386
16605 386
222568 386
94381 386
39220 386
82711 386
205338 386
61443 386
30835 386
32651 386
16023 386
8971 386
15106 386
21284 386
23268 386
31385 386
34904 386
48765 386
48877 386
49479 386
50984 386
53343 386
56507 386
57765 386
57881 386
70072 386
77778 386
67734 385
31096 385
6305 385
10170 385
13279 385
13506 385
14261 385
14574 385
15233 385
15421 385
15864 385
17667 385
17768 385
17961 385
20190 385
20742 385
24848 385
25026 385
25199 385
25890 385
26297 385
26490 385
27792 385
28843 385
32154 385
32915 385
35018 385
35496 385
36608 385
38112 385
38922 385
39774 385
39835 385
43208 385
43727 385
44330 385
47920 385
49337 385
50043 385
50169 385
51621 385
53936 385
54138 385
54739 385
55502 385
55564 385
56217 385
57385 385
58828 385
58896 385
59362 385
60638 385
61095 385
67752 385
68053 385
71094 385
72409 385
73081 385
73361 385
79398 385
80785 385
82680 385
83142 385
83576 385
84925 385
85975 385
88637 385
95250 385
95667 385
103733 385
199281 385
42584 385
54555 385
72456 385
212122 385
25646 385
20014 385
192560 385
65254 385
53518 385
91199 385
35003 385
36862 385
37982 385
40300 385
43587 385
46017 385
50320 385
54593 385
61463 385
71033 385
74512 385
78953 385
87406 385
1645 385
5293 385
43245 385
63647 385
40619 385
64683 385
59869 385
67138 385
46805 385
19689 385
75477 385
204862 385
13589 385
43601 385
71373 385
181245 385
15229 385
95095 385
76425 385
197223 384
182527 384
220823 384
22310 384
57621 384
18333 384
36129 384
40908 384
47212 384
50590 384
61955 384
62761 384
76115 384
89949 384
91536 384
209834 384
54219 384
27702 384
48727 384
74086 384
76083 384
74735 384
81867 384
89102 384
66843 384
169898 384
214074 384
40802 384
6371 384
12580 384
29048 384
173398 384
163416 384
87533 384
182695 384
79263 384
62895 384
16723 384
28966 384
33335 384
45762 384
55872 384
61742 384
67132 384
74363 384
78212 384
40052 383
52706 383
87856 383
42832 383
21503 383
47901 383
57576 383
68019 383
72298 383
52018 383
19539 383
72470 383
32117 383
23843 383
52358 383
12206 383
16521 383
40062 383
43929 383
70950 383
85514 383
203378 382
10880 382
37192 382
49633 382
9601 382
232353 382
168977 382
73312 382
48645 382
164379 382
58800 382
25552 382
26881 382
6755 382
36530 382
53877 382
55534 382
186891 382
196646 382
25113 382
3509 382
13843 382
80425 382
85713 382
89179 382
47211 382
26611 382
33932 382
24512 381
80772 381
28276 381
42611 381
15359 381
173545 381
8723 381
11941 381
44286 381
62343 381
69108 381
209591 381
24874 381
73723 381
45864 381
17733 381
86456 381
56289 381
43761 381
18727 381
5528 381
69822 381
229632 381
242474 381
67360 381
30235 381
40698 381
73145 381
183501 380
38856 380
89596 380
192788 380
200455 380
19413 380
20775 380
63871 380
191259 380
32360 380
94783 380
37926 380
70599 380
210852 380
229523 380
25954 380
49673 380
91910 380
43733 380
73021 380
9479 380
20955 380
50934 380
77397 380
241326 380
14950 380
64994 380
183525 380
240497 380
228003 380
62870 380
18037 380
182141 380
45551 380
62141 380
32740 380
71222 380
76501 380
57835 380
92832 380
46835 379
70813 379
218313 379
243829 379
53437 379
46183 379
74653 379
177320 379
16518 379
22017 379
66522 379
83274 379
89171 379
37292 379
26687 379
215170 379
55565 379
56877 379
93188 379
219331 379
67546 379
86018 379
10791 379
241212 379
182648 379
95430 379
78795 379
163956 379
26304 379
21251 379
58219 379
72572 379
161480 379
28972 379
40393 379
18696 378
65584 378
87725 378
59949 378
84392 378
22259 378
3825 378
26874 378
35935 378
25340 378
18000 378
55034 378
55062 378
87384 378
26515 378
50359 378
66425 378
58300 378
45333 378
64618 378
70592 378
95552 378
22345 378
25192 378
30039 378
33363 378
41587 378
66515 378
88130 378
31947 378
55776 378
78423 378
82612 378
84415 378
212760 378
82715 378
26930 378
217632 378
39493 378
229166 377
185129 377
163836 377
91600 377
43798 377
71432 377
18179 377
41195 377
45056 377
62667 377
63906 377
7720 377
24853 377
86466 377
87073 377
2642 377
20279 377
6984 377
4328 377
204871 377
77267 377
4096 377
62748 377
23755 377
40964 377
20590 377
57339 377
83218 377
82679 377
32001 376
15817 376
35466 376
45714 376
56556 376
57937 376
66590 376
78766 376
86806 376
212293 376
57215 376
49512 376
81448 376
222410 376
80260 376
7364 376
22145 376
58170 376
72559 376
31864 376
41792 376
33730 376
35381 376
44893 376
61529 376
29515 376
49157 376
71677 376
230149 376
45228 375
7672 375
9604 375
22053 375
22874 375
24075 375
25363 375
26095 375
28228 375
28389 375
30700 375
31127 375
32700 375
33212 375
34895 375
35119 375
35723 375
36686 375
36845 375
41081 375
41692 375
42244 375
42599 375
43183 375
45911 375
46026 375
46042 375
46555 375
47527 375
50065 375
50316 375
50514 375
51715 375
52239 375
52285 375
52325 375
52398 375
52926 375
56177 375
57128 375
57382 375
58242 375
58443 375
58804 375
59508 375
60591 375
63131 375
69588 375
69604 375
69741 375
69879 375
70662 375
70774 375
73309 375
73592 375
73731 375
73757 375
74284 375
74887 375
75119 375
75277 375
76291 375
76837 375
77992 375
79518 375
79601 375
80690 375
81270 375
82198 375
83107 375
83240 375
84038 375
84617 375
84950 375
86155 375
87282 375
89468 375
90681 375
91700 375
92076 375
92399 375
92913 375
94003 375
94511 375
95178 375
95579 375
65358 375
77549 375
3306 375
11917 375
17156 375
18045 375
18359 375
19323 375
20393 375
21290 375
22234 375
22448 375
22942 375
24527 375
24965 375
25210 375
25386 375
26493 375
27360 375
27536 375
28778 375
30138 375
30401 375
33006 375
34116 375
35441 375
37597 375
37625 375
37642 375
40522 375
41086 375
41524 375
41771 375
45188 375
45905 375
48263 375
48784 375
50216 375
51266 375
52825 375
52841 375
55719 375
56214 375
57210 375
57262 375
58921 375
60312 375
60570 375
61946 375
61999 375
62285 375
66052 375
70238 375
70309 375
70629 375
74250 375
75714 375
76232 375
76387 375
77607 375
78901 375
81955 375
85501 375
86153 375
89523 375
90230 375
90687 375
92527 375
94350 375
99510 375
99541 375
110089 375
58851 375
80390 375
31224 375
40233 375
85310 375
242476 375
229021 375
49513 375
59812 375
67597 375
16696 375
37127 375
53221 375
77326 375
95109 375
45754 375
71203 375
87809 375
49449 375
44123 375
206923 375
11949 375
35511 375
47631 375
52794 375
55815 375
66903 375
31847 375
80208 375
62030 375
175080 375
24393 375
16041 375
24781 375
54302 375
63032 375
40417 375
42254 374
83446 374
50425 374
48739 374
83421 374
48689 374
79575 374
23604 374
245513 374
199643 374
45182 374
18575 374
30345 374
85855 374
176053 374
15647 374
82054 374
91182 374
217563 374
32968 374
16995 374
4999 374
42807 374
75428 374
25097 374
78477 374
52341 374
94860 374
17018 374
29889 374
32881 374
73604 374
39847 374
22143 374
76148 374
65371 373
76645 373
238084 373
37922 373
42507 373
51548 373
66635 373
71486 373
88213 373
19144 373
59375 373
57259 373
40446 373
224994 373
160443 373
11254 373
57307 373
71282 373
76761 373
32084 373
66002 373
10768 373
201962 373
36510 373
41426 373
50281 373
52012 373
57335 373
59845 373
60847 373
67327 373
71441 373
72369 373
79289 373
81583 373
83086 373
85515 373
94005 373
234504 373
64315 373
179395 373
62980 373
73951 373
52055 373
18778 373
68194 373
70094 373
53976 373
69620 373
186691 373
30326 372
20040 372
45640 372
175858 372
12120 372
17453 372
40667 372
40999 372
47589 372
75948 372
82204 372
83125 372
84761 372
94706 372
172800 372
178013 372
42135 372
18171 372
75745 372
225487 372
41125 372
82699 372
82057 372
95469 372
84701 372
185049 372
29965 372
31394 372
66237 372
79014 372
68331 372
186946 372
32556 372
39849 372
35700 372
37337 372
67319 372
233286 372
11430 371
29172 371
32649 371
35468 371
53868 371
56892 371
70966 371
77459 371
82152 371
93046 371
81266 371
163439 371
32876 371
89147 371
15998 371
87511 371
211182 371
29367 371
25422 371
41955 371
43505 371
65824 371
46151 371
67501 371
28828 371
48536 371
71449 371
35516 371
57360 371
68306 371
77796 371
56473 371
79822 371
74064 370
64200 370
82035 370
185836 370
222017 370
18974 370
62401 370
71461 370
61295 370
39490 370
7957 370
17495 370
50083 370
208582 370
33555 370
72762 370
57271 370
34074 370
58135 370
18285 370
43581 370
78622 370
88408 370
201735 370
70724 370
64787 370
69503 370
76341 370
212161 370
67064 370
6893 369
40961 369
44598 369
65914 369
19734 369
8270 369
62796 369
15951 369
44561 369
48981 369
51060 369
52153 369
53922 369
77692 369
78853 369
85226 369
94280 369
32364 369
32873 369
35061 369
78747 369
9459 369
10385 369
75416 369
92135 369
8987 369
18655 369
26640 369
170653 369
30492 369
66233 369
71408 369
52657 369
92371 369
234346 369
35444 369
65790 369
55138 368
44749 368
64633 368
690 368
79998 368
26652 368
28835 368
65290 368
76011 368
229435 368
230237 368
95264 368
49388 368
18571 368
78150 368
93269 368
59042 368
60243 368
35094 368
80017 368
80737 368
63921 368
24275 368
8283 368
241675 368
3867 368
17309 368
27201 368
55377 368
82990 368
7134 367
30880 367
51507 367
168782 367
70647 367
84405 367
13144 367
47753 367
73216 367
19487 367
31499 367
203094 367
32416 367
57508 367
37990 367
64422 367
56917 367
36272 367
24661 367
71958 367
90205 367
39138 367
82713 367
11202 367
79676 367
211782 366
76408 366
78636 366
52624 366
71767 366
159880 366
30282 366
9015 366
216430 366
14937 366
39052 366
63457 366
163128 366
19187 366
29711 366
48008 366
51664 366
171908 366
82286 366
25127 366
25396 366
26332 366
61158 366
78190 366
79296 366
90255 366
91974 366
197076 366
237705 366
60895 366
16839 366
74970 366
24704 366
75931 366
188941 366
45752 366
68835 366
71503 366
93159 366
212440 366
87336 366
67684 366
59977 366
54622 366
57651 366
79703 366
171812 366
74916 365
213977 365
43110 365
38426 365
73930 365
10301 365
77033 365
53297 365
82811 365
94133 365
8326 365
10260 365
11270 365
13167 365
16428 365
21285 365
21308 365
24533 365
24732 365
26585 365
27214 365
27631 365
28454 365
29059 365
30710 365
33211 365
33642 365
34201 365
34323 365
34628 365
35183 365
36356 365
40539 365
40684 365
41750 365
44035 365
47857 365
49189 365
51333 365
51401 365
52166 365
53173 365
55246 365
55731 365
55772 365
55860 365
56550 365
58502 365
60984 365
61971 365
62719 365
63478 365
67913 365
69315 365
71814 365
72547 365
73331 365
76548 365
76946 365
78026 365
81592 365
82850 365
82852 365
84113 365
86811 365
88156 365
88452 365
88919 365
90694 365
92725 365
104653 365
86289 365
69144 365
70747 365
69195 365
11317 365
82506 365
91515 365
31389 365
3916 365
36527 365
81100 365
69788 365
49839 365
87757 365
10674 365
26558 365
76736 365
49567 364
80272 364
244524 364
77892 364
78198 364
49097 364
25124 364
43956 364
44738 364
81651 364
93376 364
47640 364
221292 364
79486 364
25576 364
87655 364
53589 364
1490 364
87852 364
16787 364
201811 364
8775 364
12796 364
39167 364
26681 364
43155 364
51070 364
219931 364
12959 364
164605 364
219398 364
28395 364
43835 364
52051 364
38082 364
57825 364
59993 364
61199 364
68559 364
44632 364
153061 364
37168 363
52902 363
1750 363
3540 363
18108 363
22936 363
25761 363
26001 363
28256 363
29231 363
30117 363
31393 363
32420 363
32752 363
35916 363
36007 363
37233 363
39445 363
39666 363
42089 363
42158 363
44871 363
46273 363
50044 363
50173 363
50334 363
51358 363
51985 363
52385 363
52394 363
52621 363
54059 363
54498 363
55127 363
55930 363
56566 363
57760 363
58392 363
58885 363
60136 363
61477 363
62938 363
63366 363
63413 363
63798 363
64136 363
64973 363
65933 363
66095 363
66634 363
66910 363
68174 363
68373 363
68642 363
71166 363
72723 363
73551 363
74031 363
74360 363
74566 363
75055 363
75679 363
75689 363
76299 363
76563 363
76592 363
77959 363
80087 363
80097 363
80122 363
80427 363
81132 363
81523 363
82937 363
83020 363
83319 363
83541 363
84063 363
84351 363
85293 363
85572 363
86029 363
86127 363
86423 363
89342 363
89517 363
90844 363
92292 363
93542 363
93565 363
94199 363
94296 363
94682 363
173392 363
180320 363
219136 363
224603 363
239692 363
39043 363
9621 363
29537 363
64688 363
47397 363
6188 363
53429 363
71193 363
71305 363
168092 363
15737 363
33773 363
54044 363
5695 363
65501 363
17471 363
29972 363
75971 363
181474 363
212430 363
75622 363
27865 363
68329 363
12231 363
50552 362
85967 362
59087 362
46563 362
178466 362
59714 362
84372 362
10283 362
37447 362
38702 362
40715 362
52622 362
219177 362
93227 362
52540 362
95475 362
14951 362
84134 362
167239 362
58176 362
91760 362
86294 362
234157 362
51853 362
41942 362
34600 362
91431 362
25092 362
31687 362
72622 362
20561 362
74878 362
73698 361
200337 361
13991 361
17204 361
29548 361
40748 361
60130 361
62269 361
74050 361
76195 361
85873 361
93974 361
45932 361
85183 361
81604 361
44162 361
203800 361
33018 361
32386 361
167080 361
2837 361
3550 361
11794 361
20946 361
25918 361
40711 361
17434 361
26950 361
28569 361
35774 361
57732 361
63512 361
65259 361
72651 361
91565 361
30200 361
211499 361
42534 361
62885 361
16195 361
79952 361
48143 361
62773 361
92785 361
66958 360
59886 360
25953 360
17416 360
28690 360
40761 360
47262 360
60542 360
60969 360
62530 360
62797 360
65209 360
80648 360
83266 360
84325 360
87156 360
88404 360
89123 360
187928 360
162609 360
32544 360
43454 360
33777 360
32334 360
93659 360
21161 360
16539 360
75000 360
41508 360
76838 360
52067 360
92332 359
15786 359
33951 359
34212 359
41423 359
43883 359
47015 359
53784 359
65116 359
65332 359
70387 359
23069 359
56166 359
48169 359
17635 359
27794 359
38269 359
62654 359
86771 359
15316 359
26409 359
28012 359
34909 359
62558 359
226404 359
66085 359
54045 359
25200 359
72907 359
48212 358
73512 358
76345 358
76938 358
14450 358
44414 358
36554 358
47223 358
53687 358
231153 358
59899 358
177519 358
13214 358
71602 358
85095 358
27223 358
20236 358
26205 358
45076 358
33063 358
6706 358
43672 358
64885 358
69547 358
32798 358
27188 358
16437 358
93253 358
228665 358
79480 357
82927 357
163830 357
90356 357
51010 357
80248 357
42097 357
13307 357
82398 357
45673 357
92226 357
243253 357
34928 357
57883 357
65127 357
71329 357
84358 357
86158 357
243668 357
4457 357
4648 357
36553 357
46602 357
55162 357
45362 357
34029 357
14088 357
47822 357
87502 357
21263 357
17016 357
87571 357
4187 357
88555 357
94302 357
11634 357
25563 356
23879 356
57595 356
64266 356
208986 356
64288 356
61778 356
157807 356
16011 356
40786 356
82419 356
92049 356
83985 356
18424 356
41297 356
63506 356
235673 356
220192 356
74715 356
15741 356
37148 356
91570 356
220728 356
30650 356
40951 356
54333 356
54003 356
150804 356
59692 356
32184 355
65300 355
20966 355
47072 355
77870 355
78675 355
63059 355
56255 355
166522 355
44635 355
52854 355
216422 355
50192 355
73720 355
24850 355
55953 355
10613 355
10699 355
11071 355
12146 355
12498 355
12725 355
13622 355
13638 355
13757 355
14119 355
16024 355
16158 355
20191 355
21454 355
23976 355
26182 355
28136 355
29327 355
30320 355
30719 355
30811 355
30841 355
32049 355
33057 355
33320 355
33324 355
36285 355
39038 355
39345 355
40555 355
43832 355
44592 355
45066 355
45684 355
45948 355
46870 355
47005 355
49893 355
54277 355
55046 355
57129 355
59007 355
59014 355
64894 355
67654 355
67724 355
70761 355
70821 355
71761 355
73019 355
73308 355
73911 355
75379 355
76358 355
76465 355
77082 355
79090 355
81661 355
81845 355
82943 355
82979 355
91145 355
94135 355
95305 355
207180 355
75332 355
75731 355
90273 355
240424 355
68982 355
225549 355
80697 355
42050 355
167108 355
213324 355
47906 355
241598 355
29906 355
58796 355
69595 355
70672 355
79298 355
79346 355
83874 355
23157 354
24571 354
31713 354
55849 354
58812 354
69812 354
84086 354
91392 354
241358 354
25203 354
26650 354
68777 354
31870 354
70128 354
50433 354
10820 354
25180 354
70196 354
78091 354
84126 354
87657 354
91419 354
41339 354
60546 354
27218 354
210659 354
78949 353
37136 353
39420 353
43745 353
70313 353
84890 353
89619 353
177987 353
11423 353
42452 353
30751 353
13537 353
55971 353
61692 353
171014 353
66953 353
53942 353
52089 353
59168 353
77961 353
86884 353
175967 353
242210 353
93178 353
91753 353
45039 353
242147 353
51083 353
35475 353
46270 353
51154 353
39982 353
60843 353
79900 353
163971 353
90536 353
157057 353
7133 352
67627 352
17526 352
86334 352
19553 352
159102 352
216189 352
212879 352
34703 352
65038 352
17464 352
54409 352
56378 352
94175 352
26323 352
52894 352
87750 352
40360 352
81522 352
38493 352
45848 352
57448 352
49122 352
35605 352
46366 352
48567 352
149837 352
39938 352
155672 352
61536 352
45904 352
238904 352
47806 352
69160 352
91535 352
18397 351
23583 351
32661 351
68866 351
90833 351
18523 351
45525 351
82907 351
233565 351
93252 351
7717 351
9916 351
20844 351
23659 351
24581 351
26152 351
29813 351
30933 351
33172 351
34813 351
37012 351
37259 351
40384 351
41388 351
44177 351
44692 351
44802 351
45952 351
47045 351
47565 351
48893 351
49229 351
52739 351
53209 351
54391 351
54462 351
55805 351
56843 351
59394 351
59745 351
59750 351
60356 351
61280 351
61330 351
64293 351
65238 351
66251 351
66441 351
66562 351
66895 351
67274 351
67370 351
67997 351
68836 351
69147 351
69536 351
70492 351
71105 351
72149 351
72176 351
72372 351
73017 351
73258 351
73933 351
74109 351
74910 351
76170 351
76242 351
76859 351
78408 351
79474 351
80251 351
81053 351
81196 351
81391 351
81416 351
82255 351
82297 351
83124 351
83456 351
84187 351
85355 351
85370 351
86267 351
87456 351
90135 351
91496 351
91698 351
91887 351
91956 351
92094 351
92199 351
92334 351
92876 351
94261 351
95536 351
156338 351
164010 351
200696 351
204804 351
229528 351
7582 351
79660 351
92572 351
3910 351
86650 351
26902 351
80440 351
53251 351
70447 351
73482 351
83580 351
95083 351
204955 351
210905 351
63034 351
27255 351
68527 351
27108 351
41528 351
184985 351
53180 351
64713 351
72033 351
236952 351
30424 350
40662 350
10160 350
7886 350
67258 350
83641 350
90729 350
186901 350
32344 350
33017 350
66484 350
206255 350
34147 350
86561 350
78603 350
87931 350
41926 350
43095 350
209311 350
5109 350
85257 350
47213 350
56738 350
48131 350
69237 350
12301 350
36605 350
21456 350
53970 349
86841 349
194873 349
182654 349
95013 349
11216 349
13949 349
29557 349
48738 349
57625 349
60428 349
64254 349
65964 349
74247 349
91091 349
91472 349
35921 349
70587 349
81878 349
29035 349
66431 349
38669 349
56369 349
90210 349
33426 349
69796 349
41038 349
75135 349
24049 349
25365 349
30319 349
32998 349
62262 349
67872 349
79204 349
92428 349
3800 349
4432 349
22337 349
46923 349
64442 349
66127 349
66342 349
74472 349
78748 349
83491 349
83665 349
87400 349
233396 349
46760 349
29826 349
76850 349
20351 349
87135 349
172617 349
41668 348
194120 348
14339 348
19237 348
62929 348
36068 348
76360 348
207515 348
37348 348
47914 348
17283 348
30894 348
36144 348
36156 348
38746 348
43092 348
47792 348
51911 348
56862 348
57399 348
64738 348
66128 348
74414 348
83303 348
206460 348
78669 348
182402 348
84724 348
158584 348
186831 348
57316 348
198759 348
41063 348
159130 348
72382 348
80071 348
51420 348
87489 348
91499 348
45071 348
64285 348
20650 347
93190 347
198747 347
33609 347
41484 347
90670 347
91169 347
91687 347
189541 347
165760 347
12738 347
23422 347
3862 347
224323 347
10628 347
55224 347
17145 347
32451 347
51953 347
59349 347
60003 347
78741 347
84050 347
85249 347
31195 347
43530 347
48635 347
48814 347
14844 347
2509 347
16823 346
209218 346
46810 346
74909 346
235082 346
34651 346
28900 346
68139 346
72319 346
74529 346
92511 346
160775 346
82597 346
60199 346
214987 346
84243 346
239080 346
68578 346
188163 346
76314 346
9280 346
76812 346
174510 346
33329 346
52990 346
68455 346
41405 346
63157 346
75583 346
164841 345
87312 345
88356 345
6842 345
30057 345
36993 345
46767 345
50031 345
74799 345
75177 345
79655 345
81621 345
27422 345
239575 345
39817 345
38010 345
241568 345
33444 345
237950 345
19574 345
26430 345
29347 345
38664 345
49032 345
55599 345
56960 345
63422 345
65084 345
73546 345
84753 345
87874 345
12019 345
5290 345
6812 345
11157 345
15507 345
16772 345
16956 345
17343 345
17355 345
17744 345
17841 345
20381 345
21160 345
21224 345
22095 345
22943 345
28889 345
29518 345
31168 345
31985 345
32619 345
33583 345
34970 345
35010 345
37700 345
38484 345
38604 345
41315 345
41751 345
41944 345
42601 345
43390 345
46216 345
46296 345
48809 345
48908 345
49846 345
50940 345
51480 345
52134 345
55682 345
56058 345
56134 345
60070 345
63057 345
63079 345
63391 345
63453 345
65229 345
66000 345
67607 345
68969 345
69485 345
69947 345
70807 345
77673 345
79461 345
79732 345
80107 345
80625 345
83501 345
83880 345
84664 345
84736 345
84935 345
85380 345
85750 345
87554 345
91140 345
93778 345
95865 345
99135 345
81796 345
86980 345
10889 345
36400 345
180735 345
36869 345
51877 345
2758 345
46138 345
88639 345
22573 344
4943 344
7847 344
33371 344
56634 344
27380 344
47627 344
48038 344
83878 344
46501 344
17317 344
61359 344
27759 344
184131 344
7447 344
33062 344
15198 344
23498 344
29115 344
39082 344
23045 344
69069 344
190895 344
54916 344
176187 344
5079 344
12716 344
43612 344
51997 344
24970 344
8180 344
88126 344
43260 343
52024 343
37657 343
71610 343
45183 343
51974 343
58715 343
62546 343
65137 343
72235 343
80711 343
18767 343
71645 343
70068 343
11869 343
230239 343
88828 343
218881 343
57649 343
10879 343
188828 343
73558 343
4340 343
35478 343
48057 343
63961 343
10510 342
57660 342
89477 342
27295 342
91711 342
154670 342
197152 342
84416 342
49604 342
60210 342
5205 342
48135 342
8879 342
29038 342
84702 342
39640 342
41978 342
94387 342
31119 342
35220 342
35380 342
53539 342
60447 342
77052 342
77686 342
78235 342
193271 342
214805 342
176677 342
78427 342
59760 342
70976 342
74317 342
34412 342
176357 342
31378 341
59152 341
20090 341
78379 341
92204 341
34527 341
54483 341
44752 341
27591 341
46544 341
161382 341
82052 341
55276 341
47034 341
5585 341
36212 341
53108 341
185362 341
153468 341
51746 341
4033 341
4889 341
11357 341
12071 341
45151 341
238133 341
46462 341
77401 340
26213 340
32553 340
77025 340
184580 340
33373 340
39582 340
85978 340
40278 340
215068 340
27997 340
148294 340
66753 340
6226 340
73228 340
206279 340
68995 340
95422 340
32601 340
62670 340
94137 340
195978 340
36883 340
39410 340
45041 340
57756 340
63567 340
83024 340
67220 340
23912 340
64185 340
91947 340
92349 340
42056 339
87103 339
59176 339
220492 339
34462 339
80367 339
44041 339
50581 339
192848 339
47874 339
209681 339
4529 339
16244 339
19282 339
24301 339
24759 339
26572 339
26697 339
28978 339
29898 339
31091 339
34699 339
35163 339
39236 339
39359 339
39671 339
39749 339
40525 339
43167 339
43544 339
44054 339
44630 339
45133 339
46231 339
46253 339
46509 339
47335 339
47596 339
47643 339
48098 339
48944 339
49779 339
49942 339
51185 339
53451 339
54892 339
55126 339
55591 339
55932 339
56848 339
57966 339
58307 339
59257 339
59918 339
60044 339
62156 339
62855 339
63200 339
64250 339
65304 339
65591 339
66595 339
66836 339
68372 339
68855 339
69479 339
70400 339
71893 339
72113 339
72876 339
75078 339
75476 339
75543 339
76087 339
76179 339
76830 339
77135 339
77328 339
77650 339
77704 339
79730 339
80077 339
80950 339
81027 339
81657 339
81728 339
81893 339
82589 339
82952 339
83426 339
83603 339
83713 339
83917 339
83918 339
84215 339
84523 339
85302 339
85927 339
86589 339
89207 339
89667 339
89833 339
89931 339
90214 339
90895 339
92051 339
93268 339
93732 339
94179 339
95006 339
200025 339
231166 339
232285 339
26002 339
48036 339
18279 339
24040 339
14916 339
180108 339
89540 339
24881 339
67789 339
78961 339
38699 339
176586 339
28105 339
30924 339
46189 339
64979 339
87170 339
87494 339
24403 339
85980 339
37391 339
43504 338
34156 338
59431 338
21296 338
178504 338
44665 338
73914 338
56871 338
19460 338
44079 338
62366 338
63738 338
75270 338
27497 338
213017 338
20975 338
64932 338
214857 338
48179 338
47375 338
57124 338
77078 338
14515 338
9349 338
58191 338
73658 338
2115 338
30521 338
43483 338
189310 338
8558 338
52228 338
7986 338
20222 338
154819 337
156724 337
69970 337
60893 337
36688 337
29237 337
35149 337
56512 337
36131 337
54891 337
67773 337
74862 337
76911 337
93637 337
47502 337
45862 337
165429 337
70723 337
75322 337
40756 337
74984 337
178288 337
42057 337
27225 337
222551 337
30354 337
31465 337
34393 337
42053 337
49977 337
59562 337
65493 337
68774 337
71945 337
79760 337
82344 337
244729 337
189979 337
10011 336
187585 336
36277 336
161201 336
55917 336
2655 336
51439 336
69013 336
206788 336
25353 336
47710 336
80015 336
221996 336
10541 336
26859 336
41665 336
50157 336
50901 336
59050 336
62005 336
64161 336
72145 336
83803 336
85072 336
88422 336
95655 336
184603 336
199090 336
240016 336
60831 336
16495 336
21382 336
221595 336
47162 336
51792 336
24438 336
65856 336
13456 336
66553 336
72412 336
91298 336
84049 336
36656 335
18464 335
69989 335
24861 335
69065 335
62857 335
82833 335
43252 335
88632 335
213640 335
215715 335
41557 335
46423 335
48347 335
50963 335
55838 335
56096 335
57985 335
67378 335
232644 335
19275 335
75144 335
23866 335
246131 335
16364 335
68863 335
48832 335
4827 335
65399 335
46903 335
29769 335
5085 335
12064 335
13118 335
13738 335
14285 335
15100 335
16726 335
17010 335
18250 335
18824 335
20326 335
20750 335
21737 335
23029 335
25747 335
25764 335
26501 335
28339 335
33192 335
34195 335
36166 335
38236 335
40197 335
41017 335
41377 335
42763 335
44441 335
44548 335
45361 335
46211 335
48579 335
48890 335
49649 335
51622 335
53119 335
53674 335
54471 335
58626 335
59446 335
60550 335
62737 335
63584 335
63974 335
67802 335
70795 335
71008 335
71741 335
72464 335
73058 335
73171 335
74441 335
74713 335
75855 335
76113 335
77305 335
78457 335
79478 335
79954 335
81757 335
85615 335
86004 335
87265 335
88379 335
89728 335
90074 335
92209 335
92720 335
93244 335
93430 335
93779 335
94433 335
94726 335
96335 335
96863 335
28402 335
30142 335
31085 335
92863 335
216136 335
54872 335
92098 334
16093 334
74049 334
10952 334
46530 334
53435 334
19790 334
20366 334
53174 334
54723 334
79538 334
223486 334
9544 334
13433 334
69075 334
70753 334
80659 334
60865 334
86833 334
65581 334
74804 334
49316 334
78557 334
82568 334
84862 334
44151 334
15478 334
39040 334
21647 334
27240 334
34144 334
59385 334
6940 334
32261 334
34211 333
28597 333
30903 333
45090 333
75763 333
34076 333
57325 333
22755 333
48220 333
42513 333
32911 333
35936 333
53845 333
54072 333
55667 333
55699 333
58230 333
61538 333
87979 333
54520 333
54758 333
45074 333
197683 333
46792 333
78164 333
59481 333
54860 333
58640 333
63762 333
71706 333
73230 333
87012 333
214351 333
55775 333
186846 333
201038 333
55221 333
87802 333
164137 333
82900 333
92044 333
49125 333
66070 333
5858 332
30852 332
93384 332
28153 332
74450 332
93900 332
204391 332
33421 332
58575 332
16872 332
227475 332
75137 332
30961 332
38619 332
74923 332
77886 332
245957 332
33028 332
4510 332
25527 332
22526 332
20189 332
80362 332
148971 332
187431 332
190850 332
199991 332
58999 332
14848 332
72413 332
163041 332
172219 332
10186 332
65901 332
55983 332
189200 332
58013 332
24736 332
35793 332
92887 332
17938 331
38997 331
31148 331
92760 331
49034 331
13921 331
29949 331
63977 331
58473 331
6594 331
73390 331
31240 331
90504 331
167164 331
18014 331
18182 331
40367 331
29598 331
229302 331
243444 331
168859 331
25543 330
33430 330
47808 330
43427 330
53481 330
201269 330
199119 330
236218 330
94476 330
45651 330
95418 330
55018 330
79657 330
26920 330
52934 330
5660 330
7228 330
21987 330
68371 330
76771 330
48342 330
65804 330
85881 330
7579 330
42459 330
47835 330
54991 330
57141 330
62889 330
88114 330
185020 330
45483 330
42525 330
215233 329
61248 329
77997 329
79418 329
237536 329
45300 329
10940 329
72182 329
72338 329
79880 329
81158 329
82745 329
72339 329
159159 329
185364 329
82732 329
23250 329
24744 329
30472 329
69111 329
74082 329
217640 329
67623 329
83059 329
88913 329
195107 329
246069 329
88712 329
42322 329
218010 329
5520 328
11987 328
35680 328
56445 328
16220 328
21185 328
226526 328
37808 328
20814 328
29778 328
45847 328
84339 328
40896 328
94039 328
60187 328
24879 328
33670 328
33665 328
35320 328
43780 328
36013 328
77375 328
167167 328
38078 328
66655 328
13494 328
8813 328
69857 328
230281 328
41855 328
11489 328
53959 328
21560 328
11111 328
32990 328
12794 328
88749 328
64621 327
24690 327
64859 327
35673 327
54582 327
39673 327
54686 327
72887 327
77742 327
73509 327
94623 327
35216 327
24231 327
73068 327
5973 327
10826 327
11468 327
22189 327
24378 327
24829 327
24882 327
25330 327
25473 327
27461 327
29363 327
31401 327
35357 327
36233 327
37933 327
39854 327
41363 327
42257 327
42791 327
42970 327
43257 327
44259 327
44367 327
44540 327
47016 327
48005 327
48367 327
48538 327
49499 327
50058 327
50565 327
51764 327
52142 327
52387 327
54664 327
56310 327
57087 327
57762 327
59523 327
60104 327
62273 327
63613 327
63758 327
64297 327
64396 327
65365 327
66031 327
66933 327
67118 327
67895 327
68002 327
68059 327
70211 327
70571 327
71256 327
71793 327
72127 327
72386 327
72401 327
73229 327
73238 327
73935 327
74563 327
75398 327
75743 327
75856 327
78504 327
79089 327
79283 327
79291 327
80682 327
80873 327
80962 327
81367 327
82104 327
82474 327
82682 327
84087 327
84438 327
85011 327
86291 327
86396 327
86692 327
86703 327
86718 327
86900 327
87590 327
87806 327
88941 327
89631 327
90744 327
91056 327
92387 327
92444 327
93081 327
93541 327
93582 327
93844 327
94416 327
94626 327
94935 327
95191 327
202117 327
230620 327
237511 327
2941 327
51495 327
20411 327
24636 327
31141 327
182776 327
11866 327
162285 327
31335 327
49041 327
198296 327
6083 326
12377 326
13667 326
16268 326
24467 326
29429 326
48064 326
51465 326
57815 326
58916 326
91037 326
18319 326
39587 326
169103 326
55154 326
10989 326
94533 326
42212 326
57905 326
188256 326
18439 326
20723 326
23417 326
40444 326
54132 326
81480 326
22878 326
11951 326
77752 326
235920 326
27328 326
13647 326
164362 326
27944 326
61696 326
16646 326
52973 326
71164 326
75305 326
84446 326
153736 326
206077 326
214340 326
207182 326
81770 326
45940 325
53098 325
84964 325
30475 325
43957 325
60055 325
208431 325
48781 325
93302 325
15150 325
62557 325
92552 325
24192 325
24657 325
31769 325
46286 325
48018 325
48346 325
62997 325
81610 325
82944 325
85692 325
89230 325
19076 325
57623 325
39155 325
12067 325
17402 325
14700 325
47415 325
38688 325
67686 325
15603 325
166802 325
2386 325
11959 325
12486 325
15718 325
17110 325
17542 325
19120 325
19258 325
23109 325
24010 325
25102 325
25474 325
27019 325
27135 325
27281 325
27821 325
30764 325
31723 325
32006 325
33210 325
33376 325
34055 325
34542 325
35395 325
36432 325
37124 325
40518 325
41098 325
41190 325
41451 325
41627 325
41878 325
42023 325
42068 325
42664 325
42683 325
42997 325
43295 325
45885 325
46169 325
46928 325
47933 325
48646 325
49015 325
49578 325
49930 325
51042 325
51688 325
51815 325
53087 325
58042 325
59012 325
60280 325
62138 325
62744 325
64425 325
65489 325
65762 325
67129 325
67646 325
68282 325
68912 325
73262 325
77249 325
78905 325
82095 325
84390 325
89327 325
91458 325
97149 325
100554 325
109120 325
111734 325
7357 325
20853 325
25194 325
39679 325
44234 325
48365 325
52686 325
56254 325
64271 325
65178 325
72993 325
73706 325
84806 325
237528 325
4239 324
24271 324
32963 324
16868 324
32002 324
26007 324
10568 324
79607 324
82648 324
199639 324
38141 324
40365 324
59418 324
77303 324
169553 324
81975 324
10594 324
15323 324
32507 324
34137 324
41328 324
42413 324
43665 324
46300 324
62687 324
66791 324
68021 324
70552 324
74422 324
86156 324
86696 324
86812 324
92970 324
159337 324
162074 324
170399 324
185061 324
210673 324
30160 324
173409 324
189164 324
85583 324
28794 324
63549 324
245587 324
41932 324
7001 324
59130 323
21187 323
51388 323
65186 323
153196 323
183353 323
27515 323
185757 323
44491 323
88094 323
20976 323
168709 323
167395 323
56316 323
11118 323
75941 323
161274 323
214117 323
46242 323
47778 323
48391 323
49318 323
55622 323
60894 323
78142 323
94195 323
26234 323
75633 323
214239 323
43848 323
57309 323
205384 323
52320 323
203089 323
195200 323
189260 323
88587 323
89478 323
243518 322
217533 322
23987 322
31625 322
92829 322
193542 322
46298 322
40500 322
27862 322
51038 322
59266 322
193197 322
76067 322
63982 322
210373 322
34290 322
27681 322
37052 322
59143 322
62408 322
72048 322
66633 322
53462 322
75044 322
61193 322
24252 322
66703 322
12696 321
240830 321
9961 321
34815 321
38278 321
60726 321
63064 321
69586 321
15391 321
22032 321
45253 321
68852 321
55432 321
93184 321
17516 321
34832 321
75741 321
90423 321
37654 321
59079 321
15547 321
52307 321
31186 321
35656 321
64249 321
71223 321
71235 321
79827 321
86049 321
90430 321
95546 321
221955 321
14282 321
159725 321
83247 320
26395 320
52036 320
75315 320
36733 320
42901 320
60648 320
52775 320
57423 320
92675 320
19257 320
75385 320
209017 320
172456 320
29414 320
75293 320
33297 320
48953 320
56301 320
64092 320
73364 320
74473 320
60552 320
52110 320
72940 320
24116 320
44140 320
48349 320
55445 320
79170 320
17401 320
29875 320
47718 320
229145 320
21645 320
22221 320
87264 320
185016 320
36680 320
48044 320
58930 320
78382 319
81833 319
83481 319
20533 319
87036 319
9026 319
15171 319
35199 319
15295 319
31016 319
52041 319
81292 319
87987 319
93902 319
51851 319
67678 319
242815 319
246488 319
233841 319
203330 319
52970 319
82733 319
221019 319
2855 319
25138 319
36112 319
86839 319
228173 319
18744 319
79565 319
27005 319
27638 318
65195 318
28272 318
222642 318
24178 318
44295 318
58578 318
47872 318
55029 318
56132 318
68147 318
88444 318
54557 318
88192 318
597 318
57298 318
36027 318
78576 318
18689 318
14495 318
16842 318
22586 318
215330 318
21792 318
28039 318
195564 318
11211 318
48957 318
180520 318
216438 318
70015 318
87342 318
34867 317
45169 317
26943 317
54741 317
67375 317
82363 317
236084 317
194535 317
23364 317
7416 317
54499 317
66334 317
82897 317
86262 317
148860 317
149991 317
64926 317
61488 317
173196 317
63274 317
174285 317
219085 317
70252 317
78568 317
27211 317
28205 317
10827 317
34431 317
83253 317
90829 317
230083 316
197245 316
20206 316
64835 316
72381 316
87432 316
23867 316
241435 316
48936 316
60480 316
200754 316
63938 316
36846 316
43508 316
32832 316
68414 316
36582 316
166351 316
14569 316
55727 316
71725 316
210759 316
45976 316
67263 315
56702 315
68304 315
76945 315
86235 315
71039 315
75399 315
21236 315
29840 315
23899 315
36442 315
40608 315
68042 315
227755 315
234300 315
10961 315
89911 315
231219 315
33573 315
87751 315
94343 315
163212 315
18104 315
52931 315
5017 315
12172 315
30991 315
32097 315
32418 315
33189 315
35923 315
36361 315
36894 315
38181 315
38288 315
38461 315
39831 315
39954 315
41274 315
42949 315
44604 315
45295 315
47078 315
47494 315
48079 315
49685 315
49744 315
50230 315
50548 315
52353 315
52479 315
53541 315
54244 315
54414 315
54591 315
55639 315
56181 315
56271 315
56551 315
56688 315
56698 315
56894 315
59033 315
59321 315
59518 315
60089 315
61010 315
61749 315
62136 315
62545 315
63072 315
63980 315
64106 315
64760 315
65128 315
65353 315
66357 315
66609 315
67966 315
68315 315
70828 315
71286 315
71488 315
71797 315
72912 315
73002 315
75039 315
75356 315
76873 315
77275 315
77720 315
78519 315
78524 315
78666 315
78828 315
79257 315
79748 315
80568 315
82045 315
83271 315
83539 315
83749 315
84851 315
85715 315
88390 315
88892 315
89577 315
89712 315
89829 315
90545 315
91603 315
92148 315
92626 315
93338 315
93664 315
94088 315
94339 315
94499 315
95115 315
95353 315
95557 315
201959 315
233786 315
52128 315
57431 315
74868 315
36126 315
82608 315
189892 315
22955 315
75473 315
66967 314
51175 314
92475 314
199342 314
245064 314
4865 314
6640 314
12166 314
13396 314
15928 314
16622 314
17451 314
18493 314
18747 314
19229 314
20531 314
21442 314
21481 314
22086 314
23087 314
23811 314
23818 314
24669 314
26628 314
27667 314
27755 314
28526 314
28652 314
29101 314
29866 314
30675 314
31943 314
32190 314
33011 314
33031 314
33161 314
34711 314
34828 314
34881 314
35073 314
37637 314
40852 314
42052 314
42557 314
42685 314
43809 314
45262 314
46107 314
46336 314
46347 314
47999 314
50154 314
50589 314
51417 314
52213 314
53159 314
53955 314
58183 314
61549 314
61637 314
62639 314
63243 314
63330 314
64990 314
65469 314
66362 314
66671 314
66882 314
67126 314
67464 314
70697 314
71320 314
71911 314
72597 314
74372 314
75249 314
75649 314
77235 314
80098 314
81615 314
84152 314
86389 314
88798 314
91250 314
94807 314
95070 314
95356 314
96875 314
98436 314
217158 314
17230 314
38396 314
24715 314
21547 314
32361 314
47704 314
66455 314
241007 314
38850 314
40476 314
38119 314
48518 314
20806 314
53586 314
57692 314
83761 314
53906 314
9036 314
27465 314
49380 314
91464 314
172792 314
183641 314
15968 314
26288 314
49133 314
7512 314
216841 314
21292 314
72054 314
85108 314
41764 313
80516 313
93133 313
31588 313
73822 313
70706 313
20932 313
11431 313
19030 313
19318 313
21947 313
45867 313
68253 313
69736 313
50038 313
50647 313
55153 313
40151 313
235597 313
88104 313
29116 313
222796 313
33820 313
47946 313
35254 313
46995 313
47146 313
50067 313
54770 313
56364 313
59384 313
61687 313
61700 313
63544 313
67438 313
69581 313
73797 313
78168 313
79583 313
83073 313
83780 313
88624 313
94528 313
27027 313
58716 313
34795 313
78588 313
23254 313
7347 313
196151 313
15067 313
234599 313
9925 312
162871 312
34145 312
22575 312
35039 312
13680 312
22751 312
30408 312
36555 312
42230 312
44104 312
48450 312
49240 312
52009 312
53768 312
55570 312
60971 312
63809 312
65677 312
66157 312
76547 312
78011 312
90000 312
91921 312
189406 312
45410 312
70726 312
24065 312
188822 312
75219 312
55692 312
61857 312
84974 312
92464 312
71279 312
11931 312
89301 312
62061 312
37251 312
49934 312
59314 312
222794 312
28292 312
7390 312
68742 312
14477 312
90836 312
44159 312
47318 312
53908 312
56326 312
57529 312
58246 312
62718 312
66502 312
67173 312
68352 312
72617 312
82305 312
82913 312
88695 312
185019 312
205936 312
17578 312
2024 312
76305 312
68978 312
162174 312
53504 311
2938 311
232177 311
38951 311
47720 311
71135 311
202986 311
166656 311
70486 311
86425 311
76776 311
94064 311
88838 311
93644 311
31176 311
3963 311
41138 311
47770 311
49634 311
55000 311
58188 311
71925 311
75252 311
93964 311
86507 311
182555 311
65187 311
24422 311
72948 311
78922 311
88388 311
87782 311
95681 311
171995 311
240138 311
23067 311
77971 310
15301 310
62488 310
82072 310
93152 310
89417 310
77000 310
95183 310
54993 310
26366 310
34680 310
165680 310
184308 310
95384 310
21825 310
6029 310
62743 310
26455 310
26842 310
38020 310
40344 310
43603 310
47412 310
54270 310
183585 310
185589 310
36634 310
30790 310
6254 310
55217 310
27216 310
158346 310
92225 310
209904 310
27870 310
47785 310
56508 310
80086 310
82382 310
181546 310
60882 309
64547 309
8109 309
78727 309
79281 309
61622 309
175671 309
33302 309
92824 309
196781 309
82353 309
46703 309
189558 309
36446 309
17711 309
39263 309
55649 309
59700 309
75661 309
80160 309
11083 309
24012 309
3948 309
44640 309
75201 309
79588 309
15471 309
9579 309
92469 309
181299 309
63564 309
81895 309
77511 309
84522 309
45455 308
42477 308
49423 308
56786 308
10527 308
63128 308
61785 308
74828 308
11940 308
26184 308
55267 308
58831 308
59144 308
70157 308
78397 308
86497 308
66009 308
211374 308
27357 308
52695 308
13856 308
57834 308
70735 308
63177 308
221535 308
52899 308
203684 308
87275 308
46949 308
214157 308
17619 308
39516 308
25851 308
39456 308
165399 308
56080 308
199758 308
23590 308
5278 308
50257 308
213900 307
33270 307
1437 307
26470 307
180756 307
64574 307
57416 307
25316 307
30915 307
77392 307
95405 307
171690 307
159480 307
62300 307
232144 307
26038 307
36414 307
44429 307
49340 307
59207 307
82634 307
54842 307
9274 307
45901 307
176219 307
77976 307
66094 307
32811 307
64045 307
27257 307
28705 307
194956 307
74637 307
238549 307
64330 307
87162 307
156216 306
21127 306
53643 306
76473 306
92023 306
22933 306
24500 306
27180 306
34555 306
42597 306
65909 306
75751 306
213982 306
20000 306
67219 306
199859 306
227743 306
37190 306
40089 306
6908 306
93789 306
8108 306
22926 306
14669 306
199807 306
52518 306
62017 306
4578 306
49169 306
19066 306
29808 306
56063 306
69779 306
91796 306
94371 306
60497 306
49187 306
78941 306
26576 306
54830 306
216890 305
63237 305
46517 305
13147 305
46192 305
50791 305
60826 305
67723 305
72057 305
90246 305
166197 305
31356 305
57297 305
61146 305
91469 305
74501 305
237585 305
21929 305
12752 305
64339 305
90123 305
42381 305
31007 305
53231 305
30886 305
85825 305
59424 305
46344 305
83730 305
220649 305
48023 305
81341 305
85841 305
231058 305
49996 305
234716 305
80126 305
52722 305
90400 305
14793 305
161848 305
42672 305
95692 305
73249 305
91306 305
77537 304
226537 304
49973 304
242745 304
2960 304
7279 304
8795 304
8867 304
12475 304
12660 304
14032 304
15386 304
15570 304
15993 304
16119 304
16271 304
16320 304
19115 304
21848 304
22410 304
23455 304
23830 304
24852 304
24878 304
25691 304
27346 304
28200 304
28490 304
29645 304
30659 304
30756 304
31285 304
31992 304
32276 304
32440 304
32475 304
35894 304
35914 304
36569 304
36828 304
36961 304
37691 304
37731 304
37882 304
38939 304
39309 304
39588 304
40481 304
41135 304
41267 304
43292 304
43502 304
44119 304
46277 304
50730 304
51187 304
54875 304
56455 304
56612 304
56613 304
56964 304
57475 304
61834 304
63281 304
63777 304
63822 304
63898 304
64016 304
64069 304
65902 304
66038 304
66240 304
67949 304
70312 304
71522 304
72105 304
73299 304
75503 304
75700 304
76002 304
77114 304
77245 304
77318 304
78450 304
79114 304
82646 304
87939 304
88198 304
88609 304
89018 304
89832 304
90212 304
91779 304
92460 304
92548 304
95707 304
97553 304
99516 304
172146 304
226613 304
17998 304
40835 304
17086 304
50693 304
17715 304
18667 304
39756 304
46075 304
47312 304
54192 304
79724 304
79987 304
87443 304
9091 304
22323 304
28054 304
32960 304
84681 304
87196 304
224013 304
245097 304
226444 304
6024 304
159406 303
49728 303
84668 303
28523 303
53031 303
37061 303
22835 303
87011 303
14301 303
58058 303
42556 303
78259 303
234105 303
58589 303
212336 303
91749 303
53760 303
39700 303
60526 303
60854 303
18370 303
23036 303
77439 303
79770 303
208811 303
44888 303
154483 303
217200 303
25753 303
63999 303
65948 303
73115 303
84486 303
77643 303
63047 303
66230 303
78967 303
1991 303
2214 303
2219 303
3737 303
7114 303
15599 303
18094 303
18316 303
20706 303
21385 303
22174 303
24234 303
24381 303
26581 303
28137 303
33997 303
35712 303
36092 303
37154 303
38292 303
39251 303
40251 303
40308 303
41001 303
41334 303
42014 303
42327 303
42891 303
43011 303
43378 303
43399 303
44822 303
45845 303
46346 303
47468 303
48861 303
50160 303
51668 303
52914 303
54147 303
54688 303
55262 303
55582 303
56488 303
58447 303
58662 303
58720 303
59631 303
59650 303
60755 303
60821 303
61207 303
61611 303
62084 303
62085 303
62504 303
62768 303
63531 303
65152 303
65441 303
65912 303
66476 303
66594 303
66986 303
66995 303
67197 303
67312 303
67604 303
67617 303
68375 303
68500 303
68730 303
68846 303
68952 303
69881 303
70006 303
70904 303
70912 303
72388 303
73652 303
74546 303
74722 303
75430 303
75459 303
76119 303
77376 303
77398 303
77699 303
77841 303
78096 303
79130 303
79317 303
79715 303
80065 303
80586 303
80877 303
80888 303
80941 303
81330 303
81946 303
82675 303
83745 303
83992 303
84830 303
85091 303
85443 303
85792 303
86298 303
86985 303
87994 303
89484 303
89485 303
89956 303
90474 303
90533 303
90912 303
91152 303
91310 303
91724 303
93580 303
94036 303
95426 303
95702 303
208890 303
10038 303
65782 303
35413 303
54200 303
35085 303
4731 303
56360 303
82763 303
88491 303
94174 303
36440 303
234091 303
160835 302
86851 302
86951 302
18814 302
23520 302
28231 302
44284 302
44436 302
75746 302
77466 302
79022 302
90861 302
92741 302
149112 302
220193 302
224925 302
235132 302
40983 302
56874 302
88473 302
72194 302
38333 302
73963 302
20004 302
15660 302
34991 302
67976 302
72613 302
22493 302
24617 302
186984 302
33238 302
167223 302
40314 302
87154 302
19440 302
61548 302
81567 302
83295 302
91326 302
73452 302
13532 302
238765 302
241475 302
21784 302
51403 302
67694 302
19185 302
35246 302
26267 302
16647 302
69374 302
88567 302
72179 301
72741 301
30691 301
91098 301
196208 301
202879 301
83499 301
162183 301
20892 301
60908 301
91271 301
44543 301
21895 301
36736 301
160235 301
25741 301
9851 301
42923 301
56059 301
83698 301
59233 301
73774 301
41936 301
235526 301
67491 301
92795 301
179508 301
178563 301
22015 301
85868 301
51325 301
67523 301
232436 301
56120 301
8629 301
21991 301
30598 301
34389 301
45425 301
45687 301
48544 301
48736 301
53274 301
55396 301
55490 301
65104 301
65199 301
68030 301
70905 301
71674 301
72122 301
72815 301
75259 301
79278 301
80052 301
80420 301
83076 301
85895 301
23382 301
83706 301
38405 301
162780 301
31361 301
209696 301
74926 300
82117 300
189468 300
26891 300
26910 300
27636 300
28508 300
42516 300
45494 300
50087 300
54855 300
57663 300
59313 300
61000 300
64888 300
69738 300
73306 300
74806 300
80299 300
82217 300
88070 300
89703 300
93219 300
224188 300
69696 300
39998 300
20688 300
17318 300
10559 300
38494 300
32569 300
85616 300
30187 300
82351 300
37747 300
206851 300
58920 300
76349 300
78441 300
94585 300
71728 300
74617 300
37093 300
91993 300
6390 300
29971 300
32034 300
33867 300
45683 300
50423 300
57567 300
62421 300
63705 300
70998 300
93068 300
94372 300
168723 300
206602 300
38886 300
243498 300
43311 300
83986 300
35225 300
37535 299
77893 299
26876 299
48397 299
85062 299
237244 299
19886 299
30904 299
32209 299
68934 299
223671 299
18618 299
44020 299
157849 299
165726 299
18528 299
167948 299
7985 299
33239 299
34774 299
39816 299
51199 299
53081 299
56833 299
73248 299
85562 299
88485 299
60671 299
27442 299
48766 298
39903 298
93590 298
86689 298
31386 298
34889 298
92751 298
6936 298
87986 298
244311 298
7528 298
40785 298
4095 298
53461 298
195164 298
4662 298
233910 298
31957 298
45258 298
60184 298
62374 298
63203 298
87158 298
93209 298
199391 298
244195 298
12493 298
22068 298
39507 298
73794 298
5463 298
53226 298
16903 298
46758 298
179773 298
5093 297
43902 297
89190 297
211199 297
29303 297
221591 297
48515 297
26648 297
63258 297
77599 297
78509 297
84088 297
91917 297
244532 297
27781 297
31008 297
66169 297
195176 297
65738 297
84801 297
48711 297
44613 297
204887 297
23675 297
50738 297
63449 297
93327 297
173958 297
242079 297
19731 297
47815 297
45760 297
75843 297
45667 297
81732 297
171530 297
2667 297
48683 297
59441 296
54753 296
58344 296
59836 296
68462 296
68761 296
72292 296
77105 296
86361 296
224284 296
225571 296
15038 296
94032 296
22519 296
86705 296
179614 296
21055 296
42077 296
4323 296
51458 296
11979 296
12380 296
24622 296
35157 296
46655 296
51322 296
60690 296
73875 296
94695 296
38071 296
75603 296
226997 296
42648 296
32923 296
3861 296
200187 296
74954 296
78402 296
198120 296
40307 296
45913 296
24318 296
69541 296
32045 296
81535 296
34267 296
22210 296
88793 296
187737 296
219755 296
34519 295
57735 295
42369 295
33607 295
71591 295
40905 295
5797 295
50245 295
31776 295
36218 295
36469 295
37860 295
45127 295
65230 295
5507 295
68229 295
205176 295
82875 295
65100 295
31994 295
222636 295
51268 295
52961 295
66613 295
46721 295
49305 295
49401 295
49913 295
54374 295
80832 295
50338 295
65780 295
56858 295
59672 295
236012 295
16959 295
25378 295
45677 295
52112 295
165628 295
42553 295
16552 294
89852 294
94031 294
86870 294
9927 294
23359 294
42590 294
5080 294
6367 294
7811 294
14007 294
15419 294
16005 294
16967 294
17121 294
17130 294
17794 294
17988 294
18070 294
19596 294
20519 294
20708 294
20811 294
21559 294
21812 294
23412 294
23508 294
23648 294
26084 294
27022 294
27933 294
28963 294
29665 294
29738 294
31180 294
31833 294
31942 294
32304 294
32657 294
33414 294
34500 294
34583 294
34757 294
37660 294
37880 294
38591 294
40730 294
41191 294
41760 294
43527 294
44094 294
44614 294
45208 294
45510 294
45639 294
47711 294
48168 294
48215 294
49259 294
50296 294
51249 294
51915 294
52032 294
55454 294
58698 294
58918 294
59802 294
61672 294
61712 294
63091 294
65119 294
65593 294
66583 294
66696 294
69350 294
69765 294
70267 294
72325 294
73313 294
74402 294
76008 294
76217 294
77771 294
78464 294
78542 294
80470 294
80981 294
82184 294
83617 294
86414 294
86840 294
89923 294
91740 294
92133 294
94554 294
22588 294
38204 294
63725 294
80436 294
29608 294
31301 294
33130 294
50893 294
53400 294
58370 294
69669 294
78082 294
88516 294
161213 294
162209 294
229248 294
13175 294
68534 294
49738 294
14651 294
33687 294
54616 294
75088 294
27492 294
31774 294
20303 294
31034 294
40002 294
42977 294
88858 294
89943 294
40312 294
43371 294
46104 294
77057 294
94690 294
179871 294
219299 294
229117 294
31226 294
32341 294
95516 294
224005 293
36149 293
10071 293
21465 293
39291 293
49179 293
25220 293
56146 293
57998 293
75533 293
95636 293
156013 293
233155 293
19191 293
21746 293
66826 293
76640 293
80439 293
15066 293
22085 293
48956 293
91888 293
219205 293
46973 293
49476 293
43499 293
21808 293
4978 293
13473 293
21328 293
49299 293
54398 293
95171 293
43038 293
52864 293
51988 293
76189 293
27133 293
44181 293
46652 293
47130 293
60973 293
80762 293
25540 293
84461 293
43197 293
23318 293
240956 293
246147 293
83914 293
233533 293
18977 293
209403 293
34498 293
88029 293
66413 293
77688 292
183526 292
25758 292
75367 292
73430 292
59216 292
216607 292
68816 292
41722 292
68168 292
85205 292
188555 292
242694 292
209076 292
173175 292
5537 292
28016 292
54254 292
85123 292
205228 292
243308 292
72084 292
86820 292
92207 292
18578 292
46614 292
175592 292
197201 292
9270 292
7880 292
9735 292
90767 292
58071 292
51993 292
11966 291
40510 291
34269 291
38923 291
45469 291
11529 291
71072 291
87245 291
215617 291
31857 291
34657 291
51728 291
24152 291
173938 291
52396 291
26446 291
32833 291
60936 291
68692 291
83272 291
169629 291
83145 291
80700 291
10703 291
34800 291
43995 291
65574 291
89176 291
53170 291
64125 291
216935 291
30280 291
8131 291
8463 291
19049 291
21611 291
30625 291
33227 291
33457 291
35591 291
36339 291
36390 291
37851 291
40455 291
41899 291
42624 291
42675 291
42774 291
45078 291
47517 291
47593 291
48133 291
48480 291
49411 291
51255 291
53498 291
55800 291
56169 291
56315 291
56785 291
56814 291
57009 291
57176 291
59147 291
59392 291
59895 291
61134 291
62697 291
62856 291
63588 291
65266 291
65311 291
65345 291
66131 291
67553 291
67570 291
67697 291
68166 291
68666 291
68815 291
69342 291
69432 291
71089 291
71816 291
72868 291
75546 291
76934 291
78247 291
78266 291
79047 291
79552 291
79612 291
79767 291
80385 291
80484 291
81141 291
81340 291
81355 291
81421 291
81619 291
81905 291
82132 291
83831 291
84726 291
84812 291
84986 291
85340 291
86087 291
86134 291
87260 291
87310 291
88128 291
88344 291
88780 291
88790 291
89020 291
89120 291
93008 291
94836 291
94983 291
95029 291
157548 291
170859 291
182178 291
226929 291
45772 291
40401 291
194512 290
31538 290
82954 290
39035 290
71521 290
76368 290
211960 290
9629 290
31061 290
202382 290
87703 290
46598 290
43385 290
44718 290
79205 290
82412 290
52481 290
91723 290
170890 290
95045 290
237954 290
197110 290
201268 290
13288 290
24470 290
45391 290
47587 290
68251 290
72093 290
73883 290
82005 290
75864 290
77932 290
240525 290
16623 290
24648 290
51457 290
52832 290
61032 290
162193 290
203072 290
41591 290
80225 289
92268 289
164891 289
42732 289
89244 289
195337 289
213353 289
230043 289
94292 289
15326 289
24437 289
9873 289
47581 289
187352 289
6385 289
69472 289
30584 289
197633 289
16969 289
190532 289
91159 289
14613 289
46536 289
19161 289
26953 289
28622 289
39495 289
45675 289
50715 289
51590 289
55698 289
56039 289
60544 289
60575 289
62342 289
64662 289
64829 289
69924 289
73344 289
84107 289
52033 288
226663 288
24827 288
55670 288
204240 288
87235 288
88533 288
187310 288
201196 288
39513 288
8812 288
20546 288
35544 288
40073 288
46605 288
58009 288
60574 288
60685 288
68889 288
71326 288
75506 288
82705 288
83549 288
86698 288
90459 288
90461 288
227477 288
69614 288
17298 288
54340 288
8531 288
8994 288
10366 288
57559 288
86400 288
60035 288
50597 288
174503 288
35870 288
49018 288
49400 288
20489 288
22879 288
24090 288
23084 288
8208 287
39844 287
46136 287
57930 287
59224 287
68747 287
69749 287
75069 287
80757 287
89361 287
162405 287
31995 287
80946 287
173706 287
205821 287
21997 287
68281 287
191518 287
18332 287
8171 287
31954 287
34250 287
94082 287
82026 287
72949 287
42690 287
206331 287
19303 287
180776 287
227452 287
9142 287
56763 287
61641 287
235539 287
19641 287
63858 287
67211 287
72405 287
88901 287
10370 287
50033 287
242074 287
5913 287
34960 287
83870 287
23981 287
37897 287
42001 287
43082 287
48842 287
51245 287
67704 287
69113 287
74777 287
94944 287
196521 287
211476 287
60424 287
57044 287
184854 287
83674 287
91982 287
92187 287
148513 287
73611 287
66770 287
220617 286
58108 286
243363 286
52730 286
35764 286
14290 286
85090 286
57372 286
73552 286
245959 286
56570 286
76800 286
233105 286
242700 286
7409 286
37552 286
40351 286
48851 286
48998 286
50123 286
77972 286
80277 286
89843 286
57459 286
53105 286
44332 286
46058 286
92881 286
73780 286
14422 286
52780 286
72850 286
74419 286
233250 286
238536 286
75130 286
46617 286
31013 286
78774 286
12474 286
8993 285
32633 285
88043 285
32838 285
41096 285
204330 285
88143 285
223997 285
237275 285
170057 285
86681 285
66401 285
37946 285
50577 285
69551 285
73955 285
74406 285
79801 285
94002 285
192699 285
7223 285
18392 285
78157 285
78911 285
89901 285
20296 285
33237 285
88816 285
19170 285
43446 285
95371 285
150106 285
11706 285
32102 285
59447 285
82889 285
88433 285
91313 285
73252 285
22611 285
230919 284
93234 284
199546 284
35767 284
59217 284
70956 284
76930 284
83157 284
89690 284
89851 284
92933 284
94641 284
202847 284
56060 284
21255 284
30718 284
201386 284
39016 284
76742 284
61060 284
27270 284
4768 284
12767 284
12903 284
13289 284
13584 284
13871 284
14383 284
15581 284
15619 284
17256 284
17662 284
20992 284
22100 284
22749 284
23018 284
23090 284
23150 284
23408 284
23530 284
24184 284
24255 284
25081 284
25825 284
25970 284
26328 284
27405 284
28214 284
32229 284
32230 284
32660 284
32763 284
34073 284
34252 284
35286 284
36214 284
38067 284
38572 284
39649 284
39988 284
40190 284
41317 284
41380 284
41924 284
42247 284
42388 284
42447 284
43198 284
43323 284
43738 284
44623 284
46349 284
47617 284
50091 284
52158 284
52573 284
52618 284
53388 284
53562 284
56934 284
59804 284
61116 284
63687 284
64090 284
66591 284
66744 284
67591 284
67959 284
68662 284
69047 284
70340 284
71141 284
73948 284
77281 284
78040 284
78155 284
79285 284
82555 284
83099 284
84124 284
84727 284
86585 284
87204 284
89586 284
92299 284
93300 284
94893 284
95308 284
96160 284
96768 284
97913 284
175451 284
80048 284
94906 284
235660 284
241334 284
27837 284
30728 284
169398 284
82587 284
174574 284
203744 284
19348 284
40059 284
40098 284
40235 284
45436 284
70820 284
80975 284
15729 284
14169 284
56902 284
7477 283
13794 283
20295 283
21031 283
33459 283
42495 283
60291 283
61558 283
4604 283
57671 283
223819 283
203900 283
55290 283
43044 283
49320 283
47728 283
236914 283
57202 283
76396 283
54223 283
60986 283
56195 283
9245 283
94493 283
65123 283
39204 283
39604 283
59740 283
89976 283
12505 283
40390 283
54922 283
187741 283
237412 283
52699 283
17074 283
19532 283
75066 283
58806 283
59162 283
61383 283
19711 283
35682 283
38985 283
48839 283
63486 283
66917 283
93079 283
29068 283
26545 283
25740 283
29334 283
45152 283
56384 283
17356 283
148556 283
15582 282
41115 282
19969 282
49831 282
222808 282
14262 282
69549 282
195847 282
23908 282
35438 282
54858 282
203749 282
91539 282
38878 282
25961 282
91952 282
95531 282
76808 282
55123 282
44683 282
60751 282
52912 282
6071 282
15252 282
41271 282
53185 282
59963 282
60595 282
86271 282
92250 282
163772 282
17251 282
84290 282
32407 282
679 282
60047 282
71625 282
71759 282
48499 282
65263 282
5796 282
58366 281
83500 281
204155 281
222543 281
242406 281
40570 281
49191 281
72384 281
72435 281
74895 281
91826 281
20205 281
27523 281
44283 281
66962 281
94209 281
35650 281
27304 281
50950 281
46201 281
53032 281
63821 281
46531 281
38109 281
28619 281
29960 281
31328 281
32672 281
78134 281
27889 281
59754 281
83050 281
83722 281
186259 281
228348 281
173290 281
176396 281
156334 280
173114 280
35614 280
61286 280
170785 280
217997 280
217367 280
52458 280
54352 280
87491 280
176347 280
35984 280
215718 280
209935 280
32891 280
63195 280
47227 280
56094 280
92069 280
18992 280
90677 280
79228 280
84198 280
63126 280
216938 280
222309 280
20695 280
21579 280
241244 280
89133 280
37837 280
45660 280
54234 280
18267 280
71801 279
193063 279
244236 279
48895 279
87572 279
95761 279
215201 279
49351 279
57963 279
61400 279
94525 279
41763 279
59820 279
209590 279
89503 279
44408 279
160617 279
86967 279
41810 279
2389 279
63527 279
37470 279
31748 279
90292 279
177198 279
66935 279
60933 279
70271 279
21704 279
11502 279
20861 279
21810 279
22664 279
25660 279
25932 279
28271 279
28536 279
29428 279
30311 279
33832 279
36318 279
37064 279
38475 279
41113 279
42348 279
43140 279
43623 279
43728 279
44694 279
44990 279
45411 279
46172 279
46648 279
46784 279
47911 279
48022 279
48267 279
48829 279
48840 279
48902 279
49073 279
49075 279
49784 279
49971 279
50594 279
50659 279
51182 279
51432 279
54826 279
55168 279
55690 279
56701 279
56937 279
57304 279
57370 279
58971 279
60807 279
61675 279
62363 279
62859 279
63628 279
63703 279
64175 279
64541 279
65846 279
66949 279
67020 279
67264 279
68093 279
69389 279
70263 279
70661 279
70683 279
70891 279
70939 279
72942 279
72979 279
73675 279
74272 279
74986 279
75611 279
76290 279
76665 279
77099 279
77816 279
78062 279
78252 279
79772 279
79951 279
79997 279
80193 279
80306 279
81223 279
82106 279
83566 279
83755 279
83819 279
84039 279
84067 279
84210 279
84229 279
84433 279
85039 279
85295 279
87254 279
87793 279
88028 279
88844 279
89284 279
89426 279
89579 279
90383 279
90714 279
91935 279
92089 279
92118 279
92494 279
92541 279
92557 279
93307 279
94698 279
94862 279
94966 279
95359 279
95374 279
95532 279
159603 279
160828 279
197209 279
226367 279
241624 279
242335 279
218787 278
90199 278
36199 278
190522 278
45293 278
76063 278
68509 278
53169 278
64312 278
54005 278
39127 278
59001 278
80253 278
89294 278
94895 278
240398 278
75391 278
12455 278
38995 278
40514 278
67190 278
75425 278
45579 278
209596 278
236352 278
12220 277
30416 277
65960 277
69612 277
94047 277
24664 277
55812 277
37562 277
47420 277
71565 277
72454 277
79428 277
62747 277
44055 277
55110 277
62266 277
152964 277
2947 277
174426 277
13602 277
7504 277
42678 277
26996 277
66622 277
81670 277
11928 277
18605 277
31313 277
42340 277
42707 277
54939 277
62446 277
62502 277
65609 277
67011 277
69449 277
70382 277
77360 277
84869 277
91338 277
168971 277
197271 277
188350 276
78573 276
88310 276
214142 276
63499 276
224681 276
39895 276
23492 276
25726 276
28350 276
29214 276
31077 276
33266 276
42243 276
44242 276
51898 276
53787 276
54469 276
54604 276
73777 276
74178 276
82219 276
83700 276
92409 276
237362 276
15136 276
66132 276
7280 276
33812 276
32884 276
41222 276
84138 276
31525 276
52124 276
61312 276
61571 276
79033 276
36134 276
53147 276
90796 276
222080 276
38097 275
82248 275
84228 275
84969 275
46319 275
42110 275
71518 275
86113 275
16369 275
71261 275
76782 275
167442 275
13326 275
17654 275
24415 275
28130 275
30228 275
38407 275
41187 275
43271 275
43316 275
49730 275
55039 275
59550 275
59621 275
63494 275
77895 275
79453 275
80513 275
80634 275
223131 275
34786 275
42310 275
8296 275
22462 275
26829 275
47328 275
891 275
39094 275
211342 275
29919 275
48315 275
204498 275
22326 275
64310 275
67618 275
25844 275
19799 275
22321 275
35576 275
40034 275
172581 275
243798 275
3007 275
20183 275
20847 275
23040 275
29045 275
31996 275
58163 275
77506 275
94193 275
185176 275
241548 275
242907 275
4901 275
191686 275
5483 275
25357 275
31229 275
33195 275
33451 275
37923 275
68351 275
70560 275
74754 275
81079 275
91676 275
23189 274
210339 274
14069 274
49026 274
26549 274
229538 274
55073 274
234192 274
53078 274
70872 274
84632 274
13692 274
57653 274
13389 274
74092 274
84879 274
186314 274
12416 274
87008 274
35167 274
53067 274
6789 274
7685 274
8319 274
11551 274
12218 274
12631 274
12637 274
15585 274
15945 274
15975 274
16016 274
16038 274
16191 274
17231 274
17260 274
17532 274
19995 274
21555 274
22342 274
22805 274
23264 274
24412 274
26406 274
29179 274
29785 274
30727 274
31199 274
31531 274
31932 274
31991 274
32541 274
32717 274
33427 274
33445 274
33860 274
34852 274
35146 274
36521 274
37125 274
37277 274
37621 274
38352 274
38512 274
38835 274
41849 274
43412 274
43917 274
44469 274
44546 274
45577 274
45744 274
45817 274
47441 274
49020 274
51342 274
55981 274
56739 274
57791 274
58571 274
59730 274
60323 274
60560 274
60939 274
61532 274
61885 274
62272 274
62959 274
63561 274
63935 274
64460 274
65337 274
66636 274
72532 274
73054 274
73673 274
73809 274
75964 274
76129 274
76369 274
76957 274
76996 274
78263 274
79331 274
79482 274
79911 274
79918 274
80278 274
80365 274
81362 274
82397 274
83401 274
83477 274
83714 274
83715 274
84150 274
88205 274
88956 274
89265 274
89795 274
90446 274
92977 274
95840 274
98621 274
109778 274
11956 274
61990 274
59263 274
27972 274
39574 274
80454 274
40970 274
38260 274
85314 273
51641 273
64549 273
65778 273
227667 273
43246 273
46176 273
47249 273
91168 273
209345 273
40797 273
7105 273
10950 273
40832 273
42085 273
52304 273
66686 273
189313 273
203204 273
11915 273
81616 273
60540 273
34096 273
44163 273
54512 273
75019 273
84802 273
78526 273
54528 273
65848 273
72111 273
31649 273
94693 273
41445 273
59226 273
41330 273
3458 273
3483 273
26258 273
46467 273
47977 273
49126 273
94229 273
74435 273
161817 273
11548 273
76186 273
65262 272
82420 272
86347 272
65438 272
27159 272
48965 272
64761 272
85144 272
33271 272
212097 272
5295 272
25578 272
26424 272
32778 272
40957 272
45284 272
76903 272
88469 272
92921 272
94995 272
95307 272
205470 272
13151 272
52123 272
46779 272
53310 272
245347 272
69888 272
28753 272
54445 272
209619 272
93801 272
151788 272
28077 272
65142 272
82784 272
193814 272
198203 272
214081 272
230207 272
237811 272
81084 272
17620 272
63356 272
70938 271
65490 271
54944 271
77162 271
78831 271
80413 271
85311 271
149201 271
164680 271
55024 271
65573 271
221769 271
22104 271
86199 271
193385 271
242185 271
18858 271
52019 271
223986 271
28435 271
79628 271
79781 271
64698 271
25694 271
235203 271
72544 271
207865 271
43466 271
32316 271
92008 271
4348 271
25195 271
42934 271
85802 271
94916 271
19313 271
42274 271
19188 270
169977 270
51416 270
57949 270
78493 270
78123 270
90538 270
75932 270
95134 270
41027 270
7406 270
89350 270
69759 270
46184 270
71805 270
72233 270
84586 270
19180 270
43964 270
46815 270
21476 270
50836 270
41684 270
74089 270
38134 270
3871 270
41077 270
48961 270
69552 270
73163 270
80853 270
208756 270
57822 270
39474 270
27156 270
57326 270
73575 270
188899 270
38689 270
39417 270
67039 270
162081 269
192996 269
46658 269
94503 269
5800 269
65567 269
15924 269
19939 269
52492 269
72136 269
21340 269
28876 269
32264 269
35609 269
42496 269
50772 269
55536 269
70280 269
72608 269
166007 269
200256 269
238813 269
70642 269
184621 269
55592 269
10188 269
31730 269
35541 269
43132 269
78685 269
83602 269
84810 269
58781 269
182309 269
77484 269
6036 269
29727 269
46877 269
55703 269
68085 269
161774 269
194403 269
237887 269
21867 269
33849 269
85044 269
167802 269
37947 269
73410 269
52131 268
68895 268
50485 268
26524 268
36410 268
41193 268
182848 268
218059 268
227938 268
235016 268
186861 268
56910 268
32254 268
201168 268
89030 268
17992 268
75928 268
86351 268
19544 268
34668 268
40746 268
52300 268
56992 268
80986 268
51142 268
93627 268
7721 268
82139 267
2296 267
70481 267
160427 267
12049 267
39648 267
63050 267
94992 267
91015 267
35911 267
37367 267
75860 267
31809 267
82399 267
37522 267
65252 267
87992 267
46629 267
66888 267
80617 267
77187 267
77571 267
32631 267
70743 267
3169 267
55317 267
86878 267
184739 267
69140 267
220500 267
75045 267
210932 267
35629 267
27618 267
34705 266
218017 266
92416 266
65529 266
20075 266
6854 266
11307 266
19502 266
20515 266
22201 266
25920 266
26069 266
26828 266
35411 266
36617 266
37342 266
37675 266
37684 266
40200 266
40345 266
41364 266
41783 266
42919 266
43904 266
44081 266
44377 266
44664 266
45432 266
45574 266
46589 266
46868 266
47344 266
47362 266
47741 266
48078 266
48234 266
49448 266
50000 266
51373 266
51616 266
53561 266
54208 266
54526 266
55136 266
55350 266
56046 266
56847 266
57189 266
59661 266
61050 266
61557 266
62786 266
63360 266
63581 266
63622 266
63743 266
63808 266
64284 266
65190 266
65956 266
66511 266
66664 266
67210 266
67469 266
68939 266
69067 266
69650 266
70438 266
72788 266
72889 266
73597 266
73655 266
74400 266
74446 266
74933 266
75616 266
75842 266
76346 266
76397 266
77096 266
77408 266
77649 266
78072 266
79251 266
79455 266
79563 266
79835 266
80198 266
80723 266
82137 266
82478 266
82768 266
83707 266
83936 266
83968 266
84006 266
84253 266
84835 266
85786 266
86020 266
86266 266
86359 266
86937 266
87408 266
88466 266
89037 266
89142 266
90499 266
90702 266
90743 266
90956 266
91262 266
91307 266
91670 266
91807 266
92382 266
92798 266
92839 266
92929 266
93055 266
93118 266
93493 266
93591 266
93916 266
94123 266
94327 266
94564 266
95060 266
95075 266
167116 266
195613 266
215801 266
244090 266
58911 266
49580 266
89324 266
45884 266
37579 266
38668 266
12869 266
72758 266
64984 266
40656 266
54502 266
62601 266
66412 266
80827 266
89489 266
92293 266
151921 266
79117 266
156926 266
217190 266
84922 266
150765 266
241542 266
228899 266
1399 266
56225 266
57308 266
70141 266
77012 266
79816 266
86764 266
230296 266
201673 266
25500 266
52035 266
170824 266
55783 265
26663 265
9709 265
7958 265
61768 265
163341 265
50688 265
60456 265
17596 265
40978 265
66749 265
85420 265
5241 265
177008 265
213531 265
218515 265
219820 265
227991 265
64234 265
212789 265
42529 265
64108 265
64693 265
243068 265
35134 265
62095 265
62765 265
42112 265
2606 265
52462 265
43870 265
224479 265
41124 265
86715 265
48937 264
38019 264
15157 264
42222 264
61166 264
63327 264
63887 264
66449 264
68009 264
75328 264
76208 264
85076 264
89561 264
89711 264
91198 264
92244 264
47476 264
11028 264
85620 264
33357 264
8916 264
88534 264
7050 264
29758 264
30777 264
48157 264
51351 264
52501 264
55205 264
55590 264
61555 264
67430 264
70824 264
72787 264
72824 264
74026 264
78884 264
79866 264
85201 264
217422 264
244205 264
47868 264
41400 264
47300 264
15330 264
47994 264
84356 264
76856 264
2352 264
3073 264
3735 264
7710 264
8116 264
11594 264
12138 264
13811 264
15504 264
17490 264
19925 264
19958 264
19988 264
21148 264
23392 264
24229 264
24317 264
24565 264
25395 264
25537 264
25814 264
26779 264
26870 264
27177 264
27359 264
27587 264
28416 264
28429 264
28456 264
29823 264
31561 264
31619 264
33091 264
35962 264
36310 264
37583 264
38069 264
38658 264
39881 264
40198 264
40230 264
44975 264
44996 264
45384 264
46241 264
47079 264
48394 264
48587 264
49162 264
49906 264
51550 264
52953 264
54307 264
54450 264
54699 264
54726 264
54909 264
55864 264
56008 264
56854 264
57806 264
57965 264
58173 264
58305 264
58810 264
61205 264
61939 264
62072 264
62335 264
62686 264
62948 264
63187 264
64723 264
65021 264
65486 264
66580 264
67133 264
68354 264
69429 264
70193 264
70389 264
73197 264
73425 264
73654 264
74201 264
74701 264
76684 264
78638 264
79015 264
79661 264
82594 264
83414 264
83662 264
83886 264
83952 264
85261 264
85410 264
85632 264
85938 264
85983 264
87173 264
89305 264
90967 264
91131 264
91332 264
91911 264
92056 264
92216 264
94717 264
95381 264
95461 264
96280 264
96442 264
98134 264
101754 264
104615 264
149635 264
182060 264
58551 264
181486 264
213126 264
9148 264
14547 264
61667 264
168560 264
161265 264
5957 264
60373 264
60396 263
39182 263
90532 263
8263 263
87735 263
16792 263
58536 263
206743 263
13063 263
30060 263
33980 263
42307 263
46441 263
48997 263
49144 263
49283 263
56448 263
59465 263
62669 263
64437 263
82839 263
87152 263
87763 263
90882 263
92765 263
167242 263
203568 263
216604 263
218811 263
9555 263
39717 263
41559 263
44819 263
46159 263
81119 263
84936 263
64190 263
4931 263
42974 263
65275 263
80387 263
80445 263
73143 263
91564 263
161519 263
28821 263
40215 263
17692 263
28382 263
24843 263
51407 263
242761 263
203812 263
37217 263
53493 263
64294 263
185953 263
193955 263
245740 263
14321 263
40170 263
44575 263
80347 263
52734 263
9113 263
50799 263
93692 263
193706 263
39273 263
65498 263
95686 263
11780 262
37846 262
44969 262
47966 262
54733 262
55903 262
64131 262
65394 262
73570 262
73954 262
82855 262
88742 262
58680 262
83306 262
154591 262
22867 262
25404 262
26109 262
57746 262
71984 262
90979 262
196952 262
38704 262
16345 262
36765 262
67185 262
88216 262
188714 262
58563 262
95683 262
236351 262
50451 262
61833 262
155979 262
67366 262
200552 262
236450 262
37895 262
27556 262
18999 262
245214 262
24949 262
40820 262
50879 262
55561 262
79758 262
230903 262
8562 261
15989 261
38797 261
60565 261
65077 261
71692 261
76495 261
59088 261
31411 261
86932 261
16619 261
70227 261
81078 261
46373 261
40271 261
15918 261
52371 261
50564 261
59697 261
211055 261
228548 261
149879 261
161514 261
161742 261
57989 261
75889 261
18063 261
37320 261
42087 261
51460 261
92899 261
160986 261
24168 261
82118 261
52927 261
62031 261
176162 261
59334 261
75519 261
42353 261
32281 261
50872 261
52372 261
52962 261
57570 261
58146 261
62951 261
63305 261
68695 261
77625 261
77884 261
242115 261
5850 260
18693 260
27830 260
64436 260
86482 260
149554 260
12881 260
53639 260
188114 260
29020 260
34230 260
43639 260
74279 260
184659 260
188928 260
191019 260
27799 260
40872 260
52790 260
88861 260
21689 260
34743 260
27714 260
21668 260
208710 260
77793 260
17261 260
47222 260
68382 260
89537 260
238704 260
239460 260
35421 260
39162 260
212672 260
15810 260
25847 259
204473 259
45124 259
50854 259
67157 259
70066 259
21092 259
39313 259
24011 259
80244 259
56704 259
80167 259
86558 259
186662 259
236884 259
24810 259
50164 259
154228 259
24856 259
42144 259
2808 259
239941 259
21740 259
52254 259
190089 259
19753 259
31673 259
45407 259
45950 259
53993 259
59489 259
95085 259
49114 259
84484 259
73462 259
86279 259
173681 259
51972 259
33233 259
59499 259
66341 259
180857 259
26729 259
46736 259
51601 259
52133 259
81344 259
18586 259
46828 258
34948 258
60645 258
70355 258
17804 258
43744 258
73217 258
42294 258
180542 258
12121 258
244419 258
30405 258
31065 258
72849 258
89887 258
242824 258
171832 258
22988 258
239546 258
24592 258
65597 258
53021 258
7389 258
22646 258
27475 258
62452 258
65994 258
28393 258
39416 258
51887 257
67368 257
17581 257
24100 257
28496 257
38129 257
48310 257
74768 257
90438 257
199565 257
38003 257
70834 257
15887 257
152954 257
54640 257
5366 257
31918 257
65554 257
84250 257
75782 257
93854 257
28298 257
161932 257
57585 257
14441 257
48547 257
49909 257
65759 257
89053 257
94955 257
182287 257
184431 257
246055 257
9818 257
52476 257
34615 257
38553 257
76631 257
32698 257
32053 257
51186 257
38202 257
53866 257
60162 257
82000 257
85979 257
16387 257
203092 257
234924 257
39228 257
49883 256
19058 256
21694 256
61220 256
46262 256
66452 256
84628 256
43925 256
11777 256
41105 256
44557 256
212117 256
235489 256
196473 256
36314 256
28267 256
193269 256
47040 256
52647 256
57146 256
233677 256
7527 256
14423 256
16482 256
24762 256
72814 256
86869 256
94111 256
95895 256
58743 255
41119 255
176970 255
210686 255
175901 255
55716 255
67411 255
90904 255
28305 255
54056 255
54061 255
65363 255
58034 255
48985 255
47592 255
53359 255
79313 255
85015 255
29493 255
77104 255
52714 255
19104 255
167864 255
16179 255
12817 255
72959 255
177857 255
40652 255
71411 255
79470 255
80205 255
88842 255
195931 255
34142 255
83351 255
90716 255
91784 255
203099 255
173348 254
50808 254
7051 254
8886 254
9844 254
13801 254
19555 254
21062 254
28658 254
29128 254
29963 254
31616 254
34057 254
34954 254
35572 254
35710 254
36187 254
37038 254
38774 254
39611 254
39820 254
41827 254
41856 254
42969 254
43085 254
43241 254
45102 254
45500 254
46245 254
47189 254
47664 254
47694 254
51575 254
51859 254
52126 254
54800 254
55871 254
56407 254
56475 254
56602 254
56732 254
57288 254
58639 254
58809 254
59840 254
60157 254
60351 254
60458 254
61343 254
61534 254
61754 254
61887 254
62125 254
62975 254
64764 254
64825 254
66252 254
66742 254
67091 254
68393 254
68619 254
68682 254
69638 254
69682 254
70830 254
72537 254
73108 254
74369 254
74674 254
74770 254
75564 254
75710 254
76173 254
76375 254
76820 254
76969 254
78594 254
79598 254
79887 254
80069 254
80492 254
80507 254
80717 254
80734 254
81103 254
82582 254
83429 254
83777 254
83812 254
84505 254
84567 254
84769 254
84831 254
85066 254
85146 254
85535 254
85553 254
85658 254
85869 254
86033 254
86876 254
87559 254
88222 254
88575 254
89043 254
89212 254
89360 254
89363 254
89672 254
90077 254
90121 254
90188 254
92345 254
92422 254
93488 254
94030 254
94571 254
95341 254
168889 254
194679 254
208170 254
211587 254
8128 254
45632 254
81329 254
212852 254
7177 254
67383 254
11273 254
14313 254
57224 254
233300 254
82987 254
25888 254
28826 254
52701 254
53962 254
56776 254
77453 254
89776 254
196845 254
201028 254
225391 254
59218 254
209011 254
83565 254
50254 254
92054 254
198497 254
198688 254
16807 254
1838 254
3347 254
4985 254
10347 254
11730 254
13055 254
14096 254
16325 254
16391 254
22509 254
22582 254
23345 254
24887 254
25093 254
25318 254
26821 254
28805 254
28862 254
29820 254
30529 254
31621 254
32009 254
33928 254
34362 254
34674 254
35340 254
35581 254
36101 254
36706 254
37333 254
37668 254
37681 254
37928 254
38177 254
42101 254
42509 254
43266 254
45836 254
49039 254
49496 254
49575 254
49713 254
50049 254
50953 254
52205 254
52406 254
54092 254
55569 254
55689 254
56002 254
56766 254
58693 254
59171 254
60684 254
63954 254
64105 254
64756 254
66313 254
66389 254
66555 254
69084 254
69519 254
71216 254
73598 254
73957 254
75342 254
75486 254
77464 254
78036 254
79869 254
80300 254
82562 254
82674 254
83846 254
84221 254
86675 254
88423 254
89432 254
89434 254
90616 254
90996 254
91057 254
91314 254
93383 254
94262 254
100627 254
103838 254
52417 253
87592 253
87654 253
188172 253
3821 253
10234 253
31975 253
88378 253
8666 253
39746 253
50073 253
73531 253
69104 253
27282 253
38233 253
80527 253
169684 253
242889 253
65919 253
230277 253
38913 253
238265 253
43402 253
81588 253
36696 253
176318 253
236802 253
211567 252
23282 252
8304 252
39981 252
43552 252
65621 252
96292 252
64936 252
3859 252
15549 252
16039 252
17916 252
24731 252
43382 252
50265 252
52589 252
59120 252
59684 252
62757 252
65827 252
67180 252
68386 252
68648 252
79566 252
79784 252
83173 252
83994 252
92502 252
95671 252
90020 252
57171 252
38229 252
69607 252
93016 252
236497 252
28944 252
19687 252
37224 252
64603 252
10990 252
32847 252
37938 252
50736 252
51313 252
57187 252
61241 252
68182 252
85842 252
87270 252
92688 252
26303 252
87530 252
36201 252
22130 252
6825 252
217893 252
11471 252
16443 251
52763 251
80451 251
219655 251
241019 251
84280 251
86169 251
150112 251
169856 251
191771 251
195824 251
72812 251
91543 251
26142 251
66767 251
70250 251
88938 251
67479 251
41358 251
7510 251
16832 251
36796 251
54389 251
63563 251
69086 251
69435 251
71580 251
78357 251
84667 251
85799 251
89977 251
219006 251
234393 251
36613 251
33585 251
52977 251
228354 251
49682 251
31038 251
37049 251
61180 251
57706 251
80207 251
88584 251
78813 251
75789 251
90493 251
73141 251
49787 251
182171 251
45049 251
202357 250
95540 250
22660 250
54925 250
56899 250
58419 250
65680 250
67709 250
68766 250
71140 250
73759 250
80812 250
81944 250
92423 250
72265 250
32644 250
222685 250
60766 250
49006 250
65676 250
25821 250
39270 250
56402 250
70505 250
214356 250
12107 250
48379 250
69412 250
80292 250
164414 250
17427 250
26421 250
29010 250
199169 250
40743 250
218404 250
55365 250
160907 250
179313 250
51093 250
55117 250
5060 250
54518 250
70744 250
24988 250
57901 250
209682 250
62198 250
61151 249
12326 249
23226 249
29605 249
36735 249
77949 249
94127 249
241490 249
39757 249
4921 249
26737 249
34731 249
68066 249
88884 249
28568 249
236905 249
37698 249
82096 249
85120 249
83467 249
63879 249
11424 249
58439 249
89808 249
25895 249
19404 249
7342 249
179175 249
27744 249
28840 249
77526 249
82060 249
164191 249
202787 249
20391 249
63866 249
93150 249
73694 249
36865 248
39733 248
46871 248
65583 248
79300 248
80345 248
83359 248
83822 248
225335 248
59380 248
66159 248
86247 248
162197 248
80671 248
18924 248
6395 248
48398 248
52669 248
59191 248
59559 248
68738 248
69707 248
76835 248
83075 248
83358 248
91742 248
152927 248
173977 248
225848 248
36503 248
214852 248
46912 248
81400 248
87937 248
5489 248
74661 248
1360 248
60851 248
178775 248
232940 248
211902 248
42711 248
32460 248
11814 248
36132 248
69106 248
71832 248
72503 248
77622 248
152900 248
175139 248
224571 248
21164 248
19903 247
78515 247
46158 247
50076 247
89257 247
9236 247
11880 247
25038 247
36939 247
54220 247
69458 247
74708 247
91630 247
94714 247
3452 247
9984 247
11123 247
32611 247
35992 247
46053 247
204151 247
49362 247
88977 247
192297 247
87465 247
27173 247
68725 247
69689 247
85973 247
89428 247
57440 247
35975 247
59606 247
46670 247
161593 247
18530 247
69251 247
95573 247
206469 247
70265 247
69301 247
66597 247
74631 247
27955 246
59294 246
63003 246
82864 246
86320 246
175393 246
59613 246
44343 246
23640 246
72022 246
57289 246
66216 246
40648 246
62905 246
22597 246
47229 246
32970 246
6840 246
24618 246
199888 246
63882 246
219465 246
16057 246
32646 246
62052 246
73778 246
92017 246
218297 246
21274 246
158408 245
86244 245
212208 245
26998 245
28471 245
35218 245
42423 245
48608 245
49863 245
51574 245
60026 245
86827 245
89975 245
94675 245
52467 245
64584 245
75631 245
170795 245
204084 245
166091 245
89792 245
21589 245
67806 245
35858 245
26909 245
45161 245
55344 245
95125 245
195331 245
213672 245
216811 245
60705 245
59966 245
90966 245
4032 245
12008 245
174786 245
212223 245
82276 245
73397 245
86838 245
84024 245
25735 245
41931 245
53259 244
10608 244
33404 244
64869 244
70028 244
93741 244
43576 244
73662 244
73918 244
78452 244
85970 244
94647 244
2934 244
37745 244
67993 244
76492 244
16598 244
25246 244
200248 244
62593 244
241489 244
20115 244
29755 244
55143 244
82537 244
24967 244
54240 244
201228 244
26758 244
30821 244
76122 244
51739 244
227116 244
25824 244
242044 244
187164 244
53992 244
32919 244
221115 244
19538 244
85037 244
95502 244
1614 244
43801 244
18128 244
14224 244
78293 244
244843 244
38779 244
74300 244
51561 244
77577 244
211545 244
11552 244
60359 243
62047 243
5239 243
9107 243
10444 243
12214 243
14646 243
15378 243
17004 243
17472 243
20644 243
22040 243
22179 243
22386 243
22789 243
24213 243
24436 243
24503 243
25225 243
25632 243
25695 243
26436 243
26674 243
26837 243
26862 243
29470 243
29562 243
30006 243
30916 243
32954 243
33853 243
34001 243
35116 243
35693 243
36724 243
36967 243
37986 243
38040 243
39476 243
40294 243
40497 243
40899 243
41652 243
42227 243
42393 243
42935 243
42984 243
43130 243
43849 243
44684 243
46511 243
46748 243
47588 243
47902 243
47976 243
48658 243
49203 243
49405 243
50339 243
51335 243
51791 243
51918 243
52060 243
53033 243
53596 243
54173 243
54184 243
54449 243
55158 243
55627 243
56482 243
58919 243
58976 243
59205 243
59231 243
59258 243
60866 243
61627 243
62364 243
63230 243
63625 243
63718 243
64528 243
65990 243
66151 243
66309 243
68165 243
68169 243
70416 243
70775 243
71217 243
71963 243
72635 243
74153 243
74477 243
74677 243
76798 243
77258 243
77456 243
78819 243
79036 243
79241 243
79411 243
79920 243
80400 243
80421 243
81219 243
81715 243
82223 243
82477 243
84464 243
84525 243
85662 243
86626 243
87171 243
87869 243
88502 243
89427 243
89751 243
90222 243
91125 243
91247 243
91606 243
92264 243
92671 243
92943 243
97989 243
101659 243
108874 243
163314 243
167611 243
236370 243
225527 243
39643 243
148277 243
47936 243
54259 243
62722 243
84343 243
24468 243
56168 243
77216 243
87890 243
225731 243
170367 243
34509 243
48787 243
29357 243
219062 243
12577 243
19291 243
20344 243
34236 243
40927 243
50636 243
52838 243
64872 243
36874 243
59330 243
62774 243
73231 243
76092 243
84301 243
196095 243
50236 243
12543 242
75032 242
75203 242
83336 242
208489 242
68192 242
159314 242
50229 242
54444 242
65231 242
28196 242
39851 242
56377 242
85902 242
93186 242
228594 242
19774 242
60611 242
53270 242
36120 242
90535 242
95127 242
9277 242
13682 242
7595 242
21530 242
25908 242
26361 242
32183 242
32755 242
33594 242
35342 242
36359 242
38105 242
38146 242
38670 242
41032 242
41144 242
41507 242
41537 242
41981 242
43171 242
44032 242
44214 242
44351 242
45576 242
46362 242
46918 242
46962 242
46963 242
49180 242
49262 242
49406 242
49483 242
49932 242
50315 242
50386 242
50560 242
50696 242
51731 242
52074 242
52279 242
52289 242
52673 242
53040 242
53275 242
54237 242
55372 242
55472 242
55668 242
56296 242
56637 242
56695 242
57452 242
57601 242
57759 242
57946 242
58321 242
58492 242
59288 242
59678 242
60230 242
61012 242
61461 242
61535 242
63522 242
64627 242
64749 242
65657 242
65700 242
66685 242
66842 242
67313 242
67318 242
67505 242
67737 242
68217 242
69390 242
69921 242
69969 242
70092 242
71853 242
72293 242
72685 242
72826 242
73549 242
73980 242
74253 242
74611 242
75438 242
75890 242
76168 242
76431 242
76797 242
77036 242
78180 242
78701 242
79039 242
79434 242
79544 242
79769 242
79958 242
79962 242
80041 242
80162 242
80391 242
80834 242
81064 242
81890 242
82097 242
82508 242
83144 242
84100 242
85719 242
85906 242
85985 242
86601 242
86652 242
86959 242
87051 242
87983 242
89054 242
89430 242
90180 242
90227 242
90514 242
90643 242
90972 242
91300 242
91846 242
92183 242
92251 242
92605 242
92745 242
93194 242
94018 242
94612 242
95151 242
95240 242
165554 242
198611 242
231049 242
233765 242
239748 242
240389 242
241022 242
78574 242
7149 242
7443 242
182621 242
43064 242
26154 242
29147 242
88594 242
3530 242
10045 242
21550 242
24514 242
36792 242
40673 242
52593 242
180481 242
196638 242
211756 242
219805 242
27063 242
40844 242
72552 242
211834 242
205810 242
35193 241
58870 241
5276 241
51171 241
61259 241
44258 241
47426 241
90226 241
233522 241
80187 241
17870 241
187690 241
49868 241
21085 241
26579 241
33940 241
36281 241
54894 241
80104 241
81564 241
218797 241
233547 241
239552 241
54964 241
70316 241
89788 241
50528 241
3873 241
40855 241
89680 241
57738 241
70104 241
29629 241
59687 241
64746 241
84591 241
150872 240
189239 240
72150 240
68570 240
218275 240
35757 240
83593 240
71527 240
74318 240
85857 240
20168 240
26850 240
33957 240
39957 240
43453 240
50024 240
60418 240
63166 240
63235 240
64839 240
66400 240
68680 240
70524 240
75102 240
76984 240
77565 240
79691 240
81125 240
84270 240
85735 240
90072 240
220168 240
228753 240
36700 240
176121 240
39762 240
75062 240
86504 240
41555 240
95275 240
194660 240
208912 240
12434 240
57106 240
72696 240
78115 240
170546 240
37932 240
221715 240
74129 240
77555 240
58637 240
228946 240
33465 240
40639 240
43793 240
49163 240
51429 240
53486 240
53684 240
55347 240
56845 240
58756 240
59215 240
61198 240
65284 240
71190 240
74536 240
76012 240
76792 240
77428 240
80822 240
81738 240
88169 240
88585 240
92418 240
94736 240
94766 240
95055 240
229115 240
206768 240
15562 240
62850 240
171326 240
202589 240
53598 240
185899 239
24485 239
6128 239
32484 239
53003 239
57548 239
69799 239
75156 239
232129 239
41448 239
68060 239
156879 239
29914 239
174795 239
31978 239
17403 239
24701 239
33010 239
34848 239
48927 239
62746 239
65496 239
70953 239
95589 239
157448 239
92931 239
16020 239
31461 239
32151 239
36179 239
40972 239
41570 239
51576 239
52148 239
65924 239
69051 239
71402 239
77229 239
88869 239
88893 239
89299 239
91293 239
94062 239
190223 239
201447 239
231306 239
240496 239
5209 239
10928 239
15837 239
89266 239
38350 239
205939 239
203604 239
212638 239
60335 239
51913 239
85288 239
73398 239
74788 239
80793 239
93968 239
160830 239
179899 239
191011 239
231799 239
243727 239
10697 239
38983 239
63020 239
63779 239
74005 239
50440 238
199538 238
42170 238
49040 238
44513 238
87276 238
245941 238
42570 238
77056 238
55553 238
13830 238
24568 238
38810 238
41327 238
42233 238
51811 238
52439 238
65110 238
69644 238
71128 238
73610 238
78113 238
84713 238
92169 238
221182 238
29060 238
31342 238
9074 238
41552 238
57947 238
90360 238
94865 238
197876 238
227156 238
59324 238
20815 238
27351 238
29530 238
27634 238
28620 238
33530 238
51280 238
51284 238
56068 238
60099 238
86225 238
22467 238
32828 238
35112 238
60299 238
231339 237
155126 237
60569 237
35658 237
83032 237
186785 237
161704 237
28461 237
41132 237
56415 237
60012 237
42834 237
78034 237
52400 237
84103 237
32749 237
41705 237
21494 237
51694 237
60245 237
75711 237
62720 237
46046 237
83108 237
236822 237
180329 237
17236 237
87917 237
158279 237
2365 237
23276 237
35950 237
49451 237
57347 237
77808 237
84905 237
95676 237
163915 237
181973 237
242752 237
30009 237
55680 237
71219 237
77269 237
72633 237
18972 236
27756 236
206619 236
220687 236
63863 236
22256 236
27612 236
61869 236
64561 236
76487 236
91497 236
71845 236
85318 236
88945 236
213810 236
72052 236
151868 236
209764 236
33034 236
33323 236
35842 236
35852 236
36332 236
45412 236
61435 236
64463 236
65120 236
66604 236
70487 236
72643 236
162391 236
173068 236
197410 236
219752 236
222235 236
205907 236
80021 236
64295 236
51955 236
70549 236
245563 236
226130 236
60025 236
15772 236
186830 236
241316 235
11919 235
38842 235
46024 235
57647 235
60515 235
66201 235
74846 235
76919 235
78780 235
82099 235
83724 235
92045 235
213028 235
6468 235
20241 235
91248 235
74408 235
61861 235
79621 235
61918 235
20142 235
9924 235
15950 235
37219 235
40136 235
44066 235
47940 235
48830 235
56282 235
77405 235
79237 235
210118 235
76100 235
27251 235
81080 235
72984 235
79720 235
238448 235
72883 235
90406 235
23861 235
32851 235
204594 235
221010 235
33527 235
56995 235
74236 235
8756 235
177512 235
44911 235
13873 235
56250 235
56328 235
57389 235
61569 235
62475 235
73096 235
93034 235
11314 235
33054 235
35403 235
228368 235
16655 234
16997 234
86268 234
41903 234
160463 234
11448 234
20801 234
32384 234
45097 234
54262 234
56172 234
62261 234
69726 234
71577 234
73265 234
73288 234
78284 234
88766 234
50671 234
10469 234
44463 234
17875 234
20132 234
179144 234
210712 234
89862 234
14721 234
63788 234
26394 234
216615 234
85264 234
44553 234
66722 234
18031 234
56283 234
66333 234
18745 234
11201 234
52760 234
76985 234
29743 234
230622 234
35289 234
78968 234
32666 233
21098 233
44172 233
78870 233
82241 233
215442 233
217154 233
54210 233
53924 233
7648 233
34225 233
28850 233
37090 233
80229 233
67602 233
5906 233
10063 233
10656 233
11260 233
13814 233
13848 233
14013 233
14485 233
14594 233
15967 233
16309 233
16875 233
17028 233
17037 233
17201 233
17382 233
18275 233
19630 233
19685 233
20727 233
21086 233
22206 233
22553 233
23200 233
23859 233
25748 233
25811 233
26593 233
27682 233
29637 233
29981 233
32250 233
32786 233
32834 233
32953 233
33184 233
34132 233
34536 233
34767 233
35014 233
35258 233
35584 233
36031 233
36474 233
37308 233
37416 233
38641 233
38724 233
39990 233
41326 233
41972 233
43020 233
44045 233
44678 233
45308 233
46275 233
46731 233
49663 233
50396 233
50517 233
51031 233
51906 233
53023 233
53523 233
54563 233
57292 233
57808 233
58248 233
58587 233
58990 233
59696 233
60226 233
60232 233
61494 233
61576 233
61698 233
62620 233
65426 233
65500 233
67761 233
70010 233
70594 233
71959 233
72072 233
72188 233
72595 233
72992 233
74921 233
75828 233
75848 233
76636 233
76752 233
77985 233
78352 233
79139 233
81284 233
82135 233
83106 233
84391 233
84550 233
84590 233
84634 233
86120 233
87687 233
87972 233
89773 233
92376 233
92711 233
92844 233
103910 233
108574 233
56076 233
71626 233
48283 233
192959 233
44766 233
48343 233
68043 233
46214 233
47012 233
193638 233
32210 233
44268 233
82148 233
29885 233
59702 233
12009 233
65444 233
75715 233
17702 233
18135 233
18435 233
64267 233
74956 233
85644 233
86409 233
164377 233
165659 233
218029 233
219659 233
13292 233
172139 233
39899 233
172174 233
34067 233
82797 233
211334 233
50813 233
62672 233
155129 233
25619 232
37760 232
47716 232
199730 232
5160 232
711 232
9843 232
23695 232
36208 232
57690 232
75415 232
215682 232
82472 232
160474 232
51824 232
76500 232
88705 232
43149 232
40350 232
43638 232
17891 232
78375 232
89566 232
92218 232
14831 232
28046 232
57392 232
78779 232
87268 232
154876 232
187767 232
94555 232
59839 232
60938 232
84538 232
3100 232
234313 232
15962 232
193064 232
165271 232
219397 232
57420 232
214243 231
221977 231
69825 231
31262 231
8834 231
46034 231
73293 231
6723 231
58643 231
160681 231
190566 231
206853 231
29502 231
214416 231
35047 231
46857 231
49442 231
66287 231
73207 231
195351 231
6798 231
7398 231
32490 231
51775 231
52761 231
7768 231
16377 231
47488 231
58671 231
71482 231
15770 231
28024 231
55964 231
71464 231
94912 231
84044 231
11849 231
80266 231
40986 231
48094 231
9462 231
148743 231
242128 231
71901 231
198805 231
222978 231
213098 231
62732 230
32508 230
37792 230
41499 230
66828 230
70543 230
73691 230
81291 230
90111 230
33390 230
239342 230
74569 230
80971 230
92946 230
27580 230
70320 230
2242 230
9401 230
12944 230
14903 230
19245 230
19884 230
24259 230
24589 230
28583 230
29431 230
29461 230
32185 230
32647 230
34066 230
35030 230
35789 230
36490 230
37221 230
38121 230
38885 230
39613 230
40811 230
42752 230
43113 230
43163 230
44366 230
44407 230
44562 230
46422 230
48720 230
48730 230
49199 230
49497 230
49666 230
49678 230
50217 230
50356 230
50856 230
51056 230
52085 230
52151 230
53808 230
55942 230
56298 230
56519 230
56923 230
57052 230
57394 230
57499 230
57977 230
58596 230
60092 230
60566 230
60722 230
62060 230
62752 230
64025 230
64617 230
64678 230
64797 230
64847 230
64942 230
65180 230
65191 230
65359 230
65638 230
65815 230
66643 230
66909 230
67106 230
67688 230
67912 230
67939 230
68355 230
68635 230
69392 230
69494 230
69737 230
69932 230
70348 230
70363 230
71540 230
71772 230
71849 230
72222 230
73237 230
73408 230
74199 230
74883 230
75590 230
76196 230
76256 230
76402 230
76417 230
77361 230
77799 230
78049 230
78272 230
78317 230
78563 230
78643 230
78916 230
80471 230
80565 230
80663 230
80748 230
81377 230
81461 230
81593 230
82231 230
82857 230
84344 230
85244 230
85558 230
85595 230
85641 230
85808 230
85833 230
86140 230
86249 230
87540 230
88438 230
88706 230
88934 230
89119 230
90387 230
90534 230
90656 230
91034 230
91605 230
91738 230
91936 230
92011 230
92018 230
92549 230
92719 230
92799 230
92918 230
92935 230
93229 230
93400 230
93853 230
95464 230
165646 230
182863 230
196909 230
233983 230
243166 230
1337 230
70522 230
11802 230
73332 230
64791 230
195307 230
181939 230
19395 230
31093 230
48875 230
65023 230
84973 230
87833 230
88000 230
88464 230
168904 230
176376 230
198949 230
200474 230
213556 230
221872 230
238877 230
32082 230
157360 230
94168 230
82464 229
68328 229
33096 229
47145 229
61225 229
194317 229
88017 229
58898 229
61407 229
196286 229
53570 229
91512 229
156812 229
222390 229
186697 229
186958 229
45727 229
91114 229
26022 229
34048 229
36429 229
36822 229
43305 229
45427 229
47722 229
63244 229
66254 229
76926 229
58948 229
7194 229
16811 229
51629 229
60577 229
2780 229
24957 229
150109 229
221083 229
12087 229
14621 229
82704 229
92007 229
50382 229
204371 228
212363 228
33756 228
33840 228
57913 228
80109 228
92998 228
185026 228
70655 228
86193 228
61566 228
72866 228
20443 228
21514 228
26381 228
30113 228
45708 228
47456 228
53718 228
54820 228
55155 228
56393 228
56772 228
59391 228
60562 228
62600 228
67490 228
67721 228
69299 228
70178 228
73938 228
74293 228
78841 228
83960 228
84255 228
85154 228
88744 228
89706 228
206840 228
75312 228
45175 228
33807 228
35485 228
199736 228
46822 228
84659 228
162648 228
199096 228
243604 228
228601 228
36417 228
38130 228
38423 228
42636 228
45906 228
51522 228
56692 228
57686 228
58102 228
58746 228
59822 228
61812 228
67771 228
75381 228
77471 228
78213 228
87551 228
90782 228
51400 228
34905 228
236526 228
10080 228
50394 228
92888 228
85505 228
42300 228
22640 227
55829 227
17364 227
53973 227
84043 227
169111 227
73554 227
39559 227
44726 227
71455 227
196499 227
151003 227
1907 227
52655 227
163528 227
26555 227
27260 227
37725 227
38800 227
46575 227
52405 227
64338 227
67575 227
71334 227
185440 227
192398 227
9887 227
24335 227
41085 227
48050 227
59100 227
63519 227
63984 227
72259 227
72656 227
74126 227
74633 227
82449 227
84180 227
85104 227
85142 227
85203 227
88191 227
179337 227
218401 227
220619 227
74837 227
217980 227
219244 227
38472 227
19271 227
43291 227
62442 227
33508 227
53893 227
81094 227
22278 227
73154 226
184274 226
197062 226
54895 226
24078 226
70254 226
89349 226
10414 226
20026 226
35470 226
22367 226
17214 226
15851 226
17081 226
43450 226
67489 226
72700 226
73825 226
74821 226
76739 226
80403 226
87522 226
49213 226
54311 226
83623 226
58859 226
15548 226
22807 226
32292 226
63365 226
95555 226
55211 226
204233 226
5766 226
196812 226
32330 226
29703 226
86843 226
44244 226
224140 226
60173 226
221991 226
34080 226
4925 226
24627 226
83415 225
12894 225
71716 225
6288 225
184344 225
41940 225
46782 225
4116 225
23588 225
41511 225
42401 225
63162 225
64233 225
91048 225
52130 225
22239 225
23971 225
24896 225
25686 225
27838 225
30960 225
38544 225
38781 225
50535 225
50707 225
54704 225
60858 225
69540 225
70206 225
77252 225
78891 225
79423 225
95772 225
36329 225
62293 225
156544 225
84991 225
89275 225
64306 225
69538 225
69897 225
241835 225
11647 225
80284 225
45479 225
65720 225
60188 225
11936 225
20035 225
66835 225
68438 225
79731 225
175866 225
238632 225
35072 225
53440 225
69335 225
21332 224
21696 224
28307 224
35521 224
45451 224
52037 224
79029 224
79485 224
183737 224
208142 224
233222 224
69024 224
36560 224
81124 224
34438 224
162932 224
29245 224
243211 224
35052 224
40275 224
42802 224
57832 224
70558 224
83837 224
92222 224
82945 224
34311 224
228315 224
13507 224
34278 224
49091 224
77637 224
44057 224
64531 224
28042 224
62177 224
19634 224
15098 224
181582 224
238694 224
11094 224
23160 224
28657 224
41835 224
68115 224
73522 224
164236 224
180061 224
189108 224
218661 224
220093 224
245029 224
63783 224
22750 224
30893 224
44400 224
54185 224
82885 224
63097 224
75149 224
4672 223
63019 223
76406 223
82375 223
93051 223
93304 223
94181 223
95455 223
185640 223
199665 223
206390 223
11089 223
36245 223
45829 223
24767 223
16670 223
68566 223
243739 223
77815 223
206982 223
224289 223
56349 223
1604 223
3582 223
4596 223
5693 223
6264 223
10285 223
10581 223
10864 223
11075 223
13186 223
14243 223
17112 223
17138 223
19881 223
20524 223
21089 223
21971 223
22578 223
23256 223
23903 223
23948 223
24130 223
26546 223
26583 223
28150 223
29545 223
31060 223
31308 223
34092 223
35668 223
35746 223
35782 223
36373 223
36594 223
37423 223
38500 223
39912 223
40017 223
40295 223
40461 223
40691 223
41506 223
41534 223
41639 223
41758 223
41769 223
42288 223
42689 223
43010 223
43182 223
44799 223
47918 223
48225 223
48280 223
48792 223
49329 223
49581 223
50004 223
50323 223
51302 223
52516 223
53248 223
54883 223
55778 223
55931 223
57112 223
58327 223
59286 223
60730 223
61352 223
63873 223
64201 223
65576 223
65630 223
67072 223
68810 223
69461 223
70204 223
70962 223
72065 223
73178 223
73330 223
74830 223
75251 223
76753 223
77575 223
77924 223
78077 223
78621 223
79650 223
79742 223
83443 223
83845 223
84796 223
84932 223
86258 223
86523 223
86608 223
87129 223
87313 223
87694 223
88600 223
90107 223
91104 223
91277 223
92010 223
92184 223
92730 223
95349 223
95521 223
96365 223
97295 223
97450 223
103788 223
151524 223
161317 223
171446 223
184061 223
221273 223
46129 223
244411 223
91721 223
16117 223
50698 223
79327 223
85000 223
94198 223
241271 223
13883 223
221060 223
234872 223
46427 223
164365 223
8314 223
38281 223
44061 223
45773 223
48931 223
50312 223
51640 223
73477 223
73481 223
81294 223
83778 223
227923 223
86742 223
18741 223
22421 223
45441 223
71943 223
88898 223
62969 222
69320 222
33862 222
212098 222
234570 222
44741 222
216638 222
148515 222
174581 222
176081 222
180277 222
241999 222
165814 222
16089 222
30278 222
77912 222
49466 222
4070 222
67566 222
55586 222
28078 222
56452 222
56539 222
75781 222
89101 222
23505 222
15216 222
35471 222
48938 222
46702 222
163144 222
48600 222
67092 222
19391 222
10262 222
44934 222
70281 222
60024 222
68916 222
244806 222
230944 222
68430 222
20988 221
48694 221
9531 221
27909 221
30163 221
42220 221
50550 221
59849 221
68244 221
76788 221
78140 221
78729 221
162182 221
212413 221
30290 221
26300 221
50027 221
74258 221
92048 221
159599 221
24814 221
91063 221
227364 221
60400 221
192023 221
203947 221
236694 221
10397 221
38166 221
66005 221
74958 221
91841 221
94497 221
17275 221
4366 221
50203 221
54717 221
55982 221
70960 221
72250 221
83199 221
84565 221
89409 221
155425 221
177949 221
203065 221
208937 221
235829 221
82525 221
35989 221
48459 221
62524 220
234869 220
244727 220
91707 220
30292 220
22208 220
87524 220
57872 220
31855 220
58518 220
83934 220
190431 220
24757 220
48210 220
72607 220
79689 220
180670 220
213236 220
158712 220
202845 220
30803 220
235030 220
40400 220
61954 220
57441 220
27525 220
17934 220
182326 220
217445 220
52303 220
38655 220
65608 220
170728 220
6261 220
22639 220
181523 220
185875 220
191073 220
206552 220
45416 219
15086 219
208208 219
57235 219
46358 219
205449 219
14374 219
44237 219
13256 219
18815 219
14969 219
55425 219
88486 219
47573 219
48129 219
84832 219
74415 219
39730 219
217115 219
17344 219
45637 219
54447 219
86335 219
95700 219
70639 219
65831 219
15412 219
31692 219
187866 219
76897 219
71736 219
3695 219
19564 219
34263 219
67418 219
198748 218
12476 218
41812 218
67515 218
190335 218
228427 218
49555 218
94218 218
66289 218
43162 218
85822 218
60925 218
23362 218
25123 218
36142 218
46616 218
65927 218
70095 218
80116 218
58876 218
9056 218
45723 218
71301 218
180088 218
186669 218
188791 218
219042 218
243220 218
52580 218
56471 218
70365 218
234885 218
7921 218
52771 218
8000 218
14219 218
15125 218
20423 218
24338 218
24605 218
25051 218
25157 218
25313 218
25366 218
30588 218
32366 218
32466 218
32600 218
32932 218
34117 218
34428 218
34477 218
35041 218
37810 218
38056 218
38521 218
38894 218
40192 218
40311 218
41611 218
43214 218
43725 218
43824 218
44040 218
45418 218
45602 218
45646 218
46268 218
46523 218
48089 218
48412 218
48449 218
48494 218
49123 218
49326 218
50036 218
50951 218
51777 218
52034 218
52688 218
53438 218
53478 218
53979 218
54326 218
55287 218
57131 218
57435 218
57841 218
58270 218
58474 218
58508 218
58526 218
58791 218
59249 218
59269 218
59789 218
59903 218
60257 218
60422 218
60468 218
60661 218
61196 218
61306 218
61481 218
61633 218
61979 218
62629 218
63679 218
64141 218
64167 218
64170 218
64340 218
65232 218
65408 218
65464 218
65687 218
65858 218
66046 218
66697 218
67084 218
67207 218
67379 218
67718 218
67909 218
68079 218
68705 218
69434 218
69780 218
70040 218
70329 218
70628 218
70880 218
70896 218
71040 218
71103 218
72132 218
72151 218
72162 218
72828 218
73132 218
73672 218
73969 218
74113 218
74122 218
74880 218
75295 218
75382 218
75594 218
75840 218
76136 218
76304 218
76482 218
76770 218
77018 218
77442 218
77736 218
77861 218
78059 218
78863 218
78903 218
79001 218
79432 218
79458 218
79606 218
80371 218
82909 218
83419 218
83451 218
83727 218
83983 218
84376 218
85897 218
86240 218
86797 218
87009 218
87334 218
87696 218
88226 218
88754 218
89698 218
89721 218
90129 218
90349 218
90575 218
90841 218
90997 218
91256 218
91929 218
92084 218
92274 218
93131 218
93980 218
94146 218
94386 218
94410 218
94650 218
94677 218
94694 218
95588 218
95704 218
152015 218
157268 218
178264 218
202537 218
228473 218
238063 218
45004 218
82450 218
37105 218
65440 218
79938 218
182779 218
172080 218
188942 218
201837 218
218338 218
222578 218
92870 218
36725 218
51654 218
57066 218
61031 218
74078 218
89904 218
92206 218
94037 218
171907 218
181761 218
188719 218
195921 218
200712 218
72968 217
74202 217
27993 217
80134 217
68343 217
203128 217
61952 217
87905 217
54152 217
61506 217
52543 217
80157 217
152183 217
80781 217
24145 217
25375 217
54422 217
7378 217
9073 217
12147 217
27285 217
32892 217
35240 217
37172 217
40328 217
54154 217
58426 217
70004 217
158056 217
52570 217
51655 217
25073 217
91050 217
165025 217
193707 217
89292 217
54141 217
227920 217
72801 217
41033 217
153080 217
194907 217
203534 217
241199 217
19465 217
21515 217
62830 217
66336 217
229294 217
50580 217
30055 216
39939 216
18220 216
53557 216
71595 216
81113 216
245580 216
39245 216
45620 216
21894 216
86613 216
25497 216
34206 216
232274 216
211057 216
9854 216
28075 216
28359 216
28608 216
29180 216
35372 216
36640 216
38224 216
39639 216
53907 216
56156 216
64415 216
68360 216
72399 216
72895 216
72975 216
76409 216
76511 216
82951 216
83067 216
86923 216
87904 216
88239 216
93001 216
94409 216
87045 216
83428 216
35107 216
189796 216
67358 216
153374 216
36197 216
60662 216
79941 216
6412 216
6480 216
21304 216
38543 216
55070 216
57439 216
60042 216
63055 216
74214 216
75386 216
80581 216
82296 216
87032 216
93145 216
93149 216
243080 215
86064 215
31744 215
44533 215
51909 215
41462 215
194175 215
227342 215
229436 215
234198 215
51043 215
31759 215
87783 215
92777 215
172941 215
34733 215
45136 215
73227 215
243796 215
40614 215
83862 215
186790 215
209937 215
232897 215
48009 215
79424 215
159717 215
203372 215
227101 215
6571 215
46750 215
4995 215
12243 215
17059 215
37063 215
42792 215
46936 215
86671 215
158858 215
168321 215
177617 215
62246 215
21392 215
28796 215
29821 215
45245 215
47398 215
49037 215
52823 215
53655 215
56945 215
61235 215
71027 215
78104 215
84598 215
87014 215
91966 215
148644 215
175565 215
209366 215
245083 215
65293 215
49668 215
196472 215
59513 215
10150 215
58435 215
69687 215
79665 215
84676 215
191233 215
17930 214
20890 214
80490 214
86302 214
92690 214
18138 214
73887 214
78680 214
83521 214
85250 214
89222 214
187668 214
196848 214
207622 214
22961 214
85929 214
10115 214
17651 214
54001 214
55348 214
56456 214
72172 214
80025 214
92814 214
209010 214
188966 214
227146 214
80256 214
87250 214
87416 214
76261 214
78087 214
28693 214
1843 214
28604 214
41983 214
43148 214
48955 214
55163 214
58132 214
59477 214
62326 214
71541 214
73039 214
80186 214
94818 214
54269 214
11204 214
33575 214
7231 214
160842 214
62110 214
174100 214
194080 214
242490 214
7517 214
193316 214
81815 214
66985 214
175941 214
227524 214
11923 214
246283 214
88626 214
92930 214
19493 214
39455 214
78291 214
90133 214
47422 214
53914 214
66618 214
72941 214
73460 214
89637 214
45823 213
70825 213
80852 213
59857 213
23035 213
230803 213
24811 213
95322 213
81756 213
246728 213
94938 213
40430 213
48977 213
199908 213
22521 213
44135 213
6567 213
9051 213
11052 213
12690 213
16085 213
16630 213
18551 213
20031 213
20048 213
20237 213
21869 213
23411 213
24025 213
24586 213
25002 213
26523 213
27168 213
27922 213
27992 213
28199 213
28372 213
30377 213
32780 213
32820 213
34122 213
34419 213
35122 213
35335 213
35861 213
36839 213
37869 213
38418 213
38673 213
39037 213
39634 213
40217 213
41104 213
41667 213
42574 213
43654 213
43939 213
44593 213
44717 213
47833 213
48145 213
48913 213
49339 213
49705 213
50327 213
50331 213
51105 213
53239 213
53323 213
53427 213
53832 213
54189 213
54388 213
55189 213
55195 213
55264 213
55289 213
55635 213
56186 213
56658 213
56948 213
57126 213
57442 213
57528 213
58237 213
58795 213
59059 213
59069 213
59915 213
60446 213
62605 213
62731 213
62842 213
63829 213
64976 213
65419 213
65773 213
65814 213
66323 213
67725 213
67951 213
69192 213
69451 213
69815 213
70165 213
70932 213
71084 213
71158 213
72567 213
72631 213
72960 213
75457 213
76880 213
78108 213
78593 213
80432 213
82895 213
84760 213
84931 213
85686 213
86615 213
87829 213
87928 213
87991 213
88885 213
89272 213
89895 213
93174 213
93965 213
95415 213
96172 213
98817 213
99474 213
99945 213
100713 213
101980 213
180859 213
204292 213
70484 213
75466 213
40549 213
156391 213
186525 213
5735 213
27641 213
54745 213
56009 213
73507 213
222963 213
175939 213
179353 213
208251 213
173122 213
8960 213
6190 212
11850 212
18226 212
21854 212
41454 212
54938 212
87715 212
30577 212
77647 212
23523 212
31897 212
35219 212
61776 212
71763 212
83387 212
84181 212
95102 212
184013 212
27555 212
42032 212
68802 212
21878 212
230331 212
40247 212
42292 212
64478 212
69561 212
87990 212
62025 212
18686 212
25611 212
25912 212
34235 212
59037 212
80149 212
82455 212
85984 212
221481 212
11632 212
16942 212
46031 212
33684 212
52859 212
192298 212
1233 212
26191 212
34871 212
43952 212
50136 212
59438 212
59725 212
62529 212
68187 212
70439 212
82482 212
84483 212
84783 212
90646 212
94377 212
170834 212
230909 212
242100 212
245787 212
87520 212
19534 212
44031 212
54226 212
72411 212
78129 212
193032 212
195870 212
35205 212
30429 212
20780 211
173397 211
37438 211
63673 211
41018 211
31374 211
70299 211
71983 211
77121 211
80192 211
91919 211
244853 211
20636 211
66561 211
83214 211
91508 211
54112 211
31906 211
85639 211
46332 211
69984 211
30694 211
90305 211
93484 211
183398 211
190312 211
34604 211
43498 211
45540 211
149492 211
218821 211
224997 211
239774 211
44880 211
25558 211
33425 211
51078 211
62992 211
67235 211
34887 211
188292 211
11736 211
47020 211
51485 211
51538 211
88719 211
15557 211
32674 211
61617 211
183321 211
193920 211
216035 211
76003 210
23577 210
41309 210
37028 210
38482 210
53415 210
76577 210
78080 210
48298 210
81521 210
84607 210
23741 210
41866 210
46016 210
60307 210
72121 210
78571 210
79141 210
88158 210
190288 210
37142 210
45928 210
67551 210
82492 210
221624 210
6272 210
19162 210
79059 210
19453 210
49755 210
54651 210
88891 210
20810 210
34060 210
48306 210
180872 210
61284 210
32445 210
28139 210
9208 210
37900 210
57943 210
196369 210
164577 210
155769 209
38723 209
16196 209
73527 209
213834 209
228962 209
42771 209
171386 209
79465 209
43536 209
62834 209
207273 209
40984 209
19718 209
152838 209
163448 209
38473 209
57035 209
81837 209
87996 209
209480 209
7024 209
30862 209
31962 209
43574 209
48159 209
61017 209
75755 209
81192 209
81906 209
82584 209
177311 209
193895 209
207968 209
233272 209
17877 208
46664 208
47535 208
183036 208
203995 208
57143 208
26582 208
35406 208
52175 208
62065 208
41097 208
14524 208
163029 208
15284 208
28950 208
92397 208
93824 208
246024 208
158318 208
181447 208
240258 208
9172 208
66100 208
80088 208
82868 208
53194 208
80159 208
85675 208
188364 208
208380 208
226658 208
240205 208
40111 208
2954 208
71335 208
210100 208
228535 208
66097 208
8226 208
46625 208
191161 208
44184 208
79413 208
182029 208
234713 208
244191 208
58985 208
42482 207
62817 207
82275 207
236004 207
30349 207
39934 207
237491 207
153065 207
185825 207
55352 207
51090 207
51588 207
154099 207
14551 207
64116 207
182018 207
14732 207
30276 207
192048 207
33874 207
69370 207
87903 207
193336 207
208827 207
19732 207
25420 207
36297 207
90149 207
28019 207
48904 207
168103 207
60617 207
53858 207
90345 207
62711 206
2773 206
40787 206
76730 206
84770 206
95824 206
35449 206
208438 206
235413 206
37401 206
70764 206
170667 206
45128 206
72156 206
17487 206
28230 206
42662 206
83912 206
26359 206
46333 206
89063 206
242468 206
179999 206
184497 206
43036 206
44861 206
62325 206
63592 206
69391 206
81532 206
95397 206
184140 206
221845 206
20885 206
15844 206
9390 206
170127 206
34167 206
1995 206
5107 206
5848 206
7296 206
7991 206
8267 206
16340 206
16641 206
19069 206
19617 206
20127 206
20535 206
21178 206
21586 206
26503 206
27103 206
28841 206
29982 206
33279 206
34607 206
34838 206
34950 206
35371 206
36017 206
37053 206
38522 206
38650 206
39063 206
39888 206
40615 206
41840 206
42080 206
42304 206
43255 206
43432 206
44065 206
44981 206
45619 206
47519 206
48262 206
48274 206
50185 206
50859 206
51191 206
51336 206
51727 206
54601 206
55414 206
55555 206
56322 206
56540 206
57037 206
57864 206
58174 206
60482 206
60663 206
61008 206
61217 206
61380 206
61607 206
61985 206
62088 206
62588 206
62964 206
63160 206
63205 206
63371 206
63620 206
63646 206
63674 206
64805 206
64880 206
64954 206
65129 206
65626 206
66110 206
66780 206
66960 206
66980 206
67080 206
67175 206
67560 206
67830 206
68392 206
68819 206
68870 206
68905 206
68915 206
68992 206
69023 206
69135 206
69584 206
70090 206
71254 206
71812 206
71873 206
72070 206
72852 206
73450 206
73708 206
74029 206
74555 206
74564 206
74971 206
75166 206
75996 206
76311 206
76898 206
77102 206
78274 206
78597 206
78627 206
78723 206
78995 206
79833 206
79976 206
80118 206
80903 206
81148 206
81203 206
81382 206
81438 206
81559 206
81855 206
82088 206
82546 206
82590 206
83081 206
83404 206
83600 206
83893 206
84011 206
84018 206
84046 206
84216 206
84553 206
85043 206
85235 206
85739 206
85874 206
86149 206
86213 206
86489 206
86572 206
87202 206
87595 206
88335 206
88376 206
88661 206
88814 206
89632 206
90300 206
90777 206
90881 206
91317 206
91795 206
91855 206
91944 206
92285 206
94391 206
94437 206
94780 206
149031 206
161824 206
162562 206
176742 206
199017 206
201128 206
208598 206
215231 206
216594 206
220319 206
221636 206
232514 206
26786 206
73005 206
94458 206
238298 206
65707 206
65884 206
11662 206
16467 206
67916 206
29425 206
31539 206
58431 206
66207 206
94536 206
8537 206
67499 206
66060 206
63803 206
44616 206
12413 206
242332 206
62430 205
36541 205
39646 205
43421 205
47144 205
56286 205
58543 205
60387 205
62294 205
65875 205
93015 205
93064 205
169917 205
172282 205
205118 205
238844 205
44403 205
72130 205
149331 205
59310 205
89346 205
40164 205
65607 205
69239 205
89679 205
202657 205
197365 205
227611 205
3326 205
49931 205
14895 205
86823 205
186507 205
84641 205
155833 205
191229 205
210140 205
218676 205
34208 205
70995 205
18923 205
26921 205
52072 205
52924 205
56010 205
82975 205
83264 205
84934 205
91210 205
242253 205
15261 205
26942 205
50406 205
72102 205
21023 205
53795 205
85845 205
38771 204
59161 204
66713 204
22322 204
71017 204
79028 204
30950 204
58480 204
43409 204
95193 204
214740 204
39405 204
46714 204
54263 204
56332 204
88034 204
94848 204
175917 204
15053 204
23092 204
68508 204
72191 204
61310 204
91078 204
38160 204
39962 204
41636 204
46088 204
52942 204
57911 204
59222 204
60071 204
60453 204
61580 204
62946 204
63849 204
66680 204
69679 204
82827 204
230638 204
31945 204
12290 204
59548 204
87373 204
168154 204
63713 204
214162 204
196288 203
4991 203
14612 203
32874 203
33757 203
42895 203
45401 203
45970 203
53912 203
55957 203
56386 203
58836 203
61254 203
71242 203
71389 203
72548 203
72730 203
76572 203
83476 203
86243 203
88933 203
182926 203
242238 203
11492 203
41263 203
52221 203
34125 203
85538 203
88962 203
44043 203
65863 203
45866 203
3783 203
21007 203
51936 203
83265 203
171784 203
214380 203
222068 203
234642 203
6344 203
6104 203
9122 203
9968 203
13844 203
17844 203
18059 203
18227 203
19284 203
19390 203
20883 203
21467 203
21806 203
21822 203
22295 203
23503 203
23700 203
24077 203
24456 203
25324 203
25622 203
25772 203
26033 203
27341 203
27395 203
28820 203
29803 203
30769 203
32005 203
32479 203
33025 203
33905 203
34273 203
34858 203
34938 203
35194 203
35472 203
35480 203
36086 203
36174 203
36453 203
37988 203
38420 203
39376 203
39446 203
39678 203
39868 203
40403 203
40770 203
40915 203
41980 203
42229 203
42736 203
43470 203
43586 203
43875 203
45036 203
45231 203
46108 203
48004 203
48275 203
48872 203
49309 203
49763 203
50263 203
50521 203
50562 203
50841 203
50913 203
51168 203
51644 203
51843 203
52170 203
53640 203
54547 203
54581 203
54751 203
55307 203
55374 203
55530 203
56295 203
57670 203
58233 203
59316 203
60107 203
60259 203
61669 203
62000 203
62207 203
62477 203
64015 203
64029 203
64040 203
65064 203
65145 203
65436 203
66314 203
67625 203
68301 203
68313 203
68687 203
69220 203
70029 203
70268 203
70766 203
70996 203
71466 203
71777 203
72002 203
72099 203
73850 203
73971 203
74656 203
76169 203
76565 203
76674 203
76918 203
78699 203
79551 203
79837 203
80137 203
80620 203
81454 203
81555 203
82431 203
85057 203
85811 203
85877 203
86117 203
86849 203
87775 203
87976 203
88810 203
88975 203
90390 203
90421 203
91230 203
93030 203
93091 203
93181 203
93445 203
93628 203
93870 203
94072 203
95229 203
95839 203
96198 203
96221 203
97380 203
104062 203
152134 203
191514 203
38907 203
41158 203
48115 203
51836 203
58323 203
59875 203
62034 203
62706 203
65048 203
69129 203
69875 203
72782 203
73126 203
75968 203
76441 203
78998 203
81712 203
82757 203
84884 203
85996 203
88711 203
92027 203
178655 203
180025 203
194385 203
196457 203
205898 203
213053 203
183687 203
67665 203
47942 203
57174 203
93067 203
51004 203
181604 203
196057 202
74756 202
72747 202
91157 202
233464 202
69952 202
18902 202
19336 202
27673 202
72181 202
81167 202
88331 202
90251 202
69473 202
53715 202
65887 202
73426 202
75956 202
81408 202
87632 202
88605 202
165091 202
200545 202
217595 202
224996 202
234606 202
33014 202
231645 202
17835 202
24900 202
26264 202
66532 202
83008 202
83082 202
33841 202
82807 202
206198 202
86631 202
55035 202
66867 202
244647 202
58181 202
92542 202
14543 202
21904 202
36722 202
41143 202
41255 202
43408 202
44098 202
47271 202
59851 202
63073 202
64552 202
65219 202
79088 202
92954 202
70306 202
34414 202
55744 202
60983 202
69703 202
73387 202
148779 202
86419 202
222034 202
239835 202
52724 202
92119 202
51932 202
28839 202
66919 202
91968 202
21558 202
35942 202
36038 202
40860 202
60267 202
14576 202
25202 202
202906 202
49860 202
189216 202
192452 202
88144 201
24798 201
94459 201
205166 201
10294 201
584 201
64689 201
65385 201
65772 201
16532 201
198701 201
86773 201
35142 201
28469 201
95659 201
13620 201
48389 201
54090 201
30255 201
194166 201
7240 201
181609 201
37102 201
52263 201
59648 201
60912 201
67942 201
70992 201
82514 201
95016 201
18502 201
68931 201
222185 201
29576 201
159574 201
56108 201
173571 201
152298 201
165393 201
207155 201
40366 201
48320 201
60240 201
89304 201
40946 201
9659 201
13918 201
25142 201
41960 201
43585 201
24532 201
27717 201
64550 201
175056 201
58909 200
65092 200
66778 200
175032 200
91416 200
28493 200
14127 200
17282 200
30565 200
31794 200
50448 200
83069 200
171100 200
14678 200
29619 200
68754 200
185406 200
8600 200
25145 200
170660 200
43048 200
65184 200
86857 200
212174 200
46040 200
56028 200
65550 200
78111 200
86297 200
87296 200
30535 200
159896 200
52684 200
92507 200
163935 200
223154 200
75159 200
87767 200
33721 200
43969 200
52698 200
60165 200
66861 200
67844 200
73257 200
75742 200
77347 200
81470 200
81676 200
89195 200
90750 200
169189 200
204444 200
218246 200
71014 200
59894 199
68362 199
30707 199
225813 199
80600 199
174582 199
194434 199
214240 199
221949 199
235116 199
55894 199
217415 199
44637 199
52277 199
53469 199
66505 199
70603 199
82143 199
94152 199
161133 199
161516 199
199775 199
238376 199
238395 199
81427 199
90560 199
47373 199
56553 199
22714 199
35503 199
70794 199
16121 199
76803 199
172271 199
178280 199
70842 199
54614 199
66965 199
72618 199
151194 199
168753 199
202242 199
30422 199
31377 199
36211 199
41150 199
43166 199
63735 199
78300 199
84282 199
68862 199
79236 199
193420 198
165691 198
179347 198
42988 198
48705 198
151027 198
195291 198
205646 198
238180 198
45003 198
77618 198
89635 198
15524 198
18407 198
30344 198
39961 198
50034 198
52755 198
56710 198
57597 198
62683 198
63212 198
73013 198
73640 198
86514 198
185310 198
67920 198
88981 198
69769 198
46772 198
14738 198
32642 198
94605 198
37925 198
12288 198
235276 198
80619 198
88163 198
92802 198
46203 198
39324 197
13601 197
49579 197
66447 197
10280 197
71884 197
206672 197
69445 197
12596 197
37857 197
46038 197
59039 197
60151 197
70272 197
201148 197
219560 197
16565 197
82017 197
33838 197
60931 197
11636 197
95448 197
95152 197
46291 197
184085 197
61568 197
67979 197
35391 197
29578 197
40434 197
61111 197
174697 197
188489 197
196779 197
206933 197
18930 197
20213 197
34700 197
56462 197
58941 197
74443 197
83671 197
84718 197
88238 197
202201 197
25377 197
51300 197
73868 197
95539 197
221684 197
31763 196
33737 196
38716 196
39224 196
43529 196
54750 196
68664 196
69862 196
71358 196
80010 196
87912 196
90016 196
90385 196
166074 196
167157 196
183231 196
225944 196
2684 196
18342 196
46015 196
80566 196
63215 196
83352 196
60040 196
24074 196
17308 196
62020 196
62415 196
78559 196
15112 196
199860 196
18166 196
28370 196
28518 196
41289 196
47654 196
50891 196
62248 196
95554 196
82500 196
173124 196
179623 196
21982 196
72650 196
80928 196
69546 196
14504 196
19626 196
160833 196
26504 196
29066 196
30832 196
3937 196
48539 196
53665 195
239836 195
38502 195
83391 195
202699 195
7382 195
47855 195
54035 195
29090 195
21885 195
93523 195
72271 195
168979 195
8550 195
80646 195
72784 195
206615 195
24611 195
93333 195
33836 195
74077 195
47842 195
196040 195
90253 195
32392 195
28453 195
79996 195
30090 195
95001 195
2853 195
23832 195
26570 195
26806 195
43417 195
66007 195
66365 195
75778 195
76729 195
77881 195
78298 195
84576 195
156510 195
81874 195
30945 195
51740 194
16453 194
54853 194
46419 194
185997 194
16414 194
19943 194
66788 194
11953 194
14784 194
40057 194
153950 194
5006 194
39567 194
47756 194
63262 194
65305 194
69297 194
79156 194
29862 194
30966 194
81730 194
84498 194
157016 194
243157 194
64937 194
176447 194
45965 194
61989 194
4218 194
6959 194
7513 194
8465 194
10648 194
14881 194
16076 194
16194 194
17956 194
21432 194
22298 194
22563 194
22604 194
24418 194
28719 194
28813 194
29150 194
30846 194
32091 194
32495 194
32843 194
33502 194
34162 194
35223 194
35457 194
35522 194
35652 194
36877 194
37389 194
38070 194
40047 194
42007 194
43343 194
43631 194
43965 194
44080 194
44571 194
45193 194
45989 194
46458 194
46640 194
47205 194
47594 194
48380 194
48436 194
49000 194
49196 194
49327 194
49602 194
49834 194
49944 194
51217 194
51239 194
53076 194
53243 194
56001 194
56176 194
56675 194
57017 194
58081 194
58186 194
59105 194
59280 194
59639 194
59729 194
59731 194
59837 194
60506 194
60754 194
61029 194
61540 194
62587 194
62665 194
62824 194
63685 194
64054 194
64242 194
64450 194
64610 194
64845 194
64961 194
65214 194
65327 194
65599 194
65967 194
66024 194
66234 194
66290 194
67079 194
67606 194
67742 194
67847 194
68001 194
68171 194
68385 194
68587 194
69514 194
69605 194
69755 194
69998 194
70044 194
70120 194
70225 194
70474 194
71367 194
71436 194
71703 194
71920 194
72083 194
73609 194
74881 194
75704 194
75818 194
75940 194
76301 194
76518 194
76571 194
76594 194
77385 194
77389 194
77714 194
77898 194
78706 194
79075 194
79267 194
79409 194
79459 194
79904 194
80340 194
81031 194
81972 194
81994 194
82183 194
82232 194
82243 194
82459 194
82656 194
83196 194
83544 194
83567 194
83847 194
84091 194
84168 194
85364 194
85426 194
85569 194
85899 194
86010 194
86176 194
86204 194
86215 194
86224 194
86700 194
88140 194
88284 194
88569 194
88731 194
89545 194
90909 194
91083 194
91580 194
91818 194
92125 194
92676 194
92874 194
93289 194
93336 194
93433 194
94362 194
95216 194
95269 194
95645 194
95695 194
161804 194
171300 194
178256 194
189151 194
189395 194
191162 194
207135 194
213382 194
215326 194
221646 194
226047 194
228520 194
233071 194
233276 194
235810 194
243816 194
246166 194
62239 194
36580 194
7585 194
20755 194
22163 194
161063 194
42896 194
44883 194
96449 193
13243 193
23763 193
36190 193
40218 193
16258 193
162345 193
34818 193
37822 193
66078 193
70869 193
77532 193
94498 193
95117 193
192367 193
193397 193
215217 193
239783 193
37055 193
44113 193
54755 193
83680 193
93038 193
93100 193
180893 193
202989 193
228832 193
23053 193
34706 193
82101 193
84647 193
186096 193
85156 193
226504 193
201666 193
213453 193
39777 193
165104 193
21493 193
35567 193
67664 193
89374 193
91108 193
91226 193
93752 193
149513 193
162016 193
25213 193
45616 193
2108 193
3139 193
4957 193
7979 193
10754 193
15868 193
16304 193
17054 193
18044 193
18327 193
18440 193
18883 193
19894 193
21272 193
22225 193
22309 193
22920 193
23257 193
24063 193
24426 193
25836 193
25877 193
25976 193
26063 193
26114 193
27080 193
27540 193
27845 193
28138 193
28157 193
28207 193
28399 193
29280 193
29745 193
30154 193
30783 193
31487 193
31871 193
31964 193
32707 193
32883 193
33407 193
34257 193
35002 193
35303 193
35575 193
36256 193
36583 193
36925 193
37228 193
37252 193
37591 193
38327 193
38743 193
38759 193
38935 193
41056 193
41227 193
41843 193
41848 193
43347 193
44092 193
44390 193
45221 193
45843 193
45853 193
46095 193
46305 193
46591 193
47290 193
47550 193
48191 193
48677 193
49289 193
49455 193
51881 193
52525 193
52537 193
52645 193
53237 193
53759 193
53773 193
53871 193
54255 193
54638 193
56024 193
56066 193
56121 193
57155 193
57263 193
58633 193
58926 193
58956 193
59435 193
59695 193
60048 193
61195 193
61685 193
62596 193
63006 193
64891 193
66586 193
67871 193
69747 193
69940 193
70319 193
70551 193
71101 193
71501 193
72340 193
72809 193
73059 193
74048 193
75258 193
75673 193
75994 193
76916 193
76973 193
79555 193
80336 193
80763 193
80943 193
81345 193
82042 193
82625 193
85384 193
85657 193
85678 193
86789 193
87206 193
87995 193
88098 193
88700 193
89084 193
89255 193
90153 193
90668 193
96200 193
96397 193
96961 193
98288 193
99486 193
99927 193
105844 193
115476 193
157816 193
45380 193
176815 193
180415 193
191021 193
44823 192
49683 192
60069 192
32549 192
70740 192
6100 192
14874 192
22251 192
30937 192
56240 192
92974 192
58868 192
40507 192
159050 192
36321 192
243010 192
13111 192
21898 192
22019 192
28541 192
46492 192
47925 192
48076 192
55508 192
57454 192
60037 192
32176 192
85054 192
10064 192
21679 192
76392 192
40919 192
65763 192
65937 192
68236 192
89538 192
28960 192
44464 192
56129 192
39400 192
44428 192
64362 192
51221 192
51651 192
192200 192
11060 192
16353 192
16891 192
29396 192
30023 192
31946 192
45093 192
45802 192
46254 192
47110 192
47665 192
52040 192
52635 192
56088 192
56313 192
56428 192
60168 192
60717 192
62377 192
62788 192
64970 192
71049 192
76963 192
82078 192
82133 192
82316 192
85217 192
87462 192
95035 192
20845 192
47289 192
198726 192
94795 192
95360 192
77423 192
13105 192
31695 192
32075 192
42142 192
55281 192
64399 192
85832 192
149137 192
83512 191
79489 191
27445 191
60512 191
11891 191
20882 191
21876 191
22231 191
32255 191
36811 191
39872 191
40240 191
43749 191
44168 191
46809 191
47574 191
49322 191
56000 191
59846 191
64359 191
66200 191
67163 191
71306 191
76692 191
76891 191
76999 191
79620 191
81612 191
83048 191
85345 191
87738 191
88495 191
94658 191
186312 191
204993 191
60378 191
42467 191
159799 191
221776 191
37202 191
227722 191
27990 191
88497 191
217230 191
45966 191
88279 191
75323 191
41590 191
5538 191
65035 191
75374 191
8778 191
27242 191
66646 191
59784 191
33658 191
49533 191
239853 191
13639 191
26717 191
27645 191
32996 191
42777 191
49302 191
51781 191
56454 191
58457 191
61152 191
66388 191
69975 191
70420 191
72112 191
74571 191
79931 191
81406 191
85247 191
85467 191
87681 191
89520 191
90282 191
157958 191
181598 191
187503 191
223665 191
242027 191
233963 191
28768 191
176929 191
77581 190
77727 190
82146 190
84937 190
48241 190
49088 190
60781 190
87081 190
95449 190
62801 190
165326 190
243728 190
4063 190
42503 190
61079 190
9005 190
11345 190
19616 190
54576 190
56554 190
58448 190
74319 190
76320 190
82006 190
89429 190
159702 190
199085 190
200795 190
214812 190
232492 190
40019 190
43977 190
65746 190
74345 190
195290 190
46222 190
73754 190
50667 190
12742 190
65286 190
4389 190
12712 190
27693 190
30224 190
33453 190
34739 190
38707 190
40969 190
58103 190
61364 190
68741 190
70884 190
86938 190
73020 190
241892 190
37451 190
73233 190
56281 190
185450 190
221187 190
239032 190
243246 190
37759 190
51121 190
204959 190
182112 190
200940 190
52949 189
73392 189
87495 189
44661 189
46247 189
66714 189
20259 189
93250 189
66069 189
61107 189
172840 189
18768 189
32148 189
33402 189
155628 189
230937 189
49011 189
56718 189
19057 189
32113 189
60720 189
62769 189
74073 189
79385 189
86651 189
91377 189
180559 189
207464 189
43698 189
70357 189
87019 189
239164 189
148275 189
36034 188
3671 188
13146 188
14440 188
31915 188
45085 188
63669 188
65686 188
204430 188
63861 188
84535 188
85014 188
220105 188
38830 188
72526 188
212844 188
34847 188
50064 188
51519 188
60822 188
64950 188
72675 188
85923 188
89143 188
229615 188
34869 188
38321 188
53479 188
57758 188
62538 188
76049 188
30768 188
32766 188
42766 188
211120 188
35585 188
84425 188
29731 188
15246 188
24407 188
45077 188
52756 188
57060 188
77516 188
1739 188
27148 188
152397 188
164790 188
185711 188
8923 188
39372 188
80310 188
41963 188
13435 188
153645 188
27553 187
33919 187
37513 187
58299 187
63219 187
69203 187
69522 187
77943 187
80738 187
94071 187
95456 187
157326 187
218985 187
74139 187
33319 187
40070 187
46729 187
6733 187
55551 187
39299 187
77236 187
197378 187
220043 187
29773 187
62934 187
86035 187
89990 187
91444 187
28723 187
77682 187
81096 187
175880 187
225003 187
46100 187
157047 187
154496 187
219620 187
60634 187
31169 187
41710 187
68191 187
82293 187
38566 187
9332 187
29644 187
151339 187
206625 187
213145 187
68998 187
45249 187
51827 187
79882 187
1444 186
22965 186
25711 186
39250 186
41058 186
41515 186
44133 186
48975 186
50932 186
57592 186
83859 186
64881 186
196712 186
223842 186
21150 186
48797 186
65055 186
66178 186
84417 186
84432 186
88102 186
86761 186
159211 186
78023 186
84414 186
4407 186
14602 186
49371 186
24336 186
31479 186
36562 186
53293 186
71287 186
71552 186
36085 186
61272 186
10676 186
34461 186
66533 186
50184 186
185919 186
78930 186
20502 186
21660 186
23512 186
24520 186
27635 186
34246 186
35368 186
39964 186
40241 186
55643 186
56465 186
58540 186
68241 186
75475 186
87730 186
92816 186
95113 186
61197 186
205011 186
40805 186
18806 186
28747 186
36147 186
41991 186
43981 186
55258 186
58399 186
77400 186
206431 186
9865 186
45770 186
17897 186
89876 186
175165 186
219653 186
5785 186
31706 186
51135 186
15645 186
12030 186
94463 186
154593 186
27698 186
54489 186
73848 186
37800 185
57085 185
92895 185
32454 185
14073 185
58297 185
28565 185
60606 185
74380 185
217663 185
229345 185
50150 185
88881 185
10969 185
186911 185
31149 185
62911 185
68107 185
197561 185
222516 185
76741 185
212718 185
45006 185
21765 185
57217 185
38030 185
52923 185
60014 185
16789 185
29029 185
46287 185
51058 185
52565 185
57532 185
77182 185
85354 185
238972 185
82233 185
6993 184
69125 184
33151 184
35979 184
47958 184
56073 184
57026 184
60784 184
66080 184
68605 184
68843 184
71857 184
81170 184
85450 184
93425 184
176733 184
178310 184
180130 184
181111 184
205129 184
209292 184
215103 184
220723 184
246646 184
20856 184
65374 184
68214 184
7938 184
34533 184
54869 184
66153 184
161312 184
210194 184
92128 184
166354 184
10334 184
36125 184
41681 184
43766 184
71168 184
42501 184
27493 184
43840 184
47995 184
57125 184
74137 184
48218 184
201816 184
31982 184
37005 184
38551 184
57190 184
58602 184
63557 184
71073 184
9151 184
69675 184
75569 184
78544 184
88252 184
185689 184
7163 184
72956 184
45150 184
23060 184
38816 184
16861 184
65642 184
70783 184
74624 184
167986 184
198138 184
4668 184
15446 184
4223 184
9145 183
76699 183
87377 183
149048 183
169404 183
207815 183
214324 183
7270 183
20862 183
70197 183
235200 183
170465 183
238969 183
212677 183
162785 183
10513 183
205762 183
155652 183
175321 183
187813 183
236974 183
213174 183
148896 183
168852 183
76634 183
32204 183
16740 183
39509 183
26577 183
6610 183
44005 183
26225 183
227074 183
61114 183
2671 183
7053 183
8777 183
9092 183
10085 183
10585 183
11775 183
12319 183
12670 183
13552 183
14462 183
14945 183
15880 183
16869 183
18853 183
20082 183
20253 183
20886 183
21142 183
21925 183
21973 183
21985 183
22644 183
23072 183
26294 183
28013 183
28431 183
28902 183
29450 183
29475 183
30461 183
32331 183
32723 183
34042 183
34287 183
34685 183
34695 183
35940 183
35946 183
36225 183
36280 183
36524 183
37180 183
37271 183
37784 183
38148 183
39223 183
39637 183
39885 183
40997 183
41799 183
42136 183
42214 183
42836 183
43913 183
44478 183
44713 183
44940 183
45010 183
45130 183
46541 183
46581 183
47971 183
47974 183
48665 183
48933 183
49689 183
50384 183
50697 183
50751 183
51133 183
51276 183
51626 183
51931 183
52741 183
52855 183
53110 183
53167 183
53527 183
53823 183
53928 183
54131 183
54135 183
54841 183
56064 183
57004 183
57139 183
57520 183
57931 183
58984 183
59341 183
59882 183
60465 183
60861 183
61337 183
62441 183
62491 183
62919 183
63228 183
63476 183
63663 183
63872 183
64504 183
64691 183
65560 183
65749 183
66325 183
66375 183
66723 183
66978 183
67680 183
68034 183
68652 183
70768 183
70981 183
71745 183
73209 183
73280 183
73314 183
73945 183
74271 183
75838 183
75942 183
76490 183
76836 183
77122 183
77136 183
77850 183
78785 183
80009 183
80702 183
81066 183
81303 183
83312 183
83642 183
83841 183
84422 183
85614 183
85849 183
86295 183
87174 183
87584 183
88682 183
88806 183
90328 183
90598 183
91750 183
91761 183
92039 183
92712 183
95753 183
98159 183
98842 183
100552 183
100977 183
101831 183
105258 183
108598 183
120149 183
151024 183
169286 183
177125 183
216619 183
41531 182
83554 182
11251 182
16572 182
22976 182
32827 182
42737 182
52560 182
77383 182
83525 182
85623 182
55301 182
184001 182
243344 182
59199 182
6500 182
16768 182
17405 182
36823 182
40125 182
62881 182
209568 182
39012 182
21375 182
25506 182
42684 182
46250 182
50002 182
61899 182
62916 182
63734 182
81471 182
223917 182
1230 182
64209 182
70718 182
77023 182
88225 182
164993 182
47152 182
221476 182
67099 182
4414 182
10375 182
13495 182
13711 182
16064 182
18058 182
22286 182
24737 182
25014 182
25480 182
26728 182
27876 182
30489 182
30683 182
32520 182
33863 182
35831 182
36024 182
36152 182
36300 182
37322 182
37771 182
38240 182
38439 182
38541 182
39117 182
39431 182
42486 182
42562 182
42833 182
43069 182
43074 182
43344 182
43501 182
43542 182
43703 182
44143 182
44566 182
44916 182
45012 182
45222 182
45774 182
46454 182
46550 182
46984 182
47028 182
47109 182
47274 182
47860 182
48082 182
48163 182
48257 182
48755 182
48815 182
50283 182
50392 182
50453 182
50483 182
50691 182
50744 182
51919 182
52541 182
54108 182
54272 182
54594 182
54762 182
54766 182
55030 182
56620 182
56962 182
57111 182
57500 182
57582 182
58037 182
58266 182
59712 182
59835 182
60768 182
61113 182
61360 182
61648 182
61663 182
61981 182
62499 182
63083 182
63298 182
64003 182
64289 182
64892 182
65105 182
65357 182
65443 182
65926 182
66897 182
68230 182
68481 182
68872 182
69719 182
70199 182
71129 182
71275 182
71604 182
71614 182
71744 182
71746 182
71839 182
71904 182
72089 182
72314 182
72447 182
72702 182
72978 182
73369 182
73629 182
73882 182
75498 182
75671 182
75758 182
75983 182
76273 182
77317 182
77866 182
78679 182
79113 182
79197 182
79467 182
79853 182
80519 182
80729 182
81502 182
81682 182
82269 182
82653 182
82744 182
82988 182
83011 182
84171 182
84781 182
84822 182
84983 182
85796 182
86341 182
86403 182
86604 182
86899 182
87290 182
87347 182
87405 182
87426 182
87800 182
88175 182
88342 182
88784 182
88947 182
89016 182
89600 182
89822 182
89861 182
90104 182
90136 182
90215 182
90731 182
90793 182
91618 182
91729 182
92195 182
92627 182
92872 182
93785 182
94298 182
94454 182
95241 182
95439 182
95524 182
95634 182
153241 182
163794 182
174862 182
178490 182
179875 182
182485 182
183604 182
184900 182
202082 182
208954 182
209939 182
217247 182
222220 182
236607 182
244315 182
33287 182
54039 182
96348 182
38057 182
89687 182
214405 182
53860 181
70162 181
71554 181
160891 181
211507 181
213718 181
216094 181
239910 181
15398 181
23732 181
27262 181
41685 181
49216 181
88969 181
30808 181
44411 181
239892 181
245056 181
13785 181
17678 181
45013 181
47941 181
53682 181
53767 181
58380 181
62108 181
81795 181
86778 181
188461 181
211840 181
213829 181
227155 181
241551 181
46443 181
41436 181
72309 181
232647 181
60088 181
223055 181
231380 181
42380 181
52028 181
167021 181
38399 181
51260 181
52084 181
50191 181
71624 181
186784 181
211442 181
225620 181
229977 181
230939 181
72141 181
58424 181
80589 181
56829 181
154815 181
13839 180
57664 180
85688 180
65586 180
79066 180
169823 180
198698 180
199379 180
61801 180
67187 180
38692 180
224834 180
73449 180
61322 180
45132 180
30011 180
35934 180
58477 180
61937 180
67016 180
71387 180
78061 180
92750 180
9636 180
27947 180
71424 180
6091 180
10748 180
80638 180
214103 180
246587 180
55857 180
223358 180
8437 180
17379 180
25228 180
26231 180
28702 180
35963 180
48402 180
52604 180
57040 180
57731 180
62429 180
67177 180
75717 180
79427 180
80732 180
82509 180
88353 180
88448 180
89438 180
92134 180
236706 180
5301 180
32572 180
58696 180
80357 179
33322 179
37750 179
46260 179
204796 179
237689 179
22821 179
80472 179
15104 179
242093 179
29540 179
51409 179
86216 179
20419 179
22042 179
33080 179
33758 179
37828 179
40473 179
45523 179
47304 179
51110 179
56143 179
57091 179
57525 179
58733 179
58763 179
60744 179
67325 179
68065 179
71332 179
71909 179
77521 179
80685 179
80786 179
82136 179
84321 179
89479 179
159578 179
164283 179
198178 179
31529 179
36674 179
244156 179
50194 179
216378 179
14043 179
17293 179
208180 179
185199 179
243987 179
20591 179
62918 179
177082 179
187660 179
242191 179
71056 179
185570 179
1933 179
17767 179
19319 179
29252 179
30573 179
33882 179
37394 179
39739 179
41064 179
41868 179
42847 179
48502 179
48534 179
52677 179
52689 179
55355 179
56569 179
58275 179
64654 179
69953 179
70075 179
73729 179
74452 179
78881 179
84859 179
86936 179
87711 179
93682 179
94558 179
94926 179
160957 179
165503 179
184686 179
185672 179
187171 179
189114 179
202321 179
207299 179
236284 179
236651 178
154420 178
12853 178
12446 178
38661 178
44219 178
50486 178
67759 178
84381 178
87967 178
3363 178
35294 178
46825 178
25867 178
70943 178
174529 178
201900 178
224417 178
164728 178
45962 178
55417 178
56442 178
79166 178
188121 178
202032 178
234646 178
4630 178
19986 178
47956 178
68967 178
13754 178
41114 178
21071 178
69323 178
12751 178
220057 178
65712 178
14845 178
15804 178
28845 178
50541 178
53409 178
57449 178
59735 178
72313 178
79567 178
84137 178
87727 178
176732 178
3373 178
196844 178
219138 178
224245 178
227635 178
232791 178
241093 178
40492 178
216068 177
52196 177
57707 177
187852 177
24395 177
46402 177
94576 177
61003 177
17849 177
58175 177
58130 177
35649 177
16032 177
41637 177
54354 177
64566 177
89725 177
93306 177
94546 177
95039 177
8789 177
19143 177
73037 177
68104 177
155361 177
182745 177
13546 177
48410 177
89090 177
93622 177
45527 176
90395 176
13694 176
51733 176
58901 176
66577 176
82518 176
83951 176
84788 176
191107 176
162365 176
4986 176
230604 176
21507 176
77430 176
80660 176
206893 176
22370 176
18799 176
25829 176
28056 176
43114 176
47537 176
49019 176
54776 176
55330 176
57986 176
72031 176
73817 176
90519 176
94423 176
39880 176
46238 176
72493 176
29899 176
155518 176
221308 176
5094 176
18925 176
16889 176
59618 176
27496 176
48926 176
52638 176
60477 176
64239 176
65034 176
67973 176
71183 176
82149 176
87674 176
87686 176
62240 176
41354 176
82047 176
17905 176
22220 176
83943 176
179586 176
194806 176
5731 176
81060 175
191301 175
88824 175
28500 175
57803 175
16550 175
33156 175
34959 175
46472 175
53762 175
58264 175
62828 175
72802 175
82224 175
84855 175
85018 175
85745 175
93945 175
152415 175
173431 175
181140 175
190804 175
198538 175
198539 175
222443 175
233364 175
241932 175
61464 175
64779 175
85681 175
149095 175
172044 175
55882 175
153458 175
56251 175
61019 175
76643 175
85504 175
86315 175
153887 175
217963 175
219817 175
4067 175
244089 175
64329 175
239897 175
7040 175
20704 175
192789 175
78851 175
195395 175
30660 174
49606 174
73365 174
91220 174
179367 174
241818 174
19078 174
31150 174
15208 174
15009 174
20043 174
25940 174
31162 174
37046 174
50009 174
56355 174
57785 174
58725 174
61109 174
64179 174
67517 174
76037 174
78877 174
84075 174
91109 174
172547 174
213891 174
38916 174
66176 174
49511 174
184302 174
230938 174
25938 174
44393 174
65636 174
22592 174
41355 174
56565 174
57353 174
57489 174
88463 174
83583 174
48251 174
70503 174
222352 174
10443 174
53220 174
86732 174
166280 174
171843 174
30872 174
77840 174
60445 174
76371 174
81978 174
82829 174
93571 174
23962 174
27914 174
196635 174
68310 174
88325 174
219758 174
19917 174
58199 174
61052 174
64431 174
66578 174
91094 174
33115 174
59794 174
44524 174
84487 173
65817 173
78380 173
175871 173
235487 173
245528 173
165499 173
13723 173
44447 173
60994 173
61912 173
62142 173
66693 173
81244 173
92653 173
196982 173
214019 173
216131 173
245611 173
94360 173
72875 173
14502 173
90569 173
31211 173
30979 173
160927 173
181746 173
27674 173
68913 173
75514 173
178527 173
186538 173
23603 173
203439 173
18080 172
36284 172
43739 172
49584 172
52047 172
64887 172
13028 172
3699 172
8161 172
8622 172
8768 172
10477 172
12338 172
14196 172
14535 172
14983 172
15026 172
15347 172
15453 172
16949 172
18343 172
18566 172
18611 172
19339 172
19844 172
19870 172
20378 172
20733 172
20894 172
22304 172
22642 172
22974 172
23415 172
24143 172
24730 172
25311 172
25841 172
26339 172
28347 172
28542 172
29085 172
30421 172
31047 172
31360 172
31562 172
31751 172
32162 172
33644 172
33646 172
33775 172
33987 172
35084 172
35114 172
36209 172
36526 172
37130 172
37574 172
38469 172
39237 172
39281 172
39295 172
39310 172
39355 172
40099 172
40611 172
40849 172
42279 172
42472 172
43346 172
43764 172
44501 172
44698 172
44948 172
45252 172
45260 172
45591 172
45826 172
45896 172
46341 172
46351 172
46478 172
47481 172
47794 172
47892 172
48843 172
50053 172
50063 172
50725 172
50923 172
51986 172
52278 172
52357 172
53152 172
53933 172
53951 172
54030 172
54033 172
54050 172
54178 172
54318 172
54527 172
55108 172
55824 172
56218 172
56547 172
56678 172
57752 172
57763 172
58309 172
58932 172
59256 172
59549 172
60220 172
60864 172
61682 172
62096 172
63043 172
63278 172
63489 172
64308 172
64522 172
65122 172
65139 172
65667 172
66510 172
66558 172
66758 172
67168 172
68458 172
68960 172
69454 172
70965 172
71230 172
71296 172
72253 172
72347 172
72667 172
72924 172
73041 172
73083 172
76370 172
76504 172
76756 172
77769 172
77920 172
78159 172
78391 172
79277 172
79279 172
80640 172
81497 172
81582 172
83052 172
83301 172
83875 172
84749 172
86217 172
86448 172
87970 172
88050 172
89857 172
90696 172
92242 172
94112 172
94466 172
94640 172
95825 172
96755 172
96845 172
96983 172
98275 172
99956 172
102173 172
113726 172
235154 172
29067 172
62893 172
194112 172
21351 172
31839 172
40177 172
42346 172
45413 172
53791 172
62466 172
65248 172
67733 172
79208 172
92446 172
157152 172
177686 172
193773 172
204968 172
219816 172
222254 172
234481 172
27656 172
45131 172
2040 172
19589 172
48304 172
65403 172
66350 172
89684 172
74310 172
83385 172
54139 172
27470 172
32074 172
41088 172
44369 172
53735 172
53966 172
65025 172
78599 172
82624 172
91137 172
189346 172
224079 172
64916 172
61419 172
82842 172
159084 172
223606 172
233440 172
70736 172
69927 172
9292 172
15371 172
29934 172
35675 172
46781 172
48338 172
74210 172
77426 172
88336 172
92383 172
55119 172
60892 172
79778 172
67964 172
217558 172
5554 172
30639 172
237295 172
206446 172
55664 172
59793 172
207463 172
10276 171
29434 171
52456 171
71520 171
35763 171
62044 171
243941 171
63571 171
180406 171
14035 171
90574 171
47774 171
53709 171
59647 171
148561 171
176506 171
234719 171
9941 171
81912 171
84636 171
52200 171
81892 171
206129 171
165233 171
212838 171
61040 171
16606 171
78655 171
24187 171
65518 171
185977 171
199545 171
53533 171
23827 171
50370 171
52740 171
42161 170
178748 170
31023 170
35322 170
51328 170
58048 170
69332 170
69790 170
84887 170
27912 170
50014 170
170253 170
166451 170
220340 170
69298 170
95245 170
36693 170
184898 170
224615 170
4825 170
21703 170
44145 170
49381 170
50291 170
58959 170
90659 170
95288 170
19522 170
61562 170
166525 170
54458 170
76165 170
46837 170
35881 170
64808 170
244288 170
165208 170
246525 170
12651 170
28321 170
75261 170
83907 170
212225 170
25668 170
20468 170
35092 170
49503 170
51659 170
80426 170
88686 170
193828 170
223655 170
158198 170
1997 170
3969 170
16129 170
17053 170
18174 170
19369 170
19847 170
22137 170
22422 170
24452 170
24808 170
24995 170
25072 170
25437 170
25641 170
25699 170
28294 170
29254 170
32358 170
33267 170
34839 170
34859 170
35132 170
35262 170
35724 170
36481 170
37930 170
38101 170
38550 170
39252 170
39878 170
41847 170
41957 170
42511 170
42964 170
43602 170
43826 170
43888 170
44223 170
44416 170
45476 170
45698 170
46067 170
46592 170
46927 170
47037 170
47276 170
48032 170
48434 170
49838 170
49864 170
50612 170
51309 170
51449 170
51830 170
51838 170
51941 170
52421 170
52660 170
52948 170
52972 170
53171 170
54067 170
54873 170
56422 170
56712 170
56720 170
57274 170
58139 170
58171 170
58525 170
58877 170
59448 170
60200 170
61230 170
61554 170
61697 170
61735 170
62122 170
62319 170
62619 170
62909 170
62943 170
64193 170
64264 170
64814 170
65294 170
66371 170
66501 170
66721 170
66809 170
67067 170
67495 170
67784 170
67948 170
68239 170
68827 170
69773 170
70107 170
70109 170
70398 170
71034 170
71076 170
71119 170
71740 170
72013 170
72024 170
72109 170
72295 170
73210 170
73278 170
73419 170
73456 170
73585 170
73587 170
73962 170
74032 170
74127 170
74190 170
75162 170
75238 170
75360 170
75413 170
75749 170
75811 170
76072 170
76419 170
76695 170
76928 170
76976 170
77083 170
77507 170
77707 170
78233 170
78236 170
78422 170
78553 170
78707 170
78830 170
78986 170
78994 170
79735 170
79762 170
80243 170
80847 170
81012 170
81046 170
81077 170
81081 170
81430 170
81440 170
81475 170
81827 170
81948 170
83109 170
83156 170
83340 170
84127 170
84335 170
84840 170
84980 170
85292 170
85369 170
85677 170
85885 170
85898 170
86492 170
86578 170
86660 170
87024 170
87212 170
87527 170
88297 170
88577 170
89450 170
89465 170
89549 170
89786 170
89873 170
90307 170
90354 170
90595 170
91031 170
91097 170
91339 170
91979 170
92043 170
92079 170
92512 170
93492 170
93775 170
94315 170
94401 170
94421 170
94784 170
94954 170
95266 170
178838 170
178965 170
193285 170
193890 170
194281 170
212358 170
217204 170
219984 170
225365 170
230669 170
233985 170
235941 170
243902 170
244330 170
242214 169
39340 169
45491 169
77681 169
192827 169
6578 169
23005 169
52587 169
60241 169
91860 169
93027 169
223178 169
60792 169
33569 169
36050 169
47001 169
52121 169
55277 169
58428 169
60523 169
71631 169
82425 169
83039 169
150703 169
170375 169
198798 169
199603 169
227352 169
228116 169
228831 169
45949 169
69026 169
69804 169
32186 169
78294 169
208869 169
232493 169
61773 169
69784 169
57006 169
76629 169
91224 169
211174 169
155648 169
181022 169
187259 169
229681 169
229724 169
231169 169
36324 169
66496 169
14256 169
86250 169
221501 168
71383 168
225840 168
91894 168
47919 168
61542 168
91717 168
227320 168
1392 168
4522 168
10658 168
16294 168
17910 168
24104 168
36343 168
36641 168
47894 168
53985 168
61643 168
62050 168
89145 168
50468 168
92579 168
46414 168
57169 168
79999 168
42123 168
50776 168
93934 168
234142 168
8353 168
155096 168
225302 168
32283 168
14513 168
191628 168
26607 168
49536 168
51969 168
1842 168
21632 168
24801 168
32748 168
33656 168
34671 168
37845 168
38106 168
39440 168
40659 168
53000 168
53188 168
55429 168
59546 168
63142 168
64162 168
70987 168
72708 168
76159 168
85829 168
86977 168
92831 168
93456 168
28510 167
34582 167
72011 167
177209 167
25923 167
27982 167
31513 167
33935 167
36830 167
40467 167
46323 167
54778 167
58777 167
61872 167
62165 167
71070 167
71733 167
72653 167
74072 167
80124 167
81267 167
82627 167
83353 167
88596 167
93763 167
204595 167
236032 167
240030 167
60182 167
243501 167
95025 167
24999 167
70302 167
160356 167
227924 167
64868 167
150725 167
29016 167
44804 167
207181 167
28326 167
70529 167
150671 167
156102 167
175570 167
211455 167
24977 166
38132 166
206921 166
15416 166
18558 166
19785 166
34349 166
34777 166
35082 166
41177 166
43042 166
44821 166
55455 166
55911 166
62974 166
66495 166
67292 166
73528 166
76965 166
78585 166
80294 166
81245 166
86222 166
88383 166
88393 166
88690 166
89601 166
89766 166
89910 166
90566 166
91184 166
93530 166
93806 166
94850 166
149314 166
161847 166
167868 166
172649 166
174067 166
178633 166
211441 166
213159 166
229617 166
68511 166
74812 166
82467 166
57121 166
78614 166
40837 166
42008 166
37898 166
42760 166
56997 166
77106 166
86133 166
148317 166
16892 166
52021 166
75535 166
54144 166
155322 166
240013 166
24883 166
16763 166
25769 166
50039 166
54942 166
62113 166
70862 166
81248 166
82916 166
84792 166
164972 166
198547 166
199126 166
201194 166
201993 166
202979 166
241939 166
246261 166
35568 166
75393 166
86037 166
38496 166
215362 166
8573 166
13997 166
89554 166
232549 166
30313 166
32599 166
41292 166
52750 166
54835 166
69781 166
83802 166
83910 166
95272 166
69386 166
52732 165
61326 165
235948 165
19346 165
35557 165
54369 165
12940 165
55989 165
211466 165
23355 165
149055 165
2728 165
13357 165
62351 165
8664 165
92344 165
237593 165
31861 165
52886 165
72020 165
13739 165
192294 165
50187 165
33879 165
160790 165
40458 165
26262 165
63026 165
8988 165
229749 165
39427 165
238469 165
51734 165
62573 165
64751 165
73633 165
75736 165
76883 165
81107 165
81996 165
52346 165
208361 165
61974 165
28190 165
59201 165
11677 164
50625 164
69900 164
71968 164
87452 164
79071 164
183887 164
45113 164
64047 164
71035 164
75397 164
75697 164
82981 164
158617 164
22190 164
90190 164
1359 164
12154 164
12504 164
13564 164
18673 164
25818 164
27305 164
31207 164
36895 164
44442 164
45438 164
56753 164
60633 164
68044 164
79511 164
81211 164
82908 164
84872 164
85175 164
91046 164
97552 164
178642 164
13630 164
208985 164
223616 164
236943 164
205213 164
202643 164
207597 164
34083 164
231827 164
9096 164
52419 164
62525 164
68070 164
72257 164
72565 164
73084 164
78238 164
80213 164
81561 164
91316 164
94853 164
218957 164
221230 164
221543 164
44224 164
46705 164
58977 164
67388 164
75237 164
87807 164
87608 164
53301 164
19644 164
31556 164
8136 164
84706 164
94618 164
27186 164
156063 164
224234 164
13278 164
48707 164
53116 164
55370 164
57675 164
59291 164
80246 164
85419 164
90636 164
91276 164
65627 164
80961 164
192802 164
72746 164
179786 164
28929 163
34175 163
34783 163
77087 163
89137 163
57898 163
38193 163
89306 163
22093 163
28285 163
23232 163
30975 163
54485 163
55541 163
58159 163
64989 163
66734 163
68215 163
68547 163
71868 163
72476 163
73329 163
79235 163
80333 163
81130 163
84471 163
84780 163
85867 163
94507 163
175688 163
189282 163
194283 163
198527 163
224733 163
86420 163
90167 163
161657 163
23085 163
26232 163
28168 163
34009 163
51559 163
5703 163
78232 163
80778 163
199157 163
233441 163
184472 163
24623 163
52648 163
57903 163
73830 163
80129 163
92736 163
162762 163
175872 163
176469 163
190994 163
203972 163
228981 163
240752 163
191924 163
33894 163
202209 163
246029 163
47048 162
185763 162
72422 162
61148 162
40206 162
159391 162
162148 162
189815 162
242491 162
2656 162
6073 162
7446 162
7619 162
8089 162
8271 162
9062 162
12334 162
12691 162
13137 162
14140 162
15372 162
16500 162
17525 162
17632 162
17862 162
17902 162
18273 162
18371 162
18614 162
18789 162
19005 162
19155 162
21069 162
21400 162
22536 162
23055 162
23448 162
23685 162
24107 162
24327 162
26764 162
26954 162
26960 162
27113 162
27430 162
28986 162
29770 162
29956 162
30045 162
30148 162
30562 162
31105 162
31182 162
31234 162
31431 162
34387 162
34675 162
36106 162
37284 162
37329 162
38368 162
38814 162
38824 162
39412 162
39496 162
39506 162
40003 162
40023 162
40163 162
40789 162
41106 162
41199 162
41832 162
41891 162
42676 162
43762 162
44276 162
44606 162
45007 162
45050 162
45304 162
45631 162
46301 162
46834 162
46929 162
46992 162
47319 162
47359 162
47616 162
49697 162
50290 162
50604 162
50664 162
50732 162
52536 162
52707 162
53211 162
53424 162
53703 162
53746 162
54186 162
54852 162
55121 162
56439 162
56969 162
57195 162
57242 162
57689 162
57727 162
58855 162
59852 162
59853 162
59860 162
60185 162
60264 162
60470 162
61644 162
62243 162
62256 162
62381 162
62610 162
62689 162
63320 162
63533 162
63905 162
64507 162
64634 162
64673 162
65649 162
66184 162
66317 162
66322 162
67557 162
67572 162
67978 162
68305 162
68457 162
68558 162
69486 162
70542 162
71380 162
71440 162
71451 162
71496 162
71515 162
74071 162
74151 162
74336 162
74444 162
74580 162
74728 162
74876 162
75108 162
75691 162
76058 162
77004 162
77278 162
78124 162
78339 162
78919 162
79018 162
79221 162
79377 162
80668 162
80701 162
80993 162
81074 162
82029 162
82074 162
82127 162
82984 162
83372 162
83599 162
85372 162
85544 162
85846 162
86196 162
86551 162
87857 162
88172 162
88259 162
88776 162
90085 162
90139 162
90512 162
91077 162
91524 162
91840 162
91907 162
92272 162
93160 162
93437 162
94019 162
94140 162
94338 162
95150 162
97995 162
98418 162
98457 162
98611 162
98936 162
111388 162
118017 162
127142 162
150771 162
151256 162
152396 162
156044 162
163138 162
177747 162
179246 162
188359 162
213827 162
226568 162
83479 162
197185 162
6049 162
46115 162
51482 162
58996 162
82888 162
92287 162
216642 162
32516 162
199739 162
241754 162
4538 162
200894 162
32686 162
85439 162
86385 162
30267 162
45973 162
51404 162
93920 162
94553 162
242840 162
41111 162
8880 162
19824 162
20666 162
27408 162
33337 162
47235 162
56931 162
67539 162
85170 162
31533 162
43991 162
26985 162
4271 162
17387 162
29883 162
35709 162
36260 162
38062 162
71405 162
77041 162
78631 162
80678 162
163264 162
177485 162
59137 162
39203 162
47507 162
200116 162
234592 162
45313 162
48513 162
58611 162
72620 162
192669 162
212904 162
38039 161
150102 161
155946 161
196017 161
71046 161
217421 161
2292 161
81264 161
60587 161
27542 161
44418 161
47910 161
48296 161
28596 161
46288 161
165632 161
12679 161
199842 161
69254 161
158684 161
53086 161
20203 161
60202 161
158959 161
181004 161
17330 161
69325 161
77907 161
84195 161
85705 161
92586 161
155145 161
163409 161
174168 161
188982 161
47775 161
28088 161
29190 160
66499 160
71690 160
87263 160
195406 160
12007 160
67926 160
67321 160
68768 160
85852 160
45980 160
213510 160
239175 160
95874 160
84834 160
6055 160
34562 160
41823 160
43620 160
44820 160
64565 160
69410 160
79012 160
93745 160
95631 160
159525 160
184595 160
206614 160
209987 160
211012 160
75716 160
198941 160
4877 160
10200 160
17477 160
28684 160
36344 160
44294 160
63757 160
71209 160
93210 160
7329 160
95869 160
155170 160
90680 160
30992 160
7572 160
15042 160
31231 160
41221 160
44920 160
45153 160
71944 160
75307 160
31188 160
58198 160
211178 160
201388 160
20297 160
33603 160
25121 160
31705 160
56801 159
25964 159
38419 159
11578 159
60417 159
159505 159
199204 159
159378 159
25354 159
49990 159
62816 159
194549 159
54535 159
21706 159
25796 159
5679 159
13938 159
13104 159
70380 159
38315 159
27583 159
165695 159
179037 159
235445 159
31862 159
70669 159
159235 159
213496 159
90014 159
56290 158
53510 158
1185 158
65823 158
210878 158
219426 158
82566 158
86286 158
18230 158
11598 158
60793 158
17626 158
43478 158
6449 158
13012 158
20320 158
42490 158
43121 158
70988 158
96275 158
41906 158
161398 158
94705 158
167684 158
23501 158
14063 158
30796 158
48392 158
82696 158
84731 158
93612 158
193953 158
209062 158
240334 158
61608 158
59460 158
31090 158
214981 158
80768 158
21989 158
92551 158
4705 157
6484 157
7411 157
10091 157
12369 157
16485 157
20030 157
21379 157
22571 157
23761 157
24108 157
24718 157
29095 157
29406 157
30822 157
32628 157
33021 157
35958 157
36070 157
36477 157
37145 157
38282 157
38839 157
39030 157
39419 157
39484 157
40220 157
41175 157
41617 157
41822 157
41949 157
43108 157
43293 157
43767 157
43858 157
44315 157
44854 157
47127 157
48058 157
48084 157
48532 157
49777 157
51172 157
51205 157
51816 157
52057 157
52348 157
52508 157
52594 157
53878 157
53967 157
54252 157
54732 157
55100 157
55185 157
55826 157
56628 157
56685 157
56754 157
57102 157
57638 157
58728 157
59331 157
59344 157
59398 157
59939 157
60118 157
60945 157
61553 157
61629 157
61681 157
61969 157
62056 157
63805 157
64208 157
64291 157
64380 157
64594 157
64790 157
65955 157
66161 157
66308 157
66582 157
66765 157
66984 157
67145 157
67645 157
67782 157
70073 157
70130 157
70376 157
70580 157
70763 157
70936 157
70941 157
71143 157
71157 157
71594 157
71808 157
71995 157
72159 157
72307 157
72536 157
73205 157
73680 157
74000 157
74004 157
74524 157
74714 157
75229 157
75344 157
75794 157
76251 157
76372 157
76814 157
77118 157
77780 157
77814 157
78522 157
78604 157
79128 157
79306 157
79509 157
79637 157
79972 157
80012 157
80142 157
80274 157
80398 157
81090 157
81207 157
81629 157
82082 157
82262 157
82317 157
82427 157
82533 157
82817 157
83009 157
83280 157
83538 157
83801 157
84182 157
84207 157
84233 157
84504 157
85536 157
85945 157
86002 157
86105 157
86159 157
86221 157
86775 157
87596 157
87891 157
87915 157
88229 157
88680 157
88856 157
89220 157
89800 157
89994 157
90515 157
90727 157
90905 157
90953 157
90971 157
91119 157
91383 157
91451 157
91951 157
92323 157
92564 157
92669 157
92686 157
93073 157
93360 157
93363 157
93499 157
93733 157
93744 157
93829 157
93966 157
94236 157
94504 157
94828 157
94997 157
153926 157
164145 157
170971 157
174910 157
183727 157
190423 157
197510 157
200567 157
206817 157
210734 157
213663 157
218367 157
219274 157
238958 157
240950 157
245145 157
44467 157
239573 157
158450 157
38415 157
68984 157
46471 157
191404 157
228630 157
50367 157
70151 157
31043 157
73411 157
166648 157
198613 157
200333 157
72781 157
40739 157
58184 157
67675 157
71613 157
84997 157
85695 157
88831 157
155755 157
163598 157
192915 157
202078 157
50915 157
27605 157
205959 157
93928 157
7204 157
55085 157
56346 157
69827 157
188155 157
34626 157
91240 157
53602 157
67730 157
87569 157
177838 157
182248 157
206880 157
45812 156
38330 156
89205 156
218781 156
37758 156
193511 156
59265 156
2273 156
173994 156
168780 156
64586 156
14489 156
18893 156
29867 156
39487 156
48332 156
54264 156
57413 156
57956 156
58387 156
64374 156
66691 156
73377 156
74581 156
75725 156
82611 156
87695 156
90002 156
11460 156
50223 156
26936 156
49414 156
73863 156
231763 156
67097 156
18006 156
51525 156
59870 156
65250 156
68097 156
81539 156
82442 156
88086 156
88474 156
13347 156
176833 156
212918 156
242077 156
52932 156
76998 156
31960 156
92077 156
236362 156
22129 156
69660 156
71738 155
38456 155
38631 155
39276 155
40577 155
41581 155
47442 155
48901 155
49785 155
58672 155
61630 155
65743 155
66360 155
68494 155
70134 155
77154 155
81476 155
83090 155
85797 155
85992 155
90183 155
91483 155
20024 155
21709 155
30654 155
43818 155
46450 155
49074 155
51938 155
53802 155
90916 155
191552 155
193698 155
229464 155
39307 155
158406 155
59278 155
32868 155
227469 155
18532 155
34398 155
37403 155
95228 155
160696 155
3912 155
4813 155
8769 155
9929 155
14201 155
16375 155
17893 155
20387 155
23629 155
30121 155
38574 155
39672 155
43988 155
49635 155
51021 155
53755 155
54583 155
54798 155
56827 155
57107 155
59343 155
63556 155
64304 155
66150 155
73075 155
73893 155
74957 155
84949 155
90942 155
92307 155
95318 155
176816 155
192504 155
200730 155
206301 155
211952 155
18872 155
48834 155
4321 155
25084 155
53692 155
69539 155
5092 155
149047 155
149691 155
219887 155
47690 155
61150 155
58261 155
68156 155
88825 155
152127 155
155572 155
184363 155
245758 155
69598 155
173070 155
64410 155
87277 155
186648 155
217668 155
32086 154
16822 154
16998 154
18304 154
23206 154
30453 154
31536 154
32100 154
34851 154
34877 154
39706 154
39767 154
44325 154
45088 154
45450 154
45861 154
47021 154
48918 154
49691 154
53556 154
56912 154
57726 154
61653 154
62523 154
64612 154
66852 154
71480 154
75627 154
77384 154
77672 154
78448 154
78955 154
79348 154
82694 154
83806 154
86106 154
87895 154
88315 154
95615 154
164443 154
169054 154
180465 154
195753 154
198437 154
199490 154
199604 154
204205 154
229975 154
233633 154
46352 154
84292 154
36415 154
55139 154
239470 154
2339 154
13405 154
15300 154
17176 154
17213 154
25931 154
26459 154
28844 154
29052 154
37037 154
40238 154
41373 154
44028 154
47065 154
47624 154
47709 154
64370 154
65731 154
72046 154
74106 154
78359 154
89267 154
90146 154
153056 154
203436 154
39143 154
65051 154
72712 154
242972 154
177877 154
243667 154
226159 154
80429 154
93283 154
154050 154
168717 154
226594 154
20550 154
212150 154
19905 154
26721 154
32244 154
42282 154
64247 154
67720 154
75120 154
75296 154
84593 154
88568 154
149912 154
159053 154
179707 154
242785 154
12499 154
29012 154
37849 154
64632 154
67373 154
69375 154
81316 154
84823 154
86124 154
207461 154
162581 154
56374 154
52031 154
64842 154
24387 153
35747 153
47226 153
56257 153
58397 153
67302 153
70572 153
75138 153
76662 153
77335 153
78660 153
81889 153
84809 153
87529 153
163380 153
22605 153
49452 153
51662 153
11709 153
23532 153
46093 153
46178 153
160398 153
193879 153
231485 153
57324 153
189811 153
11427 153
64935 153
209437 153
94354 153
224169 153
227916 153
228896 153
238262 153
65917 153
46675 153
71111 153
14616 153
56047 153
76056 153
82236 153
88398 153
89107 153
94355 153
78399 153
155999 153
174639 153
10996 153
37410 153
40534 153
21700 153
34691 153
55948 153
41243 153
22444 153
75835 153
11284 153
190987 153
38618 153
54653 153
156999 153
168262 153
183678 153
195849 153
239456 153
70135 153
70417 153
88059 153
93169 153
178709 153
93471 152
24700 152
61025 152
95420 152
58745 152
63074 152
77865 152
94475 152
176502 152
200251 152
182317 152
65210 152
8544 152
12546 152
14306 152
15118 152
15219 152
15568 152
16192 152
16865 152
17455 152
18311 152
18633 152
19136 152
19693 152
19763 152
20238 152
20721 152
20938 152
21193 152
21715 152
22748 152
22968 152
23300 152
23445 152
23584 152
23788 152
24132 152
25273 152
25706 152
26315 152
26735 152
27468 152
27762 152
28354 152
28397 152
28436 152
28984 152
29480 152
29631 152
30010 152
30291 152
30582 152
30677 152
30810 152
31212 152
31412 152
32511 152
32814 152
32943 152
33934 152
34216 152
34315 152
34722 152
34794 152
34808 152
35040 152
35048 152
35535 152
36351 152
36441 152
36504 152
36882 152
36945 152
38151 152
38678 152
38788 152
39802 152
39924 152
40121 152
40304 152
40795 152
40956 152
42433 152
42758 152
43337 152
43486 152
44810 152
44923 152
45429 152
45443 152
45444 152
45552 152
45563 152
46457 152
46753 152
47299 152
47399 152
47717 152
48034 152
48740 152
49022 152
49462 152
49953 152
50266 152
50463 152
51765 152
52422 152
52442 152
52444 152
52569 152
52849 152
52919 152
53132 152
53649 152
53667 152
53857 152
53882 152
54027 152
54140 152
54167 152
54411 152
55129 152
55323 152
55613 152
55652 152
57103 152
57565 152
58057 152
58411 152
58669 152
59699 152
60054 152
60150 152
60174 152
60239 152
60901 152
61335 152
61388 152
61604 152
62097 152
62428 152
63118 152
63537 152
64062 152
64142 152
64471 152
66250 152
66945 152
67147 152
67156 152
67938 152
67988 152
68531 152
69717 152
69866 152
69964 152
70431 152
70452 152
71363 152
71563 152
72312 152
72840 152
73643 152
73660 152
74184 152
74193 152
74669 152
75372 152
76223 152
76445 152
77228 152
78069 152
78170 152
79202 152
79685 152
80602 152
80848 152
81524 152
81945 152
82366 152
82513 152
82519 152
83590 152
85267 152
85458 152
85476 152
85806 152
86097 152
86254 152
86750 152
87518 152
88042 152
89109 152
89261 152
90792 152
91118 152
92255 152
92495 152
92794 152
92963 152
93386 152
93956 152
94057 152
94740 152
94832 152
95362 152
95556 152
95828 152
97795 152
100573 152
103784 152
104159 152
108590 152
171973 152
181431 152
207565 152
213952 152
221224 152
69535 152
70409 152
157449 152
220961 152
27793 152
59298 152
45137 152
69922 152
25850 152
209387 152
239052 152
4061 152
21944 152
33977 152
48302 152
55662 152
65557 152
73851 152
79008 152
92684 152
177873 152
188631 152
208711 152
225458 152
21299 152
24176 152
25226 152
43731 152
43828 152
46261 152
64753 152
66172 152
70500 152
77739 152
87773 152
77844 152
31670 152
12695 152
22073 152
24442 152
46109 152
53875 152
58522 152
89769 152
93843 152
36770 152
48837 152
50869 152
88807 152
91682 152
7152 152
24266 152
39145 152
44909 152
58861 152
65372 152
68405 152
72872 152
76475 152
78683 152
84363 152
88771 152
89871 152
95225 152
190657 152
75257 152
78934 151
47024 151
68068 151
81911 151
93065 151
160678 151
237830 151
46146 151
37141 151
207972 151
28485 151
31569 151
35431 151
51834 151
65511 151
192031 151
197395 151
12144 151
26100 151
41517 151
61308 151
62730 151
69290 151
71680 151
72032 151
76584 151
79318 151
80714 151
83297 151
84521 151
156666 151
157997 151
159097 151
167551 151
173923 151
181158 151
192754 151
204462 151
217525 151
237595 151
239561 151
243012 151
3785 151
69360 151
94182 151
219897 151
22645 151
34510 151
50120 151
57469 151
73867 151
151458 151
71263 151
73632 151
94803 151
44813 151
167929 151
17303 151
61090 151
62794 151
69639 151
83424 151
89984 151
161981 151
196233 151
233750 151
85943 151
90270 151
162855 151
25587 150
208612 150
11375 150
49879 150
58007 150
69597 150
193844 150
61788 150
65906 150
81741 150
93213 150
65931 150
78270 150
218733 150
156490 150
60167 150
77939 150
2066 150
33695 150
37347 150
41417 150
57164 150
73679 150
68584 150
86979 150
198283 150
15558 150
61522 150
42865 150
192493 150
27739 150
35559 150
38258 150
51983 150
82473 150
83858 150
86128 150
90790 150
91636 150
19736 150
175392 150
90464 150
172190 150
93549 150
238583 150
48171 150
54691 150
175481 150
200785 150
228133 150
235304 150
19277 150
26970 150
34835 150
41468 150
68437 150
70969 150
84179 150
34981 150
160311 150
176790 150
234150 150
79045 150
53590 149
16668 149
44444 149
64759 149
65484 149
89908 149
93146 149
173894 149
240694 149
7568 149
78931 149
28817 149
46999 149
78151 149
171613 149
209265 149
62292 149
53744 149
80533 149
216583 149
47159 149
32315 149
63148 149
45480 149
23303 149
77586 149
244960 149
42074 149
9198 149
16595 149
24800 149
24895 149
47148 149
63847 149
68563 149
71071 149
94213 149
172501 149
183662 149
226357 149
165884 149
89454 149
95465 149
95880 149
226009 148
61102 148
23961 148
48373 148
46174 148
13058 148
40828 148
72780 148
85787 148
207926 148
4398 148
16174 148
37779 148
69511 148
2067 148
85859 148
152688 148
47386 148
56164 148
57975 148
69835 148
81590 148
84771 148
86471 148
92993 148
149380 148
153819 148
158020 148
194767 148
202009 148
210040 148
212544 148
214574 148
216805 148
217569 148
218222 148
224734 148
234440 148
38362 148
87398 148
228343 148
220501 148
164829 148
1397 148
43560 148
59408 148
67828 148
71145 148
75388 148
92361 148
93121 148
67437 148
186260 148
61561 148
176841 148
211148 148
59711 148
76823 148
91716 148
52818 148
69657 148
22565 148
30693 148
45832 148
51139 148
68345 148
79150 148
89951 148
94205 148
60646 148
44838 148
45122 148
74200 148
78728 148
148511 148
155851 148
163398 148
174753 148
76863 148
216166 148
45403 148
20095 147
64351 147
37262 147
196260 147
217905 147
18096 147
22101 147
15905 147
6152 147
59407 147
231523 147
37662 147
14617 147
55314 147
95296 147
83515 147
88234 147
92256 147
178988 147
46881 147
67134 147
83894 147
202378 147
227612 147
233337 147
24183 147
95220 147
194121 147
189002 147
211961 147
19582 147
55722 147
59454 147
66768 147
3748 147
53630 147
7358 147
44510 146
84222 146
45485 146
66379 146
177234 146
45718 146
62334 146
62484 146
77497 146
80998 146
152159 146
17674 146
23493 146
42719 146
70442 146
216572 146
1717 146
27291 146
37749 146
18847 146
18901 146
19615 146
35110 146
47600 146
57236 146
67174 146
74641 146
82170 146
83971 146
87630 146
91345 146
91843 146
96342 146
191994 146
165243 146
178596 146
198294 146
233749 146
238360 146
157832 146
195896 146
222691 146
229855 146
27280 146
58094 146
78596 146
48352 146
64055 146
66329 146
80761 146
82604 146
91934 146
92062 146
93562 146
26106 146
47752 146
49694 146
61345 146
77126 146
160994 146
224058 146
24899 146
61910 145
37547 145
42398 145
21889 145
4353 145
5867 145
6168 145
6965 145
7835 145
9106 145
9869 145
10874 145
13040 145
17567 145
19891 145
21741 145
23831 145
25281 145
27302 145
29072 145
29362 145
29936 145
30071 145
30241 145
30580 145
31170 145
32411 145
32701 145
35081 145
36778 145
36878 145
36911 145
36977 145
38504 145
38677 145
39337 145
39747 145
39837 145
41429 145
42086 145
42210 145
42549 145
42607 145
43158 145
43538 145
45892 145
46506 145
46561 145
48319 145
48460 145
48463 145
48476 145
50195 145
50214 145
50350 145
50858 145
50919 145
50955 145
51228 145
51998 145
52094 145
52776 145
53494 145
54417 145
54681 145
54730 145
54793 145
55012 145
55113 145
55809 145
55947 145
56194 145
56390 145
57130 145
57198 145
57940 145
58063 145
58415 145
58586 145
59737 145
59978 145
60377 145
60724 145
60889 145
60905 145
61119 145
61133 145
61800 145
62127 145
62210 145
62431 145
62613 145
62736 145
63010 145
63143 145
63197 145
63242 145
64469 145
64780 145
65043 145
65072 145
65166 145
66672 145
66735 145
66740 145
67355 145
67435 145
67583 145
68049 145
68186 145
68472 145
69158 145
69266 145
69590 145
70025 145
70209 145
70691 145
70788 145
70990 145
71176 145
71273 145
71494 145
71600 145
71696 145
71803 145
72077 145
73042 145
73185 145
73895 145
74103 145
74796 145
75134 145
75560 145
76266 145
76470 145
76610 145
76764 145
76833 145
76895 145
77037 145
77165 145
77424 145
77469 145
77500 145
77610 145
77813 145
77846 145
78063 145
78673 145
78812 145
78966 145
79155 145
79325 145
79338 145
79785 145
80072 145
80545 145
80642 145
80644 145
80978 145
81004 145
81227 145
81641 145
81751 145
82087 145
82294 145
82718 145
82805 145
83097 145
83869 145
84026 145
84275 145
84336 145
85058 145
85260 145
85563 145
85578 145
86003 145
86362 145
86647 145
87449 145
88662 145
89170 145
89209 145
89754 145
90203 145
90540 145
90769 145
90771 145
91007 145
91965 145
92392 145
92576 145
92697 145
93428 145
93544 145
93564 145
93711 145
93784 145
93940 145
94051 145
94113 145
95404 145
162750 145
164817 145
166019 145
166341 145
166870 145
167607 145
177884 145
182499 145
184245 145
188917 145
190156 145
191981 145
208089 145
209626 145
220014 145
228272 145
230729 145
233474 145
233913 145
237616 145
243025 145
243693 145
244014 145
246259 145
76202 145
213557 145
59516 145
61717 145
93995 145
221295 145
47257 145
69076 145
74448 145
47081 145
47705 145
62990 145
87230 145
148745 145
148979 145
153071 145
212176 145
240384 145
47128 145
200453 145
63596 145
53519 145
58451 145
74800 145
77295 145
83296 145
85070 145
86801 145
87112 145
87910 145
88358 145
88432 145
148386 145
150999 145
160597 145
188590 145
190569 145
198401 145
207829 145
215635 145
236360 145
240535 145
53982 145
227680 145
79948 145
19751 145
51682 145
58158 145
69388 145
179218 145
12235 145
148390 145
35868 145
52324 145
29021 144
72251 144
224157 144
234218 144
241879 144
39399 144
40248 144
93254 144
64663 144
59564 144
64991 144
56261 144
162262 144
234511 144
2810 144
70914 144
84556 144
186761 144
3797 144
58752 144
225463 144
13776 144
14222 144
15441 144
21396 144
23578 144
27428 144
32949 144
34608 144
40798 144
43509 144
43994 144
45601 144
51024 144
51501 144
52000 144
54998 144
62227 144
63606 144
73350 144
73789 144
74888 144
81197 144
86122 144
86491 144
90363 144
91066 144
93840 144
94809 144
96276 144
184911 144
21445 144
176028 144
28458 144
30741 144
35365 144
50345 144
60838 144
74917 144
81442 144
92254 144
5831 144
201882 144
42609 144
72819 144
70856 144
148466 144
188335 143
14446 143
26739 143
27342 143
28988 143
39317 143
52671 143
54418 143
54420 143
62527 143
63726 143
69207 143
69467 143
73440 143
80238 143
82843 143
84310 143
85704 143
86657 143
91459 143
95417 143
93277 143
25211 143
63018 143
222677 143
11323 143
58849 143
84734 143
90733 143
63031 143
238565 143
16527 143
19297 143
30712 143
33016 143
46355 143
46794 143
48571 143
56275 143
56367 143
58114 143
59783 143
63523 143
66286 143
66565 143
75980 143
77640 143
80759 143
85229 143
87039 143
90062 143
157744 143
160119 143
180758 143
192660 143
228036 143
228660 143
2807 143
54241 143
74751 143
81857 143
187524 143
224716 143
61077 143
78602 143
61285 143
69225 143
75384 143
79592 143
32198 142
44959 142
68907 142
79940 142
81923 142
1939 142
23809 142
34989 142
61413 142
94888 142
185165 142
201368 142
207956 142
235420 142
26522 142
6116 142
7952 142
10520 142
16470 142
20830 142
29668 142
29955 142
40592 142
43275 142
43963 142
54103 142
55180 142
57314 142
58978 142
61473 142
63260 142
67413 142
67727 142
68528 142
70242 142
71139 142
76182 142
78313 142
79932 142
80633 142
82113 142
84080 142
85107 142
86346 142
86435 142
87133 142
89575 142
90178 142
92035 142
94052 142
94758 142
95142 142
152368 142
161929 142
161931 142
175834 142
177779 142
179908 142
197611 142
199964 142
206780 142
210797 142
211171 142
218514 142
225859 142
236917 142
66904 142
33066 142
89647 142
43922 142
1309 142
6155 142
7907 142
8966 142
9360 142
9436 142
11631 142
12114 142
12814 142
12818 142
13651 142
14125 142
14897 142
14927 142
16385 142
16658 142
16733 142
16886 142
16895 142
17755 142
18130 142
18360 142
18386 142
20164 142
20474 142
21881 142
22401 142
22599 142
23244 142
23727 142
24136 142
24937 142
25549 142
25928 142
26903 142
27604 142
27951 142
28040 142
29070 142
29468 142
29897 142
29950 142
30061 142
30279 142
30484 142
30689 142
31259 142
31418 142
31668 142
31813 142
32467 142
32506 142
32774 142
33375 142
33723 142
34507 142
34720 142
34831 142
35096 142
35135 142
35275 142
35846 142
36121 142
36323 142
37118 142
37364 142
37718 142
37896 142
37984 142
38353 142
38660 142
39215 142
39785 142
41493 142
41682 142
41808 142
42225 142
42539 142
43068 142
43635 142
44266 142
44485 142
44863 142
44946 142
45021 142
45037 142
45509 142
46135 142
46139 142
46833 142
47247 142
48363 142
48580 142
49873 142
50278 142
50682 142
50925 142
51027 142
51648 142
51800 142
51875 142
52488 142
52495 142
52520 142
53142 142
53410 142
55226 142
55346 142
55522 142
55688 142
56397 142
56555 142
56743 142
57619 142
57921 142
58308 142
58769 142
59300 142
59680 142
60331 142
60604 142
61160 142
62465 142
62780 142
62906 142
63196 142
63333 142
63559 142
64681 142
65459 142
65889 142
66071 142
66170 142
66373 142
66913 142
67212 142
67639 142
68173 142
68689 142
68739 142
69004 142
69063 142
69284 142
69938 142
70108 142
70289 142
70473 142
70780 142
71181 142
71228 142
71404 142
71931 142
72223 142
72431 142
72627 142
72716 142
72735 142
72772 142
73508 142
73566 142
73833 142
74034 142
74397 142
75361 142
75880 142
76443 142
76538 142
76991 142
77209 142
77339 142
78222 142
79503 142
79517 142
79632 142
80285 142
80968 142
82111 142
82228 142
82495 142
82670 142
82858 142
83065 142
84283 142
84640 142
84714 142
85321 142
85503 142
86165 142
86909 142
87130 142
87186 142
87513 142
87737 142
87950 142
88193 142
88877 142
89002 142
89338 142
89471 142
89508 142
89572 142
89606 142
89850 142
90655 142
91335 142
91382 142
93679 142
94374 142
94724 142
95074 142
95429 142
95457 142
96218 142
96470 142
96511 142
96563 142
96613 142
96674 142
96711 142
96725 142
96760 142
97240 142
97909 142
100596 142
109701 142
109804 142
111396 142
114381 142
121966 142
124267 142
137937 142
148762 142
148768 142
148816 142
148926 142
149244 142
150863 142
151295 142
154435 142
157458 142
159983 142
169063 142
169335 142
175319 142
196762 142
222274 142
45985 142
177390 142
20866 142
69049 142
72355 142
74675 142
79343 142
91341 142
148870 142
155149 142
212036 142
217704 142
11457 142
17928 142
26103 142
33904 142
69702 142
76828 142
83229 142
90004 142
13345 142
18105 142
22500 142
224873 142
70944 142
19657 142
31933 142
35977 142
37084 142
53771 142
64945 142
77322 142
80838 142
88110 142
95744 142
26836 141
23554 141
23006 141
25182 141
32906 141
34441 141
40243 141
42971 141
74801 141
85617 141
89928 141
90162 141
1492 141
48223 141
223087 141
52137 141
170803 141
179964 141
239843 141
72599 141
53326 141
26966 141
29794 141
35895 141
36230 141
51475 141
200781 141
5704 141
215277 141
24841 141
51469 141
58091 141
64879 141
207010 141
18695 141
36924 141
51347 141
65537 141
43268 141
48708 141
164734 141
28881 141
23385 141
230737 141
31494 141
79840 141
18568 141
25787 140
19207 140
83012 140
21195 140
29841 140
36575 140
42630 140
57364 140
57604 140
59980 140
66310 140
80250 140
82267 140
90460 140
90984 140
159221 140
36917 140
212393 140
76288 140
156556 140
43976 140
59444 140
44874 140
204181 140
27721 140
51032 140
83670 140
89486 140
93947 140
190634 140
24159 140
177012 140
199333 140
207896 140
213685 140
19950 140
23628 140
37797 140
46742 140
71133 140
69529 140
180092 140
186866 140
209190 140
25450 140
36304 140
39658 140
42822 140
48769 140
62324 140
64457 140
79545 140
82642 140
25033 140
27585 140
34681 140
47172 140
60051 140
91068 140
244928 140
86821 140
188180 140
54507 140
80231 140
162482 140
214928 140
33845 139
4822 139
13034 139
20762 139
34318 139
52139 139
54627 139
68099 139
74155 139
87219 139
89320 139
93528 139
93761 139
192412 139
35280 139
95542 139
174908 139
189067 139
205243 139
225762 139
228033 139
43177 139
56796 139
23265 139
42183 139
70413 139
23643 139
33678 139
38662 139
39196 139
40582 139
57361 139
61584 139
61704 139
63535 139
74818 139
78288 139
81127 139
82823 139
83101 139
86384 139
86897 139
90095 139
95223 139
149176 139
168300 139
193340 139
201343 139
210086 139
214055 139
239705 139
239981 139
242545 139
67595 139
72492 139
57365 139
178599 139
230843 139
82813 139
191551 139
71127 139
85777 139
45778 139
51214 139
68760 139
148490 139
150324 139
178525 139
186203 139
198987 139
212767 139
3123 139
56387 139
60181 139
77358 139
81350 138
90403 138
192842 138
27315 138
81274 138
2071 138
177257 138
222035 138
81257 138
45202 138
58645 138
91897 138
207999 138
220457 138
233314 138
241431 138
185023 138
38845 138
18249 138
24243 138
31597 138
40836 138
41697 138
46436 138
55401 138
76071 138
91179 138
95168 138
36270 138
222693 138
157034 138
52465 138
90213 138
150021 138
161741 138
171144 138
188217 138
191146 138
210192 138
232702 138
16008 138
31526 138
51660 138
58724 138
59077 138
68127 138
78898 138
84203 138
87410 138
90908 138
91783 138
31483 138
47703 138
38986 138
213441 138
156377 138
224122 138
235342 138
20224 137
51229 137
69329 137
74936 137
76706 137
82337 137
86480 137
207538 137
44194 137
56952 137
69182 137
80881 137
94452 137
185113 137
202429 137
53084 137
29235 137
55102 137
92749 137
23714 137
28472 137
64799 137
93418 137
200217 137
56774 137
182605 137
56644 137
59131 137
79416 137
80974 137
161058 137
161320 137
194011 137
238189 137
38375 137
194276 137
71588 137
88995 137
178697 137
206425 137
49529 137
79971 137
94673 137
27706 137
33946 137
35775 137
40349 137
43225 137
44124 137
52174 137
56464 137
56682 137
75807 137
94887 137
32922 136
189203 136
203354 136
223094 136
209284 136
34149 136
32771 136
158154 136
181788 136
221683 136
29649 136
66477 136
23564 136
58303 136
81527 136
89609 136
36485 136
55810 136
94703 136
16555 136
170248 136
184767 136
219787 136
74731 136
61026 136
34186 136
41897 136
66081 136
71500 136
74516 136
74948 136
76767 136
80324 136
80896 136
87221 136
92396 136
92595 136
150547 136
154338 136
165819 136
174061 136
177967 136
181178 136
184568 136
189554 136
192039 136
195090 136
227442 136
231302 136
81222 136
38479 136
228216 136
230595 136
18125 136
24399 136
25370 136
43190 136
46230 136
48200 136
59598 136
66789 136
70012 136
85647 136
62844 136
238494 136
7801 136
225696 136
242387 136
9700 136
39171 136
54969 136
172439 136
222716 136
235592 136
5768 135
12295 135
23399 135
40579 135
41385 135
59132 135
69513 135
79968 135
91848 135
48357 135
67306 135
60833 135
177638 135
182968 135
217030 135
222090 135
228866 135
230471 135
94776 135
196159 135
222005 135
235155 135
66057 135
156101 135
156300 135
192618 135
204443 135
211771 135
29348 135
86963 135
76042 135
76743 135
68026 135
156078 135
34352 135
38595 135
89723 135
92407 135
92559 135
31749 135
72387 135
74560 135
84564 135
86410 135
240554 135
60057 135
64302 135
197477 135
214434 135
37204 135
62347 135
95345 135
182972 135
210971 135
230912 135
233582 135
237231 135
24643 135
84419 135
16043 135
212306 134
44051 134
57199 134
78651 134
241980 134
89288 134
4401 134
29655 134
30552 134
21381 134
52603 134
43591 134
36080 134
51873 134
60295 134
74180 134
81510 134
84737 134
28060 134
82956 134
68532 134
189085 134
201380 134
84923 134
60665 134
70871 134
185343 134
190105 134
4014 134
37764 134
8272 134
9346 134
18110 134
25101 134
29670 134
33917 134
36552 134
36916 134
39130 134
42141 134
44296 134
45672 134
47203 134
57743 134
58437 134
61815 134
65769 134
75008 134
77302 134
80931 134
86635 134
88673 134
91932 134
93616 134
216203 134
37095 134
90863 134
90006 134
6772 134
17165 134
168533 134
214116 134
240552 134
201781 134
13708 134
23468 134
48019 134
50181 134
53800 134
57704 134
80344 134
84529 134
84540 134
88270 134
164153 134
52503 133
53009 133
53537 133
59262 133
78745 133
88961 133
181291 133
178104 133
26429 133
53886 133
54567 133
57205 133
59749 133
62866 133
88048 133
232382 133
188348 133
243035 133
7704 133
8650 133
11664 133
11903 133
12085 133
15317 133
16785 133
18603 133
20023 133
20540 133
25178 133
27306 133
28601 133
29807 133
29846 133
30469 133
31447 133
31761 133
32021 133
32027 133
32278 133
32563 133
33061 133
33547 133
35815 133
36279 133
37644 133
38137 133
38520 133
39525 133
39650 133
40594 133
41324 133
41583 133
42009 133
42084 133
42311 133
42558 133
42572 133
43444 133
44700 133
44728 133
45059 133
45359 133
45688 133
46623 133
46628 133
46685 133
47893 133
47921 133
47967 133
49394 133
49943 133
50239 133
51063 133
51151 133
51386 133
51612 133
51841 133
51865 133
53632 133
53705 133
54060 133
54230 133
54573 133
54654 133
54763 133
55647 133
56035 133
56799 133
57089 133
57695 133
58352 133
58453 133
58588 133
58632 133
58846 133
60005 133
60405 133
61122 133
61567 133
62244 133
62346 133
62445 133
62781 133
63040 133
63218 133
63778 133
63956 133
64083 133
64104 133
64186 133
64446 133
64855 133
64929 133
64978 133
65381 133
65416 133
65594 133
65612 133
66077 133
66141 133
66961 133
67130 133
67776 133
68120 133
68423 133
68510 133
69177 133
69739 133
69914 133
71192 133
71392 133
71670 133
72300 133
72335 133
73024 133
73340 133
73353 133
73499 133
74102 133
74121 133
74125 133
74409 133
74418 133
74538 133
75990 133
76070 133
76110 133
76253 133
76434 133
76805 133
77190 133
77591 133
77809 133
77904 133
78021 133
78321 133
78740 133
78957 133
79578 133
79669 133
79847 133
80066 133
80485 133
80954 133
81605 133
81813 133
81864 133
81967 133
82048 133
82075 133
82126 133
82273 133
83273 133
83328 133
83561 133
84031 133
84563 133
84747 133
84856 133
84945 133
85180 133
85275 133
85540 133
86475 133
86808 133
87629 133
88084 133
88381 133
88397 133
88530 133
88628 133
88823 133
89044 133
89085 133
89150 133
89446 133
89607 133
89854 133
90234 133
90470 133
90669 133
91274 133
91389 133
91511 133
92313 133
92622 133
93040 133
93357 133
93502 133
93699 133
93919 133
94007 133
94212 133
94234 133
94413 133
94646 133
94659 133
94770 133
94924 133
95041 133
95086 133
95377 133
95413 133
95433 133
95571 133
152534 133
155588 133
156836 133
157385 133
162452 133
163296 133
163861 133
168815 133
175110 133
176335 133
178649 133
181028 133
181159 133
186576 133
189516 133
191027 133
193372 133
199740 133
200049 133
200190 133
205817 133
208307 133
208739 133
211271 133
215532 133
220636 133
224123 133
231064 133
231158 133
235481 133
236527 133
242357 133
244476 133
244999 133
246016 133
171931 133
82220 133
55969 133
59329 133
84185 133
85781 133
186964 133
197854 133
202028 133
62636 133
63601 133
173362 133
6193 133
93988 133
43296 133
64697 133
12344 133
43479 133
45739 133
47795 133
49980 133
51594 133
56238 133
57824 133
60764 133
65622 133
72357 133
82433 133
95227 133
155072 133
158926 133
161200 133
167319 133
170330 133
181215 133
181685 133
200241 133
211474 133
244719 133
17705 133
91266 133
1729 133
50094 133
20497 133
46027 133
48278 133
90027 133
150541 133
168671 133
175071 133
183112 133
202565 133
218611 133
242019 133
50936 132
67006 132
88479 132
59964 132
51661 132
72457 132
79161 132
23118 132
10556 132
51450 132
156272 132
175137 132
186232 132
192369 132
194762 132
227493 132
245619 132
180713 132
18438 132
27665 132
63012 132
88148 132
188417 132
152738 132
14155 132
46976 132
9132 132
72442 132
76868 132
88247 132
38118 132
151287 132
154812 132
37899 132
150503 132
175107 132
3332 132
4280 132
4720 132
5412 132
6296 132
6782 132
8031 132
8230 132
10855 132
11404 132
12294 132
15109 132
15762 132
17426 132
18462 132
18596 132
19296 132
19741 132
19757 132
20145 132
20225 132
20427 132
20449 132
20687 132
20910 132
21017 132
21088 132
21167 132
21327 132
22890 132
24218 132
24630 132
24702 132
25511 132
25782 132
26197 132
26274 132
26495 132
26645 132
27203 132
27856 132
28235 132
28449 132
29407 132
29789 132
30049 132
30091 132
30122 132
30516 132
30824 132
31435 132
32310 132
32591 132
32882 132
33346 132
33496 132
34682 132
35181 132
35543 132
35684 132
36576 132
36740 132
37041 132
37712 132
37911 132
38113 132
38443 132
38518 132
39137 132
39232 132
39308 132
39437 132
40077 132
41579 132
41869 132
42063 132
42497 132
42687 132
42878 132
43039 132
43168 132
43348 132
43712 132
44071 132
44196 132
44202 132
44278 132
44552 132
44805 132
45223 132
45724 132
46364 132
46526 132
46597 132
46797 132
47196 132
47479 132
47796 132
47829 132
48279 132
48812 132
48929 132
49276 132
49407 132
50176 132
50178 132
50971 132
51081 132
51394 132
51703 132
51870 132
52796 132
53433 132
53852 132
53867 132
54381 132
54851 132
55579 132
56007 132
56380 132
56400 132
56517 132
56583 132
56793 132
56822 132
56909 132
57465 132
58449 132
58899 132
58982 132
59322 132
60002 132
61410 132
61769 132
63193 132
63521 132
64403 132
64434 132
65507 132
66119 132
66575 132
66997 132
67004 132
67085 132
67345 132
67630 132
67681 132
68396 132
69009 132
69720 132
69832 132
69878 132
70649 132
71186 132
72047 132
72954 132
73156 132
73172 132
74286 132
74321 132
74525 132
74785 132
75101 132
75168 132
75802 132
76606 132
76680 132
76802 132
78320 132
79573 132
80036 132
80195 132
80298 132
81589 132
81797 132
81977 132
82804 132
84013 132
84090 132
84941 132
85817 132
86166 132
86926 132
87826 132
88556 132
88837 132
88965 132
89009 132
89563 132
90619 132
91323 132
92308 132
92340 132
92637 132
93704 132
93863 132
94117 132
94430 132
94664 132
94953 132
95656 132
95687 132
95946 132
95990 132
96038 132
96125 132
97328 132
98882 132
98895 132
100549 132
103723 132
103852 132
108751 132
117324 132
166144 132
170207 132
186611 132
53984 132
73922 132
84790 132
88517 132
153836 132
85693 132
172226 132
19678 132
33074 132
42583 132
47930 132
52329 132
55278 132
62130 132
65977 132
81519 132
92180 132
94521 132
8688 132
162163 131
19862 131
21783 131
26908 131
33033 131
36301 131
38319 131
44267 131
44760 131
46916 131
57990 131
58180 131
68891 131
70817 131
71694 131
82385 131
88643 131
89031 131
89312 131
89802 131
96220 131
149359 131
155295 131
31741 131
3917 131
7844 131
10233 131
18043 131
18051 131
25163 131
30365 131
41572 131
45318 131
46518 131
47638 131
50632 131
52331 131
55774 131
57051 131
57280 131
57858 131
59254 131
61875 131
62028 131
62848 131
68752 131
68849 131
72324 131
73746 131
73862 131
78668 131
78874 131
79307 131
79764 131
80269 131
83034 131
87563 131
90236 131
90720 131
91696 131
91893 131
94537 131
94802 131
23892 131
25382 131
42697 131
44477 131
50432 131
51618 131
93847 131
94635 131
195135 131
28104 131
42526 131
83095 131
38351 131
51598 131
64804 131
70005 131
70116 131
165242 131
88677 131
150898 131
3673 131
29143 131
40369 131
43396 131
45251 131
45841 131
46110 131
48228 131
50833 131
54385 131
58167 131
61333 131
61854 131
63185 131
64413 131
65833 131
66487 131
68027 131
71211 131
71276 131
74548 131
76255 131
78536 131
78541 131
82409 131
82552 131
83436 131
83916 131
87381 131
88565 131
93510 131
94063 131
170812 131
222091 131
228474 131
44419 131
45165 131
46980 131
52188 131
55389 131
72277 131
148467 131
12699 131
49985 131
67419 131
89293 131
84507 131
181548 131
205752 131
220650 131
53432 131
85032 131
213922 131
228909 131
189723 130
201847 130
2162 130
23594 130
55468 130
55814 130
59303 130
35865 130
42026 130
42395 130
16806 130
58032 130
62607 130
69183 130
167428 130
180653 130
201364 130
82753 130
198380 130
23893 130
28804 130
8572 130
16200 130
17335 130
18762 130
27213 130
32836 130
37132 130
47876 130
48785 130
49658 130
55560 130
61658 130
63462 130
65689 130
66750 130
69860 130
70958 130
71584 130
79063 130
80135 130
80143 130
81242 130
85908 130
86802 130
88500 130
88791 130
93353 130
168575 130
185184 130
185710 130
188587 130
195766 130
201540 130
204997 130
206299 130
206424 130
207655 130
211197 130
219773 130
227761 130
227805 130
237833 130
239004 130
239094 130
245442 130
58572 130
85335 130
86261 130
85248 130
91768 130
51925 130
65852 130
65873 130
91827 130
216462 130
65904 130
53631 130
5720 130
12074 130
39199 130
44864 130
67035 130
75481 130
81662 130
82559 130
84266 130
84987 130
92923 130
148748 130
150098 130
165093 130
173656 130
179620 130
189672 130
191988 130
194598 130
205097 130
212217 130
213950 130
243765 130
244231 130
30892 130
34151 130
34880 130
42471 130
55271 130
58624 130
72870 130
77198 130
88076 130
94639 130
76980 130
12327 130
65600 129
55144 129
56856 129
20836 129
62809 129
156236 129
71651 129
4358 129
8118 129
11053 129
20234 129
25350 129
30044 129
31173 129
44671 129
49572 129
49596 129
50196 129
50253 129
53074 129
60610 129
73865 129
79488 129
79608 129
80395 129
85638 129
86121 129
86913 129
87506 129
89001 129
92467 129
92635 129
173131 129
53739 129
84246 129
149643 129
176290 129
186670 129
15719 129
35885 129
89974 129
93408 129
213756 129
9656 129
51127 129
25572 129
153150 129
1499 129
85733 129
23828 129
45120 129
64876 129
40427 129
58150 129
34633 129
91692 129
10475 129
32357 129
90817 129
92172 129
173534 129
20085 129
36642 129
163495 128
241491 128
2457 128
157050 128
175403 128
211415 128
178442 128
46412 128
68394 128
9914 128
18943 128
26092 128
37313 128
37551 128
44009 128
58825 128
59809 128
62063 128
65842 128
76416 128
81358 128
95389 128
186081 128
26689 128
60038 128
63624 128
77505 128
29084 128
73539 128
90296 128
93908 128
155052 128
173669 128
243079 128
47302 128
224662 128
8936 128
76768 128
42886 128
154789 128
55495 128
226690 128
32108 128
33540 128
41148 128
46624 128
55266 128
56476 128
58607 128
62745 128
69346 128
74976 128
78715 128
78808 128
86367 128
87340 128
89437 128
92546 128
93013 128
167608 128
190242 128
226761 128
7837 128
12708 128
26643 128
44925 128
47064 128
47471 128
50959 128
59022 128
61744 128
72817 128
73016 128
73705 128
75095 128
78902 128
80047 128
81137 128
82089 128
90069 128
92975 128
85063 128
32797 127
74323 127
148439 127
163649 127
14722 127
16425 127
31464 127
32729 127
35171 127
44227 127
45305 127
50477 127
52010 127
55201 127
58646 127
61995 127
62679 127
64908 127
69102 127
72720 127
75907 127
77110 127
82188 127
93317 127
95023 127
189867 127
36876 127
44517 127
58201 127
31208 127
36871 127
70437 127
95317 127
167602 127
172814 127
186996 127
200914 127
221274 127
225052 127
34093 127
37542 127
60346 127
3846 127
74559 127
20281 127
28355 127
34041 127
50001 127
56099 127
61143 127
69990 127
72178 127
81173 127
83213 127
84984 127
85038 127
87848 127
89896 127
90346 127
90706 127
92631 127
93394 127
94077 127
155415 127
161687 127
169042 127
176792 127
182979 127
184267 127
188539 127
189341 127
198111 127
204543 127
219344 127
225820 127
2494 127
35433 127
41562 127
220346 127
20626 127
46817 127
161304 127
8841 127
197125 127
57838 127
174286 127
47647 126
61028 126
78577 126
90163 126
149882 126
153934 126
161263 126
178124 126
193454 126
208781 126
214192 126
218962 126
223229 126
236294 126
237904 126
25135 126
60628 126
67237 126
63845 126
71179 126
53255 126
227502 126
52898 126
57042 126
66285 126
17718 126
92474 126
92497 126
158938 126
204159 126
6062 126
16957 126
30414 126
59068 126
169484 126
218281 126
49599 126
69366 126
9413 126
22529 126
44865 126
62013 126
71982 126
79924 126
93859 126
77944 126
46166 126
87534 126
87637 126
56741 126
21836 126
24525 126
69846 126
74955 126
81361 126
153605 126
160052 126
162072 126
166933 126
172845 126
174379 126
174525 126
177303 126
181512 126
183898 126
185671 126
186563 126
200939 126
218698 126
235212 126
238620 126
239098 126
4814 126
12393 126
26672 126
31611 126
33889 126
37098 126
43445 126
46459 126
50657 126
57605 126
61153 126
71152 126
72699 126
76951 126
80030 126
87699 126
148428 126
177791 126
178668 126
84453 126
178107 125
182388 125
204014 125
238809 125
39680 125
42368 125
42531 125
48813 125
50495 125
56395 125
64815 125
67908 125
70546 125
74460 125
75945 125
83342 125
86731 125
17646 125
48968 125
49591 125
95779 125
32727 125
55256 125
74098 125
78610 125
91708 125
177025 125
10180 125
37436 125
55955 125
68654 125
41201 125
1161 125
89127 125
20291 125
48229 125
71787 125
164269 125
206493 125
217888 125
230094 125
55543 125
71249 125
88957 125
29525 125
63541 125
31926 125
45914 125
243090 125
48982 125
230787 125
70602 125
91041 125
59453 124
86920 124
93097 124
159467 124
179610 124
184825 124
208822 124
211249 124
228255 124
237694 124
2888 124
7927 124
13296 124
79873 124
60594 124
184612 124
223692 124
44672 124
209022 124
184421 124
184814 124
200230 124
9995 124
13637 124
53172 124
37332 124
48928 124
81748 124
198206 124
91236 124
68347 124
148782 124
11485 124
68892 124
13644 124
13788 124
31175 124
38804 124
42768 124
42875 124
51543 124
56742 124
62518 124
94667 124
148503 124
156885 124
157931 124
169615 124
169650 124
175318 124
178030 124
212103 124
212725 124
216863 124
216959 124
221135 124
236296 124
236801 124
246054 124
87151 124
30051 124
43779 124
16858 124
20210 124
25336 124
34365 124
36222 124
39173 124
39999 124
42476 124
46041 124
49712 124
50938 124
51086 124
59843 124
76982 124
80867 124
82686 124
83784 124
83800 124
95826 124
96718 124
161075 124
227332 124
230943 124
64947 124
78241 124
80676 124
167658 124
204872 124
213387 124
8859 123
36223 123
51183 123
87411 123
159220 123
211683 123
12628 123
13664 123
32168 123
45537 123
47768 123
55678 123
65094 123
78060 123
82915 123
85529 123
89999 123
84500 123
55300 123
70450 123
148856 123
149132 123
175104 123
230105 123
63746 123
163749 123
213955 123
48980 123
177420 123
70799 123
93602 123
151580 123
161530 123
20456 123
42047 123
54955 123
222641 123
27879 123
51916 123
164165 123
206187 123
227777 123
155963 123
173301 123
204984 123
11080 123
159089 123
40947 123
91901 123
34825 123
45038 123
42983 123
226922 123
24739 123
24942 122
45830 122
2097 122
57482 122
56679 122
72097 122
27403 122
78296 122
60393 122
63324 122
70924 122
92142 122
3832 122
67047 122
46237 122
28981 122
93039 122
58434 122
56868 122
32241 122
4894 122
7414 122
7804 122
9234 122
9583 122
9904 122
10891 122
12428 122
12890 122
13054 122
13221 122
13566 122
13929 122
14106 122
14113 122
14823 122
15054 122
15638 122
15870 122
16404 122
17365 122
18024 122
18079 122
18582 122
18803 122
19125 122
19359 122
19599 122
19696 122
20389 122
20957 122
21661 122
22280 122
22829 122
23293 122
23350 122
24976 122
25169 122
25609 122
25757 122
25837 122
26161 122
26675 122
26753 122
26810 122
27191 122
27321 122
27434 122
27691 122
28070 122
28255 122
28257 122
28578 122
28814 122
29217 122
29229 122
29370 122
29852 122
30678 122
30836 122
31714 122
32503 122
33406 122
33587 122
33643 122
33762 122
34053 122
34893 122
34993 122
35898 122
36227 122
36648 122
37034 122
37427 122
37595 122
37601 122
37785 122
38094 122
38184 122
38695 122
38904 122
38994 122
39628 122
40208 122
40474 122
41302 122
41314 122
41687 122
41805 122
42354 122
44074 122
44472 122
44542 122
44639 122
45011 122
45210 122
45250 122
45259 122
45497 122
46029 122
46177 122
46662 122
46725 122
47284 122
47296 122
47347 122
47405 122
47683 122
47867 122
47875 122
48594 122
48639 122
49393 122
49461 122
50544 122
50848 122
51491 122
52017 122
52284 122
52599 122
52752 122
52955 122
53075 122
53130 122
53176 122
53246 122
53818 122
53848 122
54587 122
54690 122
54743 122
54829 122
55021 122
55697 122
56045 122
56098 122
56479 122
56788 122
57123 122
57818 122
58483 122
58538 122
58923 122
59642 122
60176 122
60208 122
60254 122
60553 122
60712 122
62195 122
62609 122
62750 122
62791 122
63015 122
63648 122
63752 122
63787 122
63878 122
63880 122
63904 122
64259 122
64649 122
64806 122
65164 122
65298 122
65527 122
65582 122
66426 122
66951 122
67315 122
68005 122
68364 122
68604 122
69527 122
69960 122
70322 122
70574 122
71836 122
72619 122
73116 122
74630 122
74716 122
75200 122
75925 122
76020 122
76707 122
77129 122
77626 122
77749 122
77860 122
78083 122
78162 122
79016 122
79173 122
79435 122
79860 122
79894 122
80724 122
81573 122
81779 122
82672 122
83290 122
83637 122
83853 122
84314 122
84846 122
85597 122
86084 122
87043 122
87370 122
87382 122
87672 122
87761 122
87886 122
88362 122
89394 122
89755 122
89922 122
90128 122
90326 122
90859 122
91756 122
92243 122
92367 122
92691 122
92845 122
93023 122
93641 122
93865 122
93877 122
94531 122
94904 122
95361 122
95396 122
95527 122
95849 122
96460 122
96621 122
96723 122
96958 122
98151 122
98642 122
99147 122
99162 122
99479 122
100315 122
104268 122
109185 122
110190 122
110930 122
110976 122
112001 122
113098 122
118640 122
127479 122
130142 122
147527 122
148326 122
149009 122
149464 122
149603 122
150201 122
151996 122
154816 122
160610 122
161332 122
169090 122
169728 122
175267 122
194756 122
209154 122
220718 122
225500 122
245928 122
90015 122
228011 122
233472 122
24189 121
171022 121
204811 121
50601 121
12245 121
17908 121
32143 121
34364 121
34410 121
46723 121
62124 121
64251 121
71755 121
74054 121
82158 121
89642 121
94644 121
148369 121
154150 121
4402 121
55765 121
69062 121
70145 121
83171 121
89241 121
90116 121
176206 121
181682 121
197741 121
202681 121
214183 121
229493 121
67482 121
88199 121
20594 121
36596 121
44192 121
49677 121
49820 121
82644 121
92438 121
95447 121
220845 121
4264 121
5542 121
13693 121
14355 121
19007 121
25956 121
26413 121
26428 121
26694 121
28061 121
28119 121
28143 121
28250 121
29242 121
29522 121
30062 121
30124 121
30786 121
31406 121
31570 121
32403 121
33246 121
33386 121
34050 121
34070 121
34270 121
34634 121
35733 121
36518 121
36539 121
36561 121
38124 121
38977 121
39068 121
40210 121
40499 121
41645 121
41675 121
42442 121
43363 121
43696 121
43699 121
43819 121
44328 121
44645 121
44905 121
45999 121
46533 121
46646 121
47439 121
47491 121
48033 121
48192 121
48196 121
48344 121
48703 121
48952 121
49482 121
49506 121
49758 121
51111 121
51147 121
51360 121
51756 121
53313 121
53706 121
53805 121
54761 121
54779 121
54823 121
54912 121
55672 121
55767 121
56591 121
56726 121
57127 121
57407 121
58556 121
59581 121
60222 121
61260 121
61492 121
61701 121
62270 121
63226 121
63283 121
63331 121
63440 121
64007 121
64493 121
64684 121
64757 121
64821 121
64823 121
64969 121
65106 121
65285 121
65388 121
65533 121
65998 121
66243 121
66612 121
66884 121
67078 121
67803 121
68032 121
68316 121
68517 121
68806 121
68902 121
69115 121
69500 121
69934 121
70436 121
70865 121
71751 121
72119 121
72383 121
72546 121
72853 121
72879 121
72961 121
73243 121
73349 121
73912 121
74277 121
74549 121
74552 121
74699 121
75577 121
75695 121
75722 121
75970 121
76286 121
76650 121
77058 121
77449 121
77491 121
77735 121
78239 121
78246 121
78497 121
78789 121
78823 121
78975 121
79050 121
79127 121
79329 121
79700 121
79829 121
80172 121
80174 121
80221 121
80448 121
80536 121
80691 121
80797 121
80959 121
81106 121
81255 121
81512 121
82187 121
82618 121
82684 121
82961 121
83066 121
83475 121
83536 121
83702 121
83756 121
83764 121
83944 121
84174 121
84988 121
85109 121
85136 121
85199 121
85541 121
85956 121
86160 121
86260 121
86533 121
86539 121
86634 121
86674 121
87180 121
87450 121
87552 121
88603 121
88659 121
89391 121
89498 121
89707 121
89884 121
90112 121
90374 121
90674 121
90701 121
90809 121
91067 121
91200 121
91215 121
91275 121
91368 121
91561 121
91595 121
91652 121
91824 121
91825 121
91852 121
92002 121
92219 121
92322 121
92348 121
92364 121
92375 121
92683 121
92978 121
93028 121
93698 121
94243 121
94358 121
94376 121
94434 121
94501 121
94996 121
95567 121
95583 121
95638 121
95696 121
95720 121
98096 121
152696 121
154470 121
155613 121
157499 121
158129 121
158171 121
162451 121
167589 121
178617 121
186239 121
187183 121
188502 121
190053 121
190397 121
190505 121
198359 121
198980 121
199823 121
204189 121
207145 121
210565 121
211945 121
213769 121
216102 121
218351 121
220128 121
222542 121
222871 121
223447 121
225567 121
233154 121
239959 121
240650 121
241029 121
244998 121
245983 121
246138 121
37901 121
49218 121
63354 121
82752 121
86826 121
66469 121
17859 121
24357 121
51015 121
74718 121
214680 121
93370 121
7940 121
19156 121
41824 121
44705 121
56252 121
67167 121
12746 121
15621 121
30534 121
33412 121
48068 121
48355 121
64103 121
65068 121
83954 121
92910 121
149437 121
162368 121
180497 121
194694 121
198917 121
199662 121
201665 121
204459 121
244637 121
59563 121
72379 121
166875 121
12947 121
16083 121
18153 121
59480 121
77142 121
79017 121
84476 121
88914 121
52455 120
233969 120
31882 120
69345 120
226976 120
11172 120
22925 120
26371 120
48779 120
48245 120
50395 120
53145 120
94842 120
149019 120
215919 120
220347 120
227717 120
232272 120
93889 120
69286 120
159637 120
212989 120
25485 120
65513 120
230093 120
28616 120
43572 120
35613 120
76207 120
204629 120
210307 120
154352 120
160102 120
22170 120
26293 119
67634 119
70836 119
215050 119
13823 119
14427 119
27013 119
32321 119
38633 119
44139 119
73118 119
77046 119
218210 119
186850 119
218088 119
29905 119
87063 119
24064 119
200702 119
205433 119
231138 119
1276 119
3686 119
9309 119
28004 119
28855 119
32446 119
34666 119
37444 119
37649 119
39351 119
39422 119
42716 119
43319 119
44053 119
45358 119
46697 119
53396 119
55963 119
62092 119
64646 119
67061 119
79192 119
79886 119
80688 119
82803 119
88519 119
89435 119
89794 119
89814 119
91491 119
93467 119
198842 119
22393 119
17141 119
152220 119
88419 119
19031 119
68762 119
211405 119
20215 119
23800 119
72834 119
92944 119
57703 119
221528 119
223525 119
1241 119
16716 119
17929 119
23808 119
28980 119
30131 119
36282 119
38651 119
46891 119
47965 119
51542 119
54812 119
55098 119
56221 119
58125 119
58325 119
64609 119
66397 119
68248 119
68447 119
68961 119
69648 119
70699 119
71417 119
75635 119
79644 119
80537 119
80548 119
86956 119
87294 119
90426 119
91551 119
92724 119
95043 119
171449 119
185779 119
212925 119
230918 119
242126 119
43196 119
94922 119
231431 119
41237 118
61349 118
47428 118
52809 118
58893 118
42469 118
44319 118
58427 118
87397 118
90520 118
195678 118
245505 118
39243 118
44590 118
29511 118
4301 118
25234 118
25287 118
84930 118
50957 118
42462 118
74093 118
75657 118
183830 118
194652 118
53609 118
42343 118
18039 118
18613 118
22665 118
23724 118
32178 118
32936 118
33746 118
35356 118
36258 118
39402 118
55188 118
55928 118
60339 118
64274 118
65172 118
65835 118
67717 118
71489 118
76463 118
78305 118
79814 118
83400 118
84379 118
85164 118
85729 118
85848 118
86310 118
87429 118
88421 118
89993 118
90568 118
93727 118
93929 118
94931 118
154036 118
155334 118
157761 118
159155 118
162096 118
165547 118
165776 118
173787 118
177760 118
186556 118
188948 118
191947 118
195928 118
206057 118
207030 118
213420 118
230285 118
237315 118
239275 118
241308 118
243380 118
92879 118
63326 118
81040 118
30099 118
46801 118
163218 118
199640 118
216129 118
245234 118
246137 118
38128 118
71281 118
5220 118
5625 118
18963 118
21401 118
37628 118
64210 118
68972 118
81613 118
171656 118
173608 118
185918 118
186971 118
6606 117
34587 117
49332 117
50299 117
63037 117
64009 117
74216 117
78606 117
79062 117
80525 117
231385 117
40601 117
55651 117
196100 117
27011 117
15082 117
27205 117
27654 117
31650 117
34285 117
37939 117
40769 117
50499 117
59382 117
62904 117
67390 117
76521 117
79395 117
81042 117
81088 117
83585 117
85349 117
89153 117
92642 117
172065 117
211758 117
82861 117
181567 117
149355 117
154164 117
220101 117
233774 117
94722 117
203007 117
205782 117
225558 117
232550 117
22332 117
42037 117
88295 117
73576 117
13270 117
24274 117
93658 117
51990 117
19422 117
7221 117
178478 117
197455 117
236511 117
3093 117
8182 117
13882 117
66840 117
164678 117
245168 117
95684 116
2062 116
66855 116
94050 116
73168 116
210660 116
71544 116
21774 116
39119 116
57488 116
2092 116
18245 116
45518 116
46502 116
46565 116
46856 116
54500 116
62568 116
64112 116
67860 116
80329 116
81600 116
85602 116
92630 116
93346 116
175757 116
205270 116
205847 116
71374 116
62467 116
80312 116
218229 116
49286 116
53439 116
79032 116
85258 116
93540 116
93671 116
150708 116
156526 116
159613 116
161655 116
167267 116
178414 116
178941 116
191817 116
192610 116
195421 116
201263 116
202493 116
214543 116
217228 116
221808 116
30566 116
55156 116
47678 116
85220 116
155655 116
162878 116
170496 116
170561 116
228065 116
31999 116
42190 116
21324 116
35054 116
4533 116
34791 116
42782 116
60884 116
67738 116
87818 116
162759 116
196265 116
213137 116
16302 115
34966 115
35776 115
37537 115
37934 115
38108 115
39211 115
58722 115
74734 115
76599 115
78458 115
90278 115
226319 115
45094 115
69230 115
193722 115
235524 115
181132 115
205497 115
16151 115
24683 115
53477 115
58677 115
91573 115
182707 115
218558 115
246349 115
1239 115
22160 115
42024 115
45025 115
47864 115
50853 115
51487 115
55223 115
70362 115
70508 115
74245 115
85527 115
85831 115
89331 115
95180 115
42308 115
70023 115
58731 115
227537 115
242052 115
18294 115
56953 115
234956 115
3259 115
49979 115
14578 115
26391 115
28967 115
32670 115
33247 115
37953 115
43496 115
49092 115
52860 115
54764 115
56314 115
57375 115
60430 115
63389 115
63415 115
65350 115
71519 115
74297 115
74449 115
75084 115
75099 115
76405 115
77480 115
78987 115
81023 115
86668 115
90060 115
93052 115
94729 115
158213 115
161877 115
167018 115
167173 115
167661 115
176071 115
182076 115
182102 115
182228 115
183586 115
185916 115
186713 115
192953 115
195105 115
206080 115
225441 115
234148 115
236063 115
236814 115
240976 115
240991 115
244652 115
246438 115
35941 115
70846 115
174504 115
192002 115
239709 115
61986 115
83855 114
20859 114
37674 114
50832 114
76834 114
81308 114
82504 114
150031 114
161703 114
177306 114
196714 114
213165 114
219307 114
239581 114
25673 114
72693 114
84776 114
87673 114
174773 114
206040 114
36075 114
51907 114
56746 114
35884 114
4251 114
32182 114
82632 114
82785 114
13958 114
66346 114
72425 114
76432 114
211998 114
62995 114
78203 114
87281 114
200560 114
234103 114
44308 114
56662 114
202977 114
219508 114
6956 114
14302 114
68983 114
82914 114
153400 114
162284 114
246712 114
76574 114
180476 114
210554 114
229618 114
13536 114
212654 114
17406 114
20694 114
21229 114
22535 114
26041 114
29675 114
31020 114
31445 114
32430 114
38503 114
38903 114
44199 114
48092 114
50405 114
51138 114
52412 114
60923 114
60944 114
61878 114
62673 114
63643 114
74182 114
76227 114
82613 114
86306 114
91035 114
91255 114
95802 114
152208 114
153058 114
244441 114
42803 113
31968 113
54669 113
213386 113
9905 113
11699 113
21905 113
35354 113
50267 113
56041 113
61338 113
64619 113
68033 113
165446 113
169143 113
234463 113
68786 113
44796 113
89882 113
88649 113
35316 113
42508 113
68896 113
75927 113
81392 113
90171 113
91677 113
94271 113
205453 113
238584 113
49035 113
67775 113
77623 113
233465 113
225386 113
229856 113
8039 113
54740 113
62659 113
75580 113
91438 113
79440 113
52326 113
54080 113
165273 113
31264 113
58044 113
183643 112
2363 112
16607 112
36493 112
60688 112
67811 112
70175 112
84825 112
89969 112
165138 112
190441 112
191663 112
194054 112
216567 112
218990 112
223006 112
229976 112
234891 112
242685 112
42937 112
87641 112
6710 112
217918 112
80240 112
86559 112
56148 112
77894 112
78888 112
159878 112
175126 112
184744 112
228581 112
70172 112
228143 112
41089 112
45729 112
187972 112
35749 112
41759 112
47278 112
47816 112
68583 112
68807 112
72764 112
73968 112
82176 112
84518 112
85393 112
87585 112
87981 112
91166 112
95257 112
155355 112
158815 112
161224 112
164120 112
179273 112
186353 112
203260 112
205154 112
209961 112
210191 112
228120 112
229287 112
241700 112
242566 112
35512 112
47348 112
75886 112
83975 112
179348 112
1629 112
3206 112
3279 112
4085 112
8168 112
8374 112
10056 112
10626 112
10870 112
11295 112
11589 112
12685 112
13678 112
14532 112
15991 112
16449 112
17995 112
19216 112
19767 112
19795 112
20027 112
20229 112
20442 112
21013 112
21056 112
21233 112
21357 112
22092 112
23510 112
24185 112
24641 112
24663 112
24675 112
25141 112
25754 112
26277 112
26450 112
26714 112
27162 112
27241 112
27727 112
27877 112
28063 112
28309 112
28409 112
29212 112
29325 112
29336 112
29520 112
30002 112
31011 112
31640 112
32634 112
33299 112
33405 112
33438 112
33659 112
33816 112
34204 112
35009 112
35864 112
36117 112
37022 112
37312 112
37387 112
37493 112
37518 112
37985 112
38578 112
38860 112
39230 112
39275 112
39524 112
39569 112
40072 112
40273 112
40511 112
41060 112
41870 112
42133 112
42592 112
42860 112
42879 112
43071 112
43123 112
44338 112
44625 112
44995 112
45194 112
46191 112
46208 112
46365 112
46790 112
47186 112
48426 112
49630 112
50008 112
50174 112
50212 112
50718 112
50852 112
51041 112
51092 112
51369 112
53124 112
53333 112
53386 112
53675 112
54267 112
54383 112
55214 112
55550 112
55706 112
55802 112
56427 112
56575 112
57084 112
57273 112
57299 112
57450 112
57843 112
57980 112
58128 112
59449 112
59529 112
60419 112
60630 112
62238 112
62543 112
62988 112
63555 112
63927 112
64032 112
64402 112
64489 112
64732 112
65059 112
65201 112
65631 112
66102 112
66202 112
66527 112
66862 112
67463 112
68464 112
68712 112
68985 112
69126 112
69238 112
69397 112
70123 112
70150 112
71571 112
71965 112
72328 112
72466 112
72854 112
73009 112
73119 112
73548 112
73693 112
74587 112
74794 112
74814 112
74991 112
75026 112
75140 112
75495 112
76259 112
76536 112
76791 112
77538 112
77564 112
77823 112
78687 112
79268 112
79933 112
79988 112
80148 112
80446 112
80823 112
81025 112
81984 112
82264 112
83320 112
83431 112
83782 112
84670 112
84838 112
85190 112
85389 112
85703 112
86057 112
86072 112
86655 112
86779 112
87909 112
88004 112
88036 112
88200 112
88428 112
89759 112
90502 112
90976 112
90991 112
91101 112
91102 112
91607 112
92433 112
92493 112
92607 112
93365 112
93373 112
94305 112
95576 112
95889 112
96878 112
97150 112
97322 112
97813 112
97889 112
98116 112
98257 112
99157 112
99585 112
100561 112
103711 112
110039 112
112853 112
116773 112
122941 112
158685 112
222898 112
71601 111
91845 111
94418 111
26102 111
34464 111
37372 111
39444 111
49205 111
49469 111
50935 111
56227 111
62532 111
63175 111
68208 111
77276 111
87627 111
21271 111
70541 111
86702 111
148532 111
149773 111
159778 111
182627 111
203547 111
18699 111
43673 111
44849 111
56977 111
74667 111
168938 111
196641 111
161956 111
5980 111
20177 111
32521 111
33015 111
44511 111
45243 111
48728 111
50556 111
50865 111
51844 111
53346 111
60669 111
62569 111
63264 111
65095 111
69730 111
71539 111
80836 111
85795 111
95717 111
172194 111
194179 111
23338 111
10496 111
57626 111
177996 111
13859 111
26270 111
36011 111
66547 111
66756 111
86864 111
160912 111
210372 111
37227 111
85465 111
52534 111
66272 111
69763 111
74074 111
79927 111
87419 111
90165 111
162217 111
6035 111
30086 111
31408 111
52956 111
59114 111
162380 111
181866 111
15778 110
50364 110
152811 110
153340 110
11581 110
76131 110
160257 110
15684 110
23657 110
36393 110
57717 110
71018 110
164840 110
9965 110
34011 110
41526 110
20593 110
28017 110
28688 110
42617 110
50288 110
76978 110
72541 110
88010 110
76874 110
14348 110
39190 110
40147 110
50300 110
55279 110
59808 110
62783 110
74972 110
76864 110
82199 110
180023 110
184317 110
203675 110
227936 110
44401 110
89899 110
2451 110
41749 110
85516 110
25207 110
42391 110
57119 110
59571 110
53496 109
77239 109
8456 109
32858 109
36408 109
46439 109
50342 109
56542 109
58524 109
71274 109
73114 109
89639 109
93932 109
83765 109
12057 109
43928 109
58953 109
63591 109
85125 109
89162 109
160481 109
167063 109
229017 109
243193 109
55074 109
75440 109
32605 109
34485 109
57823 109
157400 109
4641 109
5539 109
7412 109
13686 109
13768 109
14042 109
20820 109
22400 109
22669 109
23203 109
24286 109
24615 109
25238 109
25441 109
29011 109
31235 109
31375 109
31452 109
31929 109
33705 109
34480 109
36307 109
36355 109
37406 109
37626 109
37976 109
39015 109
39225 109
39471 109
39656 109
39766 109
40231 109
40484 109
40826 109
41500 109
41934 109
43104 109
43341 109
43556 109
44450 109
44913 109
45103 109
45533 109
45566 109
45713 109
46453 109
47035 109
47552 109
47605 109
48923 109
49356 109
49508 109
49687 109
50293 109
50487 109
50720 109
50775 109
50796 109
53036 109
53222 109
53686 109
54288 109
54325 109
54380 109
54406 109
55321 109
55611 109
55751 109
56135 109
56449 109
56648 109
57098 109
57206 109
58098 109
59302 109
59369 109
59928 109
59960 109
60303 109
60358 109
61247 109
61366 109
61466 109
61892 109
61893 109
62230 109
62235 109
62287 109
62931 109
62955 109
63132 109
64499 109
64546 109
64873 109
65090 109
65093 109
65256 109
65675 109
66380 109
66544 109
66638 109
66715 109
67057 109
67101 109
67171 109
67183 109
67350 109
67512 109
67758 109
68207 109
68491 109
68493 109
69269 109
69409 109
69477 109
69869 109
70158 109
70249 109
70470 109
70497 109
70806 109
71313 109
71364 109
71456 109
71952 109
71969 109
72062 109
72317 109
72417 109
72453 109
73192 109
73201 109
73719 109
73885 109
74096 109
74343 109
74377 109
75206 109
75244 109
75770 109
75832 109
76825 109
76842 109
77192 109
77238 109
77315 109
77404 109
77523 109
77554 109
77585 109
77639 109
77900 109
78085 109
78121 109
78145 109
78662 109
78703 109
79290 109
79877 109
79953 109
80323 109
80635 109
80735 109
80920 109
80945 109
81163 109
81876 109
82003 109
82265 109
82307 109
82614 109
83292 109
83366 109
83649 109
83946 109
84082 109
84118 109
84184 109
84300 109
84316 109
84611 109
84688 109
84700 109
84842 109
85313 109
85589 109
85646 109
86483 109
86739 109
86856 109
87181 109
87200 109
87498 109
87923 109
88061 109
88250 109
88544 109
88625 109
88839 109
88949 109
89007 109
89045 109
89076 109
89158 109
89226 109
89444 109
89644 109
89654 109
89668 109
89674 109
89858 109
90416 109
90717 109
90719 109
90758 109
90812 109
91025 109
91229 109
91233 109
91940 109
93217 109
93247 109
93366 109
93374 109
94027 109
94121 109
94159 109
94240 109
94269 109
94291 109
94632 109
94643 109
94733 109
94815 109
94939 109
95285 109
95518 109
153084 109
156429 109
160059 109
160573 109
166489 109
168266 109
174999 109
177170 109
177437 109
180133 109
182157 109
184367 109
184455 109
186545 109
186844 109
191673 109
193859 109
194878 109
196890 109
197366 109
197482 109
198127 109
200717 109
201123 109
201860 109
204899 109
206491 109
210576 109
211714 109
213316 109
213499 109
213720 109
216520 109
224649 109
224851 109
225774 109
227145 109
239724 109
240245 109
242850 109
243394 109
60106 109
93815 109
2042 109
31248 109
59484 109
76570 109
83889 109
171460 109
171674 109
174904 109
197129 109
215891 109
24392 109
31704 109
44060 109
54017 109
153331 109
153718 109
176932 109
219575 109
48549 109
18577 109
59673 109
45370 109
59878 109
73195 109
89459 109
223432 109
28381 109
33150 109
61807 109
64637 109
94962 109
150120 109
175840 109
184290 109
187238 109
198175 109
203326 109
218337 109
81151 108
66224 108
172789 108
52828 108
83524 108
163652 108
87106 108
55822 108
64189 108
88489 108
179507 108
180161 108
187156 108
226098 108
56092 108
50795 108
85270 108
159931 108
215813 108
31993 108
66108 108
86924 108
88627 108
164637 108
69463 108
24120 108
72365 108
193746 108
196532 108
239464 108
59203 108
79594 108
23401 108
49585 108
58889 108
92563 108
169053 108
174591 108
217981 108
183363 107
183941 107
204948 107
57681 107
10265 107
11793 107
33318 107
38372 107
72012 107
74945 107
84721 107
92937 107
96525 107
86748 107
12608 107
32144 107
244398 107
22177 107
23516 107
25528 107
26252 107
27146 107
30221 107
30372 107
44318 107
46557 107
48668 107
50238 107
52159 107
53961 107
55082 107
61877 107
64111 107
64510 107
71044 107
74404 107
78267 107
78316 107
79531 107
83338 107
84274 107
85126 107
89709 107
90943 107
91195 107
91880 107
92410 107
94839 107
81872 107
36333 107
8372 107
55247 107
83548 107
148325 107
46204 107
71579 107
19067 107
40815 107
66205 107
69416 107
76789 107
149800 107
160255 107
168726 107
201479 107
46037 107
173832 107
222934 107
18276 107
169031 107
6291 107
6935 107
14323 107
19968 107
24616 107
39365 107
39898 107
41754 107
41757 107
42091 107
42696 107
43029 107
45756 107
47609 107
48126 107
56893 107
57478 107
58832 107
59261 107
70147 107
70608 107
71369 107
77595 107
81386 107
83182 107
83339 107
84716 107
84900 107
86688 107
88323 107
88735 107
90958 107
91418 107
91851 107
170073 107
181397 107
190526 107
190719 107
194340 107
197315 107
225948 107
241234 107
49526 106
51014 106
61509 106
39369 106
62921 106
83639 106
95578 106
22886 106
32020 106
45434 106
48556 106
50670 106
63612 106
150746 106
151698 106
152702 106
155438 106
155667 106
155815 106
161121 106
164819 106
165272 106
171606 106
184428 106
187253 106
188559 106
190015 106
191889 106
194417 106
195052 106
212969 106
232963 106
233163 106
13623 106
44967 106
93687 106
24705 106
53443 106
76469 106
85879 106
93049 106
208916 106
95011 106
20562 106
25321 106
31221 106
37386 106
40256 106
40268 106
40613 106
40913 106
42747 106
44560 106
48989 106
49358 106
50573 106
53578 106
56959 106
63910 106
63916 106
64039 106
65261 106
67125 106
70810 106
71475 106
72044 106
79647 106
80751 106
83216 106
83682 106
84493 106
85172 106
86752 106
89930 106
90832 106
91624 106
91690 106
92601 106
92694 106
94141 106
157666 106
158034 106
162600 106
164449 106
165092 106
165298 106
165894 106
181175 106
182330 106
186575 106
186988 106
188197 106
204377 106
207428 106
219651 106
235120 106
245960 106
68077 106
19171 106
47112 106
73636 106
195108 106
200522 106
218231 106
220567 106
223581 106
237312 106
72398 105
29660 105
34340 105
51415 105
53538 105
59393 105
75292 105
75712 105
75852 105
77362 105
78988 105
155943 105
164369 105
167982 105
172253 105
174663 105
179927 105
183256 105
183763 105
187007 105
193099 105
195504 105
202967 105
206941 105
215329 105
216909 105
222953 105
229989 105
22271 105
24522 105
30427 105
34557 105
34578 105
34972 105
40124 105
40958 105
41660 105
55914 105
60062 105
61281 105
64587 105
84435 105
94442 105
23993 105
65417 105
35582 105
35717 105
38429 105
38585 105
44601 105
49622 105
50066 105
51857 105
56696 105
59281 105
64317 105
65753 105
66062 105
66212 105
71345 105
73620 105
73677 105
73740 105
75921 105
80120 105
92680 105
93308 105
223443 105
184609 105
192259 105
23593 105
86694 105
234470 105
234819 105
48606 105
94206 105
42002 105
69002 105
151663 105
225185 105
10354 105
35524 105
38696 105
41118 105
49975 105
52991 105
57421 105
63793 105
76735 105
76807 105
91187 105
50324 104
4636 104
53734 104
68755 104
193563 104
85479 104
162679 104
176474 104
183515 104
55655 104
161875 104
186435 104
210986 104
91443 104
8215 104
16498 104
51704 104
80489 104
83747 104
91232 104
186721 104
194706 104
213589 104
27297 104
70399 104
74952 104
182853 104
26598 104
27077 104
84041 104
65306 104
83626 104
93701 104
36473 104
86632 104
12173 104
37743 104
20712 104
35238 104
78081 104
40286 104
76668 104
173137 104
221549 104
61221 104
158410 104
190111 104
202753 104
216990 104
232031 104
28018 103
9330 103
17627 103
31793 103
34926 103
43477 103
44985 103
57618 103
71415 103
76078 103
91527 103
92709 103
165823 103
179228 103
183080 103
202495 103
3249 103
11196 103
13344 103
14659 103
24280 103
25159 103
28216 103
37280 103
42794 103
44462 103
47387 103
47824 103
54170 103
55878 103
57317 103
60743 103
60796 103
65932 103
70921 103
77051 103
77167 103
78013 103
78144 103
79710 103
81194 103
81885 103
85101 103
86916 103
92155 103
245579 103
26636 103
90648 103
195389 103
204687 103
213914 103
231770 103
5345 103
12724 103
16260 103
21455 103
31624 103
32596 103
34033 103
38364 103
40842 103
59064 103
67347 103
69149 103
74252 103
76622 103
76809 103
83186 103
88249 103
89383 103
95911 103
157526 103
13610 103
78004 103
84926 103
94631 103
95646 103
174094 103
25767 103
88918 103
91817 103
84756 103
86541 103
195772 103
199266 103
200898 103
213369 103
190608 103
19647 103
26664 103
33566 103
34696 103
37590 103
42033 103
43067 103
52208 103
53610 103
54777 103
61950 103
65113 103
65953 103
69745 103
69757 103
73829 103
74327 103
77259 103
79506 103
80892 103
81278 103
82387 103
88018 103
88189 103
88980 103
92159 103
92379 103
94484 103
148419 103
149175 103
149515 103
161508 103
162721 103
162967 103
168144 103
169941 103
175035 103
177393 103
179797 103
181115 103
187350 103
187879 103
189032 103
196798 103
202363 103
212087 103
214339 103
216063 103
216579 103
223391 103
231874 103
232960 103
233449 103
78242 103
166901 103
15093 103
55022 103
70796 103
156525 103
170313 103
228661 103
241834 103
17479 102
82069 102
33648 102
49887 102
73666 102
19010 102
48561 102
56760 102
88974 102
148477 102
165005 102
196880 102
197634 102
217452 102
230414 102
44538 102
45664 102
53879 102
64762 102
74238 102
92796 102
93249 102
221356 102
227007 102
240208 102
28915 102
33177 102
72354 102
83111 102
58591 102
67037 102
87401 102
91903 102
38382 102
182834 102
207967 102
233047 102
7316 102
39897 102
67640 102
76074 102
84585 102
161427 102
175067 102
186779 102
189606 102
213112 102
19514 102
56269 102
89891 102
150808 102
160157 102
4628 101
21363 101
50251 101
68202 101
155055 101
176524 101
227258 101
49717 101
61112 101
2041 101
3898 101
4399 101
4550 101
4626 101
5583 101
5949 101
7089 101
7340 101
7577 101
7817 101
10750 101
10881 101
12554 101
12686 101
13568 101
15180 101
15413 101
16019 101
16528 101
16844 101
17418 101
17948 101
19497 101
19600 101
20860 101
21954 101
22341 101
22747 101
23114 101
24325 101
24472 101
24893 101
24905 101
25412 101
26057 101
26866 101
27185 101
27265 101
27363 101
27387 101
27813 101
27991 101
28581 101
29227 101
29788 101
29872 101
30972 101
31491 101
31849 101
31967 101
31990 101
32398 101
32612 101
32844 101
33553 101
33562 101
34043 101
34221 101
34305 101
34473 101
34548 101
34589 101
35118 101
36675 101
36847 101
37086 101
37156 101
37353 101
37726 101
38310 101
38454 101
38607 101
39375 101
39631 101
40068 101
40236 101
40512 101
40578 101
40616 101
40757 101
40833 101
40907 101
41616 101
42438 101
42586 101
42827 101
42989 101
43239 101
43726 101
43979 101
44083 101
44093 101
44148 101
44551 101
44836 101
44886 101
45355 101
45648 101
45801 101
46660 101
46882 101
47011 101
47255 101
47305 101
47472 101
47542 101
47697 101
48287 101
48305 101
48505 101
49206 101
49473 101
49899 101
50248 101
50602 101
51161 101
51370 101
51794 101
51979 101
52373 101
52502 101
52805 101
53022 101
53314 101
53937 101
53990 101
54116 101
54796 101
54889 101
55080 101
55707 101
55773 101
56231 101
56559 101
56670 101
56721 101
57095 101
57207 101
57214 101
57538 101
57554 101
57696 101
57914 101
58629 101
58778 101
58822 101
58847 101
58975 101
59115 101
59612 101
59691 101
59873 101
59896 101
59908 101
59999 101
60435 101
60437 101
60607 101
60907 101
61082 101
61154 101
61336 101
61427 101
62023 101
62304 101
62398 101
62463 101
62626 101
62728 101
62982 101
63067 101
63086 101
63136 101
63173 101
63245 101
63268 101
63505 101
63649 101
63657 101
64060 101
64365 101
64772 101
65341 101
65478 101
65828 101
66072 101
66112 101
66134 101
66374 101
66377 101
66454 101
66576 101
66588 101
66605 101
66755 101
66877 101
67048 101
67399 101
67555 101
67592 101
67885 101
68262 101
68556 101
68622 101
68764 101
68830 101
69092 101
69209 101
69268 101
69382 101
69408 101
69770 101
69884 101
69926 101
70918 101
71304 101
71399 101
71460 101
71923 101
71962 101
72075 101
72155 101
72288 101
72856 101
73490 101
73602 101
73728 101
75041 101
75049 101
75234 101
75263 101
75331 101
75936 101
76095 101
76176 101
76582 101
76888 101
76907 101
77146 101
77255 101
77261 101
77467 101
77791 101
77832 101
77903 101
78420 101
78533 101
79562 101
80337 101
80897 101
80952 101
81188 101
81490 101
81749 101
82531 101
82977 101
83092 101
83531 101
83882 101
84112 101
84687 101
85002 101
85559 101
85608 101
86080 101
86182 101
86229 101
86560 101
87500 101
87710 101
87731 101
89527 101
89732 101
89863 101
90096 101
90635 101
91028 101
91285 101
91346 101
91385 101
91655 101
91710 101
91905 101
91969 101
92130 101
92606 101
93061 101
93459 101
93548 101
93651 101
93713 101
94151 101
94903 101
94967 101
95952 101
96147 101
96363 101
96382 101
96409 101
96566 101
96656 101
96903 101
96988 101
97047 101
97447 101
97577 101
97706 101
97750 101
98678 101
99709 101
100786 101
101706 101
101908 101
101998 101
102254 101
103855 101
104607 101
108695 101
109266 101
109341 101
110127 101
110805 101
111700 101
114976 101
116108 101
116220 101
118583 101
138906 101
149250 101
149715 101
149880 101
149978 101
151105 101
154248 101
154426 101
155680 101
158097 101
159371 101
161093 101
169455 101
170793 101
173396 101
174645 101
184970 101
189551 101
197107 101
202160 101
213407 101
218513 101
224940 101
235979 101
238044 101
238909 101
239564 101
236737 101
41367 101
85950 101
40041 101
41920 101
47218 101
55196 101
60678 101
63900 101
65046 101
90614 101
95553 101
90606 101
148304 101
179229 101
188999 101
241875 101
2547 101
10251 101
13922 101
14123 101
15820 101
28800 101
37793 101
46699 101
47138 101
52847 101
57269 101
65708 101
71097 101
87779 101
91354 101
93198 101
30866 101
45963 101
63306 101
71446 101
87058 101
45256 101
166231 101
31895 101
45514 101
49535 101
84361 101
34728 101
45440 101
86236 101
14567 101
37171 101
80361 101
148276 101
74468 101
81247 101
13198 100
20283 100
25745 100
93529 100
46226 100
52184 100
56731 100
81335 100
89213 100
91994 100
94874 100
95484 100
157423 100
179129 100
186170 100
209442 100
212851 100
237320 100
24575 100
42651 100
61433 100
66760 100
71807 100
58694 100
78273 100
79749 100
70815 100
192029 100
238692 100
201457 100
33199 100
36884 100
70084 100
34169 100
180446 100
8740 100
20726 100
75214 100
76642 100
79200 100
220637 100
230398 100
244299 100
17771 100
29027 100
218703 100
33701 100
80807 100
1281 100
26796 100
29326 100
35722 100
39443 100
40282 100
48151 100
55998 100
60641 100
63369 100
64350 100
67348 100
76912 100
150666 100
158492 100
163694 100
164119 100
168956 100
169939 100
171604 100
175161 100
175810 100
178969 100
183787 100
187093 100
214017 100
220554 100
226366 100
235022 100
45961 100
46283 100
48562 100
63516 100
69285 100
7307 99
23335 99
62521 99
35405 99
90890 99
173700 99
48920 99
168872 99
173804 99
183609 99
223576 99
223977 99
228285 99
76884 99
29506 99
57679 99
155107 99
187531 99
17372 99
29873 99
35004 99
53679 99
57201 99
59959 99
69889 99
76029 99
90691 99
9729 99
54000 99
54299 99
68917 99
74682 99
149087 99
205946 99
224307 99
239582 99
246260 99
40590 99
50603 99
62099 99
63832 99
74743 99
75961 99
148282 99
167968 99
74063 99
87759 99
3398 99
75686 99
86245 99
184368 99
193386 99
229165 99
62420 99
54523 99
80487 99
205832 99
43075 99
26188 99
160541 99
234293 99
84201 99
39032 99
43973 99
61356 99
238572 99
245727 99
45046 98
72612 98
183276 98
237701 98
37609 98
223803 98
56817 98
14962 98
47555 98
84805 98
211073 98
14015 98
23647 98
78253 98
80464 98
92698 98
54285 98
234456 98
81209 98
163752 98
188988 98
195593 98
220007 98
19910 98
49489 98
57487 98
66041 98
51861 98
78163 98
69250 98
32013 97
35060 97
12457 97
24858 97
45226 97
54395 97
60367 97
65802 97
67578 97
70243 97
74189 97
74544 97
78304 97
78620 97
81456 97
87197 97
205626 97
41184 97
8528 97
42179 97
50954 97
51971 97
76216 97
185851 97
190000 97
190186 97
195482 97
198504 97
198708 97
218742 97
225432 97
226808 97
240199 97
75639 97
88897 97
241747 97
85428 97
4815 97
5377 97
5890 97
7109 97
10942 97
19990 97
20148 97
20949 97
21911 97
22543 97
22615 97
25205 97
25650 97
25955 97
26792 97
27535 97
29056 97
29580 97
30963 97
32486 97
33379 97
33531 97
35017 97
35976 97
36739 97
37719 97
37765 97
38646 97
39218 97
39555 97
39958 97
40133 97
40261 97
40433 97
40812 97
41029 97
41099 97
41291 97
41608 97
42543 97
42723 97
44904 97
45218 97
45435 97
45659 97
46111 97
46955 97
48149 97
49304 97
49509 97
49612 97
49816 97
51486 97
51584 97
51868 97
52099 97
52409 97
52995 97
53006 97
53292 97
53341 97
53418 97
53448 97
54286 97
54682 97
54906 97
54930 97
54947 97
55060 97
55708 97
56006 97
57983 97
58147 97
58654 97
58872 97
59072 97
59775 97
60084 97
60212 97
60242 97
60848 97
60870 97
60952 97
60966 97
61565 97
61745 97
61859 97
62241 97
62480 97
62944 97
63087 97
63827 97
63930 97
64327 97
64554 97
64628 97
64856 97
64902 97
64928 97
64933 97
65167 97
65451 97
65697 97
65755 97
65879 97
65945 97
65996 97
66179 97
66880 97
67063 97
67243 97
67410 97
67662 97
67744 97
67900 97
67934 97
68674 97
68726 97
68784 97
68791 97
69154 97
69456 97
70460 97
70610 97
70819 97
70840 97
70946 97
71137 97
71372 97
71506 97
71542 97
71660 97
71860 97
72228 97
72415 97
72498 97
72504 97
72649 97
72689 97
72900 97
72929 97
73099 97
73541 97
73545 97
73701 97
73750 97
74091 97
74313 97
74356 97
74526 97
74841 97
74973 97
75161 97
75464 97
75526 97
75607 97
75698 97
75926 97
75955 97
76312 97
76527 97
77080 97
77109 97
77429 97
77477 97
77609 97
77936 97
78042 97
79019 97
79347 97
79663 97
79722 97
79729 97
80092 97
80169 97
80370 97
80572 97
80810 97
81038 97
81149 97
81378 97
81707 97
81799 97
81971 97
82393 97
82690 97
82762 97
82912 97
83094 97
83140 97
83234 97
83315 97
83362 97
83458 97
83618 97
83699 97
84191 97
84211 97
84355 97
84520 97
84544 97
84587 97
84786 97
85223 97
85231 97
85362 97
85390 97
85398 97
85661 97
86070 97
86524 97
86549 97
86582 97
86736 97
87070 97
87356 97
87359 97
87487 97
87679 97
87956 97
88373 97
88443 97
88524 97
88620 97
88887 97
89064 97
89369 97
89581 97
89624 97
90007 97
90318 97
90608 97
90613 97
90627 97
90736 97
90776 97
90853 97
90939 97
91209 97
91213 97
91243 97
91414 97
91559 97
91642 97
91770 97
92202 97
92203 97
92439 97
92448 97
92481 97
92536 97
92641 97
92758 97
92880 97
92892 97
93375 97
93436 97
93696 97
93823 97
94000 97
94103 97
94164 97
94567 97
94603 97
94746 97
94880 97
95130 97
95314 97
95326 97
95574 97
150446 97
154804 97
158578 97
162554 97
164834 97
166408 97
171407 97
174213 97
175068 97
182350 97
183425 97
184203 97
186034 97
189473 97
190725 97
191042 97
191056 97
192331 97
193280 97
194695 97
196400 97
196693 97
196790 97
198338 97
198875 97
201448 97
204248 97
204324 97
204873 97
206718 97
208918 97
210087 97
210119 97
214118 97
214863 97
215140 97
217651 97
219393 97
221092 97
221798 97
222843 97
224291 97
225035 97
225180 97
225882 97
227523 97
228428 97
229488 97
230509 97
232082 97
234960 97
236387 97
236461 97
237321 97
243342 97
243357 97
243489 97
243632 97
243643 97
244087 97
245376 97
245995 97
6675 97
43144 97
70264 97
74929 97
90177 97
229901 97
48652 97
19429 97
59208 97
174785 97
53417 97
86032 97
203956 97
45701 97
53592 97
62438 97
73263 97
82460 97
84058 97
84369 97
148837 97
151618 97
153804 97
156172 97
160010 97
162877 97
163875 97
164715 97
166491 97
168582 97
169132 97
178885 97
180366 97
180531 97
188939 97
194784 97
199151 97
200374 97
212228 97
213606 97
216126 97
226265 97
228147 97
22406 96
41011 96
52601 96
54597 96
55891 96
61883 96
63444 96
65258 96
70239 96
86574 96
92726 96
154533 96
159264 96
164042 96
166454 96
167005 96
171368 96
174889 96
175764 96
176885 96
177478 96
189529 96
225083 96
225503 96
239411 96
242063 96
14139 96
159682 96
160082 96
200401 96
62123 96
215959 96
16664 96
17127 96
20899 96
52566 96
190414 96
219786 96
225681 96
240385 96
30029 96
63745 96
79739 96
60535 96
89094 96
150659 96
165452 96
182117 96
215056 96
240427 96
43911 96
71693 96
170166 96
177899 96
189604 96
196365 96
199093 96
204524 96
218737 96
219347 96
224755 96
63337 96
213879 96
86212 96
90599 96
63060 96
44963 96
94400 96
37884 95
61550 95
65652 95
170264 95
184409 95
221917 95
240005 95
2778 95
34845 95
61907 95
171140 95
177630 95
200704 95
202053 95
230747 95
242496 95
243825 95
12722 95
23591 95
23744 95
27337 95
29925 95
36968 95
38188 95
43924 95
44247 95
45784 95
56335 95
66908 95
67536 95
68252 95
79217 95
79783 95
87770 95
90366 95
92544 95
187616 95
246781 95
23248 95
19029 95
26291 95
27259 95
28860 95
31646 95
34672 95
36110 95
36901 95
40096 95
41136 95
44191 95
51607 95
54931 95
56930 95
64763 95
64864 95
65786 95
66435 95
69077 95
71818 95
74036 95
76940 95
83827 95
84829 95
85098 95
89354 95
89539 95
90500 95
91155 95
91413 95
91518 95
94697 95
148927 95
227840 95
68482 95
216623 95
18878 95
30289 95
30652 95
38505 95
52349 95
59273 95
32211 95
62053 95
82340 95
88832 95
167412 95
180297 95
182374 95
217036 95
225290 95
232438 95
95340 95
153917 95
216866 95
223805 95
234732 95
238761 95
172735 94
3005 94
7614 94
20325 94
20330 94
32592 94
35043 94
40725 94
43886 94
45422 94
47086 94
48294 94
48591 94
52480 94
54646 94
54816 94
55952 94
58265 94
58272 94
59126 94
61595 94
66356 94
68860 94
69190 94
70169 94
74013 94
74496 94
75879 94
81966 94
83402 94
84254 94
92710 94
92805 94
93332 94
93500 94
94867 94
160889 94
178189 94
187631 94
191615 94
206546 94
209446 94
210218 94
244163 94
244452 94
64742 94
58486 94
79761 94
85965 94
148382 94
164325 94
181990 94
197614 94
165880 94
57976 94
16256 94
25034 94
43871 94
44555 94
71198 94
95294 94
187353 94
21687 94
37500 94
86007 94
87067 94
90597 94
93082 94
161344 94
191009 94
241729 94
245384 94
46123 94
153321 94
164864 94
191234 94
212952 94
64056 94
12383 94
19015 94
25655 94
32759 94
34907 94
37248 94
39197 94
39518 94
40643 94
41872 94
43802 94
44482 94
46896 94
47557 94
49638 94
51876 94
55069 94
55097 94
58116 94
63168 94
64095 94
64459 94
64511 94
65346 94
66248 94
67058 94
67711 94
69171 94
70223 94
70762 94
72006 94
72432 94
73328 94
73907 94
73970 94
74023 94
75265 94
76601 94
76824 94
78278 94
83128 94
84085 94
84759 94
85413 94
85472 94
89006 94
90949 94
91409 94
91641 94
92270 94
92459 94
93864 94
153667 94
155846 94
157159 94
159342 94
160148 94
162000 94
164901 94
166180 94
167368 94
171464 94
171787 94
171855 94
172503 94
173209 94
176563 94
177621 94
183284 94
186072 94
186833 94
190205 94
191816 94
192766 94
194237 94
194341 94
197137 94
205212 94
206601 94
207497 94
209662 94
210089 94
211204 94
212025 94
217103 94
217803 94
218783 94
225732 94
228166 94
228645 94
229670 94
231151 94
231733 94
231832 94
236942 94
241737 94
48073 94
57573 94
59428 94
64509 94
67269 94
83161 94
239693 94
244041 94
94447 94
163888 93
13905 93
32888 93
36143 93
54864 93
61149 93
68286 93
70277 93
80161 93
159365 93
176423 93
179928 93
188528 93
200289 93
201024 93
204406 93
205257 93
215295 93
216321 93
219364 93
238504 93
243102 93
18199 93
20673 93
20769 93
22427 93
24519 93
25256 93
27096 93
27439 93
28432 93
32819 93
36171 93
42241 93
45816 93
46252 93
51451 93
51833 93
52256 93
55781 93
58564 93
59427 93
68297 93
69861 93
74094 93
77075 93
77721 93
80842 93
81819 93
82816 93
86711 93
90411 93
95079 93
95872 93
181376 93
213695 93
221653 93
61908 93
41800 93
43184 93
60752 93
221799 93
46873 93
51243 93
94068 93
4772 93
6658 93
11734 93
16102 93
17890 93
18951 93
21906 93
28293 93
34006 93
34148 93
34490 93
44037 93
49198 93
50128 93
50506 93
51148 93
55383 93
60824 93
64569 93
68314 93
73342 93
74980 93
77206 93
78719 93
83015 93
84981 93
87006 93
88787 93
89743 93
95621 93
174277 93
186292 93
222110 93
223978 93
228906 93
73066 93
148712 93
190110 93
228701 93
234262 93
51145 93
18380 93
58887 93
80936 93
95087 93
95971 93
150011 93
220158 93
67892 93
86307 93
198265 92
207651 92
243178 92
31271 92
37744 92
51079 92
77115 92
79694 92
94606 92
68773 92
11638 92
23461 92
32496 92
72786 92
94813 92
22652 92
40438 92
10981 92
22765 92
59926 92
37166 92
38254 92
41922 92
43507 92
46195 92
57456 92
59900 92
66551 92
80684 92
83873 92
84560 92
158630 92
197441 92
202898 92
213842 92
217385 92
54881 92
62927 92
66972 92
71231 92
81349 92
86485 92
169838 92
229474 92
229968 92
235461 92
53080 92
76089 92
70262 92
163884 92
182087 92
238899 92
2529 92
20146 92
30215 92
44922 92
60953 92
64168 92
8803 92
7755 92
22919 92
83371 92
15744 91
16669 91
34384 91
67029 91
36466 91
40378 91
43535 91
45937 91
56541 91
57503 91
62090 91
64332 91
64405 91
64735 91
79912 91
80378 91
80550 91
82341 91
92754 91
93666 91
153403 91
159534 91
181652 91
183115 91
204618 91
212964 91
225600 91
232749 91
234639 91
245658 91
2596 91
3011 91
4760 91
4905 91
4966 91
4969 91
5718 91
6785 91
8227 91
8810 91
9805 91
10946 91
12385 91
13925 91
15287 91
16636 91
17953 91
18812 91
19063 91
19486 91
19520 91
20155 91
20373 91
20702 91
21230 91
21710 91
21782 91
21919 91
22182 91
22674 91
22939 91
23663 91
24034 91
24603 91
25355 91
25371 91
25523 91
25573 91
25843 91
26077 91
26134 91
26282 91
26854 91
27143 91
27253 91
28066 91
28357 91
28894 91
29388 91
29390 91
29543 91
30151 91
30438 91
30944 91
30986 91
31190 91
31213 91
31737 91
31974 91
32181 91
32688 91
32734 91
32821 91
33277 91
33278 91
33355 91
33532 91
34035 91
34113 91
34181 91
34655 91
35086 91
35307 91
36184 91
37094 91
37690 91
37786 91
37969 91
38610 91
39448 91
40009 91
40013 91
40024 91
40316 91
40831 91
41128 91
41347 91
41411 91
41458 91
42017 91
42489 91
42585 91
42722 91
42913 91
43754 91
44829 91
44869 91
45395 91
45507 91
45734 91
45876 91
46032 91
46156 91
46567 91
46913 91
47023 91
47058 91
48128 91
48170 91
48201 91
48404 91
48445 91
49087 91
49101 91
49273 91
49292 91
49518 91
50019 91
50186 91
50340 91
50789 91
51271 91
51365 91
51380 91
51867 91
52327 91
52661 91
52779 91
52797 91
52888 91
53182 91
53191 91
53368 91
53617 91
53620 91
53668 91
54359 91
55015 91
55436 91
55630 91
55970 91
55994 91
56941 91
57038 91
57093 91
57312 91
57556 91
58250 91
58542 91
58908 91
59307 91
59487 91
59663 91
59686 91
60406 91
60675 91
60710 91
60997 91
61190 91
61340 91
61401 91
61613 91
61686 91
62456 91
62640 91
62675 91
62770 91
63042 91
63139 91
63186 91
63279 91
63473 91
63702 91
64368 91
64867 91
64893 91
64927 91
65379 91
65559 91
66486 91
67549 91
67677 91
67991 91
68681 91
68977 91
69478 91
69805 91
70085 91
70183 91
70414 91
70555 91
71243 91
71742 91
71748 91
71927 91
71981 91
72053 91
72210 91
72682 91
72825 91
72885 91
72965 91
73236 91
73521 91
73860 91
74198 91
74877 91
75068 91
75132 91
75618 91
75735 91
76160 91
76218 91
76669 91
76862 91
76939 91
77282 91
77379 91
77393 91
77810 91
77975 91
78033 91
78053 91
78219 91
78534 91
78678 91
79272 91
79666 91
79786 91
80093 91
80647 91
81108 91
81109 91
81146 91
81653 91
81814 91
82617 91
82622 91
82774 91
83534 91
83620 91
84139 91
84164 91
84273 91
84323 91
84386 91
84497 91
84772 91
85252 91
86917 91
87007 91
87499 91
88361 91
88733 91
88752 91
89387 91
89445 91
89748 91
90091 91
90876 91
91501 91
91681 91
91751 91
91939 91
92078 91
92589 91
92681 91
93260 91
93569 91
94056 91
94108 91
94487 91
94969 91
95265 91
95409 91
95432 91
95657 91
95909 91
95999 91
96309 91
96341 91
98255 91
98911 91
99946 91
101875 91
102038 91
102051 91
103722 91
104785 91
110013 91
110500 91
110509 91
111166 91
113074 91
113222 91
113526 91
117695 91
119746 91
120010 91
122826 91
135191 91
169361 91
220021 91
244032 91
55713 91
15682 91
74240 91
85457 91
85628 91
166693 91
213337 91
62799 91
77756 91
202270 91
245987 91
34447 91
52068 91
56665 91
66797 91
67619 91
79597 91
80837 91
82200 91
85510 91
85565 91
87501 91
88762 91
89359 91
89781 91
90294 91
91052 91
95528 91
172708 91
178192 91
217755 91
63116 91
50519 91
43554 91
153598 91
160605 91
162239 91
174442 91
190578 91
211559 91
215020 91
218454 91
24817 91
28856 91
36087 91
40436 91
42424 91
42876 91
45343 91
48047 91
55408 91
55850 91
56130 91
56769 91
63138 91
66474 91
71075 91
78002 91
78358 91
80317 91
80815 91
81037 91
82177 91
87013 91
87841 91
222018 91
18917 91
10983 91
25403 91
29141 91
31345 91
35278 91
37702 91
44964 91
48316 91
50447 91
58673 91
63986 91
66220 91
66687 91
67217 91
68955 91
71576 91
73958 91
75006 91
79352 91
85464 91
92761 91
95913 91
96970 91
148703 91
150326 91
150590 91
151044 91
162531 91
162997 91
163282 91
166707 91
167040 91
175005 91
175578 91
176782 91
179701 91
186741 91
189220 91
190626 91
199764 91
201975 91
202518 91
204160 91
205627 91
210530 91
210822 91
211680 91
211805 91
214465 91
214926 91
217624 91
220277 91
224369 91
227208 91
230395 91
234050 91
239350 91
241139 91
243528 91
46274 90
87396 90
82731 90
93533 90
207672 90
208768 90
241071 90
67477 90
177096 90
182617 90
188600 90
42474 90
10988 90
20785 90
22180 90
42329 90
48548 90
64674 90
74110 90
96389 90
9528 90
17922 90
48629 90
93813 90
95611 90
164975 90
192666 90
197175 90
203738 90
208902 90
214555 90
221150 90
224290 90
224953 90
227439 90
243949 90
244434 90
245798 90
25269 90
30725 90
53989 90
66099 90
87837 90
95984 90
148303 90
17155 90
41625 90
44385 90
45460 90
88654 90
159288 90
23712 90
30455 90
34091 90
40948 90
54752 90
62094 90
63940 90
78657 90
34160 90
159415 90
77340 90
12332 90
16597 90
68545 90
148498 90
150558 90
160253 90
169583 90
89462 90
92934 90
171171 90
4509 90
7306 90
16601 90
33207 90
33592 90
43757 90
43951 90
45761 90
48384 90
52471 90
70502 90
75348 90
75853 90
77005 90
77214 90
77729 90
84308 90
91691 90
94210 90
227949 90
237032 90
237114 90
4629 89
44841 89
72131 89
82238 89
94764 89
95271 89
166892 89
206386 89
235434 89
5113 89
55101 89
64211 89
13113 89
35633 89
45230 89
66860 89
95333 89
32831 89
69920 89
26918 89
58966 89
55885 89
1636 89
11259 89
14740 89
23946 89
27719 89
37301 89
51285 89
51929 89
52910 89
53489 89
53688 89
54031 89
54115 89
55693 89
69592 89
70489 89
72921 89
72938 89
75812 89
75851 89
78257 89
78872 89
80657 89
82418 89
83427 89
87439 89
87855 89
88803 89
89287 89
177626 89
224825 89
29657 89
44492 89
68621 89
14566 89
176308 89
45506 89
50766 89
61398 89
66754 89
69867 89
69911 89
71713 89
71781 89
72264 89
81424 89
85030 89
85521 89
187861 89
199033 89
214522 89
228091 89
230435 89
28172 89
51705 89
78510 89
163064 89
195294 89
89032 89
59422 89
77035 89
88750 89
93874 89
246610 89
9165 89
19744 89
40335 89
89392 89
94268 89
230895 89
83652 89
31928 88
47989 88
71566 88
72206 88
88622 88
152781 88
156698 88
44781 88
52928 88
64807 88
67698 88
69356 88
72691 88
74410 88
85837 88
91534 88
165771 88
209713 88
213931 88
218082 88
30309 88
40048 88
86999 88
43160 88
230842 88
12081 88
32311 88
58334 88
59590 88
51512 88
52144 88
62135 88
91121 88
93712 88
170211 88
240265 88
176689 88
7195 88
43210 88
32747 88
67293 88
74802 88
149650 88
183426 88
32813 88
71646 87
79471 87
23192 87
25649 87
26861 87
37519 87
41622 87
45709 87
48109 87
52557 87
67612 87
72375 87
75651 87
85448 87
91996 87
148767 87
149303 87
150637 87
156028 87
156265 87
158743 87
159292 87
161321 87
161408 87
165364 87
166603 87
168953 87
171903 87
179522 87
183047 87
190924 87
193123 87
199406 87
199768 87
200852 87
201078 87
207964 87
209086 87
212536 87
221346 87
238029 87
238256 87
241581 87
75191 87
24454 87
27343 87
43878 87
66193 87
72421 87
72646 87
95123 87
164951 87
187442 87
219970 87
238941 87
5051 87
11853 87
38366 87
45101 87
46127 87
49364 87
51113 87
52393 87
54029 87
55823 87
59984 87
62494 87
89745 87
94351 87
95286 87
52996 87
71815 87
91207 87
154944 87
157121 87
167111 87
181699 87
184610 87
193029 87
211666 87
238883 87
242164 87
246262 87
34865 87
55919 87
81509 87
82548 87
89726 87
90103 87
90690 87
93717 87
95181 87
152818 87
154719 87
156916 87
162915 87
163134 87
173234 87
176012 87
186388 87
188002 87
190685 87
192909 87
194572 87
198717 87
202336 87
202623 87
206831 87
206881 87
228657 87
230463 87
231484 87
241085 87
242763 87
171968 87
31663 87
35338 87
70359 87
74979 87
206664 87
70843 87
239092 87
35318 87
78185 87
64490 87
68024 87
84589 87
148330 87
205586 87
40008 87
28521 86
57798 86
89521 86
174244 86
62979 86
70980 86
83941 86
182186 86
182724 86
195103 86
210681 86
235076 86
239084 86
67005 86
38183 86
75527 86
38974 86
54074 86
57687 86
83560 86
148975 86
175532 86
187897 86
193670 86
210359 86
245128 86
22772 86
56356 86
18314 86
26869 86
48618 86
94602 86
172066 86
190090 86
219101 86
230603 86
232693 86
233899 86
246171 86
60189 85
84178 85
18700 85
59986 85
57261 85
80163 85
5754 85
9396 85
13524 85
14254 85
17798 85
20268 85
34008 85
36985 85
38172 85
43397 85
52217 85
53512 85
58456 85
66775 85
68279 85
69684 85
70583 85
71710 85
80511 85
81044 85
88905 85
96157 85
97155 85
161305 85
193863 85
12181 85
13203 85
16071 85
40966 85
57470 85
58541 85
87124 85
160054 85
161282 85
188263 85
217514 85
244544 85
44175 85
157836 85
172069 85
203815 85
205560 85
229949 85
234416 85
953 85
2223 85
2889 85
3119 85
3532 85
4572 85
4828 85
11446 85
11705 85
13705 85
14146 85
17131 85
18669 85
18755 85
20525 85
21961 85
25088 85
25268 85
26592 85
27267 85
27529 85
29499 85
30167 85
30329 85
30938 85
31017 85
31365 85
31630 85
31657 85
31680 85
31894 85
32870 85
32981 85
33374 85
33396 85
34109 85
35170 85
35500 85
36365 85
36604 85
36959 85
36971 85
37507 85
38277 85
39829 85
40285 85
41247 85
41250 85
41574 85
41711 85
41781 85
42449 85
42799 85
43152 85
43317 85
44481 85
44569 85
45219 85
45889 85
46357 85
46887 85
47060 85
47393 85
47413 85
47777 85
48288 85
48495 85
48648 85
49437 85
50710 85
51383 85
51632 85
52219 85
52468 85
52628 85
52709 85
53148 85
53227 85
53497 85
53698 85
53738 85
54183 85
54362 85
54513 85
54795 85
54926 85
55540 85
55761 85
56312 85
56327 85
56838 85
57302 85
57583 85
57892 85
58304 85
58442 85
59053 85
59111 85
59462 85
59634 85
60269 85
61884 85
62155 85
62218 85
62851 85
63202 85
63721 85
64648 85
65083 85
65307 85
65324 85
65468 85
65616 85
65722 85
65829 85
66164 85
66198 85
66245 85
66283 85
66616 85
66992 85
67000 85
67247 85
67432 85
67683 85
69349 85
69885 85
70127 85
70142 85
70269 85
70327 85
71218 85
71307 85
71691 85
71697 85
71734 85
71867 85
71900 85
72174 85
72831 85
72888 85
73121 85
73787 85
73791 85
73855 85
74326 85
74454 85
74822 85
75034 85
75067 85
75181 85
75567 85
75788 85
75876 85
76041 85
76254 85
76331 85
76364 85
76440 85
76933 85
77313 85
77371 85
77834 85
78196 85
78371 85
78439 85
78495 85
78971 85
79013 85
79041 85
79849 85
79878 85
79974 85
80444 85
80526 85
80636 85
81128 85
81433 85
81570 85
81917 85
82178 85
82309 85
82543 85
82595 85
82865 85
82947 85
83337 85
83422 85
83484 85
83526 85
83678 85
83718 85
83739 85
83950 85
83979 85
84147 85
84293 85
84524 85
84594 85
84787 85
84873 85
85520 85
85669 85
86179 85
86256 85
86444 85
86476 85
86478 85
86633 85
86638 85
86800 85
86822 85
86875 85
86947 85
87218 85
87354 85
87693 85
87814 85
87965 85
88160 85
88187 85
88196 85
88714 85
88767 85
88805 85
88851 85
88946 85
89093 85
89110 85
89340 85
89411 85
89701 85
89790 85
90329 85
90372 85
90386 85
90389 85
90418 85
90774 85
90801 85
90874 85
90914 85
91489 85
91644 85
91857 85
91885 85
91926 85
92036 85
92435 85
92562 85
92748 85
92804 85
92846 85
93497 85
93584 85
94281 85
94772 85
95089 85
95491 85
148654 85
150041 85
153563 85
156994 85
157486 85
159404 85
159917 85
159920 85
161361 85
161544 85
162572 85
162650 85
162912 85
164470 85
164573 85
166301 85
166941 85
172373 85
174242 85
174271 85
176144 85
176500 85
178493 85
179119 85
179935 85
180471 85
183963 85
185225 85
185451 85
186468 85
186950 85
188051 85
189452 85
190161 85
190516 85
192279 85
192601 85
197163 85
198153 85
199231 85
199987 85
200240 85
201413 85
202033 85
202907 85
203673 85
203811 85
204052 85
204467 85
206114 85
206433 85
206516 85
207775 85
207930 85
208159 85
208953 85
210338 85
210670 85
210836 85
212866 85
213898 85
214268 85
214551 85
217951 85
220031 85
221587 85
222142 85
224235 85
225059 85
225704 85
226621 85
227011 85
229859 85
231792 85
232286 85
233290 85
233304 85
233700 85
235389 85
236241 85
236257 85
239356 85
240627 85
241611 85
244965 85
246163 85
85557 85
93494 85
159816 85
54494 85
57321 85
88401 85
221249 85
62149 85
50629 85
196523 85
235485 85
56319 84
40272 84
44215 84
51692 84
60549 84
61489 84
67340 84
83231 84
91792 84
95508 84
151503 84
155323 84
156023 84
160091 84
172378 84
173395 84
184788 84
190867 84
195643 84
197540 84
197799 84
202083 84
211660 84
212719 84
212961 84
219002 84
225268 84
227661 84
232000 84
16285 84
96120 84
13302 84
172243 84
200454 84
211173 84
3784 84
21790 84
86659 84
10531 84
15753 84
55500 84
148400 84
210725 84
38365 84
42996 84
20289 84
149619 84
160191 84
212286 84
213363 84
216267 84
236745 84
60698 84
95198 84
74990 84
84652 84
163036 84
165525 84
217216 84
189860 83
30350 83
37968 83
53038 83
69863 83
71255 83
91823 83
152460 83
171806 83
176549 83
217956 83
222931 83
19160 83
172361 83
12926 83
13353 83
13829 83
17015 83
19112 83
19877 83
20089 83
26530 83
32169 83
32624 83
41164 83
42773 83
42797 83
45393 83
46521 83
50782 83
51630 83
52904 83
53458 83
53580 83
53863 83
56141 83
56614 83
57615 83
58688 83
60244 83
62253 83
62471 83
66194 83
72350 83
73250 83
74567 83
76048 83
77864 83
79460 83
81499 83
83361 83
84720 83
85912 83
88091 83
89461 83
91334 83
92116 83
94877 83
95230 83
191500 83
227704 83
67332 83
85836 83
179906 83
186466 83
234650 83
2999 83
8459 83
9792 83
11405 83
18263 83
24951 83
32976 83
40625 83
40886 83
41192 83
46761 83
49236 83
49592 83
50011 83
50353 83
53256 83
53559 83
55985 83
59494 83
64923 83
66064 83
67441 83
71689 83
72792 83
76913 83
77201 83
77232 83
77938 83
78474 83
79034 83
85305 83
87605 83
88989 83
89058 83
91337 83
91401 83
92311 83
92539 83
93486 83
95701 83
227882 83
30162 83
50800 83
81331 83
84348 83
87190 83
226310 83
22450 83
24105 83
37782 83
42701 83
56491 83
66870 83
14360 83
29716 83
85470 83
161314 83
163920 83
186976 83
221992 83
213132 82
11335 82
12099 82
13516 82
31900 82
32377 82
34258 82
35297 82
39882 82
43776 82
48852 82
50467 82
51738 82
52674 82
52897 82
54168 82
54700 82
60872 82
60943 82
65236 82
65719 82
67387 82
69188 82
69534 82
69723 82
69868 82
70234 82
70415 82
72927 82
74275 82
76101 82
77925 82
78089 82
78746 82
81493 82
87766 82
88031 82
88860 82
94396 82
160612 82
160862 82
167274 82
170349 82
170651 82
187282 82
188073 82
188169 82
188388 82
190683 82
192403 82
192883 82
197605 82
202326 82
209312 82
209615 82
210857 82
212318 82
212426 82
212631 82
224277 82
232035 82
245682 82
37788 82
60877 82
90317 82
156312 82
160577 82
172554 82
196158 82
196338 82
225588 82
35292 82
161744 82
183381 82
46044 82
27275 82
88760 82
95883 82
240576 82
19439 82
21125 82
45886 82
62513 82
94882 82
235599 82
194167 82
34529 82
35824 82
4576 82
4907 82
8802 82
9394 82
9456 82
15389 82
15630 82
15841 82
25494 82
30212 82
30266 82
31245 82
31674 82
32236 82
34792 82
36273 82
39001 82
40083 82
40538 82
41134 82
41335 82
43420 82
44195 82
44848 82
48523 82
48697 82
49089 82
49619 82
50727 82
50871 82
54188 82
56323 82
57767 82
59236 82
60989 82
66124 82
67049 82
67344 82
70226 82
71041 82
72935 82
74144 82
74553 82
75644 82
77950 82
79572 82
79888 82
83632 82
83911 82
84020 82
85433 82
85456 82
85478 82
85630 82
85900 82
89132 82
89731 82
89886 82
91039 82
91320 82
91425 82
91520 82
92729 82
93422 82
93550 82
94331 82
94597 82
94720 82
95892 82
155549 82
157085 82
159105 82
160545 82
161881 82
164877 82
168830 82
169359 82
169749 82
170135 82
170144 82
170410 82
176363 82
178358 82
179389 82
180159 82
182446 82
182862 82
183012 82
184130 82
184352 82
185331 82
187332 82
189507 82
189565 82
190231 82
192708 82
194978 82
195544 82
202104 82
203431 82
203460 82
203580 82
205405 82
210981 82
212454 82
212480 82
222077 82
222316 82
223157 82
223973 82
225802 82
227198 82
227965 82
228734 82
231136 82
233466 82
233478 82
234520 82
236022 82
236927 82
237782 82
240536 82
245502 82
36109 82
26447 82
39004 82
55626 82
92787 82
93981 82
230020 82
55444 81
86555 81
188753 81
226797 81
27417 81
18260 81
12595 81
13978 81
57294 81
66752 81
76327 81
154917 81
156177 81
156878 81
160370 81
161421 81
168285 81
177507 81
180017 81
180801 81
204842 81
214303 81
237642 81
239708 81
244387 81
5035 81
5221 81
7399 81
8909 81
9841 81
9863 81
9972 81
10093 81
10409 81
13374 81
13877 81
13939 81
14068 81
14248 81
14253 81
17456 81
17518 81
17609 81
20528 81
20744 81
21065 81
21418 81
21584 81
21811 81
22724 81
23894 81
23972 81
24751 81
25085 81
25184 81
25260 81
25421 81
25647 81
25746 81
25960 81
26059 81
26204 81
26363 81
26468 81
26614 81
27157 81
27272 81
27288 81
27307 81
27448 81
27557 81
27575 81
27616 81
27621 81
27884 81
28210 81
28362 81
28666 81
28697 81
28916 81
29343 81
29443 81
29544 81
29765 81
29968 81
30074 81
30172 81
30180 81
30737 81
31181 81
31454 81
31917 81
32299 81
32401 81
32564 81
32742 81
32793 81
33222 81
33344 81
33549 81
33797 81
33857 81
34133 81
34185 81
34306 81
34394 81
34450 81
34603 81
34662 81
34753 81
35062 81
35295 81
35323 81
36072 81
36077 81
36186 81
36350 81
36603 81
36923 81
37561 81
37611 81
37981 81
38170 81
38210 81
38379 81
38421 81
38598 81
38642 81
38987 81
39595 81
39874 81
40142 81
40493 81
40741 81
41615 81
41695 81
41747 81
41830 81
42035 81
42198 81
42616 81
42859 81
42926 81
43227 81
43771 81
43954 81
44036 81
44374 81
44433 81
45437 81
45580 81
46416 81
46986 81
47097 81
47988 81
48137 81
48292 81
48453 81
48706 81
48713 81
48860 81
48900 81
48909 81
48984 81
49223 81
49291 81
49710 81
49741 81
49898 81
50042 81
50409 81
50640 81
50686 81
50743 81
50760 81
51177 81
51212 81
51371 81
51514 81
51535 81
52109 81
52197 81
52380 81
52426 81
52528 81
52753 81
53490 81
53645 81
53708 81
54052 81
54197 81
54543 81
54744 81
55055 81
55694 81
55926 81
56144 81
56205 81
56232 81
56234 81
56385 81
56749 81
56832 81
56881 81
57866 81
57917 81
58401 81
58719 81
58833 81
59327 81
59859 81
60020 81
60100 81
60116 81
60343 81
60869 81
60954 81
61171 81
61233 81
61303 81
61351 81
61713 81
61730 81
61802 81
61855 81
62579 81
64160 81
64623 81
64624 81
64889 81
65367 81
65407 81
65910 81
65943 81
66823 81
67068 81
67381 81
67554 81
67701 81
67854 81
67899 81
68195 81
68536 81
68970 81
69091 81
69211 81
69725 81
70016 81
70326 81
70553 81
70627 81
70749 81
70797 81
70964 81
71352 81
71359 81
71386 81
72310 81
72496 81
72529 81
72713 81
72751 81
73206 81
73315 81
74135 81
74183 81
74217 81
74392 81
74691 81
74857 81
74886 81
75048 81
75426 81
75643 81
75973 81
76086 81
76096 81
76108 81
76228 81
76626 81
76708 81
76858 81
76977 81
76983 81
77067 81
77089 81
77220 81
77336 81
78307 81
78459 81
78838 81
78848 81
79147 81
79242 81
79370 81
79378 81
79408 81
79483 81
79898 81
80073 81
80140 81
80224 81
80744 81
81085 81
81348 81
81733 81
82134 81
83110 81
83277 81
83771 81
83881 81
84114 81
84473 81
84513 81
84625 81
84766 81
84778 81
84833 81
85473 81
85765 81
86305 81
86329 81
86342 81
86365 81
86436 81
86472 81
86708 81
86753 81
86824 81
88227 81
88251 81
88395 81
88504 81
88985 81
89365 81
89420 81
89533 81
89638 81
89696 81
90555 81
90672 81
90709 81
91647 81
92223 81
92492 81
92670 81
93024 81
93609 81
93738 81
94390 81
94908 81
95153 81
95623 81
95654 81
95688 81
95960 81
95982 81
96022 81
96110 81
96156 81
96281 81
96336 81
96369 81
96932 81
97252 81
97424 81
97490 81
98631 81
99155 81
99449 81
100753 81
101309 81
101594 81
101750 81
102044 81
104459 81
106456 81
108722 81
108741 81
109547 81
110950 81
111380 81
113157 81
113282 81
114570 81
114748 81
115808 81
127601 81
148925 81
149173 81
149669 81
151774 81
152166 81
153078 81
155007 81
157349 81
159886 81
161856 81
162151 81
164013 81
164991 81
165149 81
166716 81
168906 81
169832 81
170948 81
173337 81
176027 81
176367 81
180582 81
180974 81
181618 81
183582 81
190520 81
191036 81
193553 81
201475 81
208173 81
208774 81
212920 81
228269 81
234886 81
242336 81
48138 81
29886 81
40934 81
43500 81
49324 81
49667 81
50821 81
60676 81
61078 81
63151 81
63819 81
72923 81
73535 81
74748 81
77207 81
83398 81
86376 81
89103 81
176904 81
246389 81
21686 81
78031 81
214613 81
75074 81
12907 81
22269 81
48481 81
84317 81
92028 81
93461 81
172376 81
183110 81
183958 81
212200 81
219700 81
223213 81
241674 81
61496 81
236163 81
11476 81
13220 81
20405 81
23916 81
31567 81
35434 81
35615 81
36868 81
39343 81
41661 81
47134 81
52844 81
53184 81
57246 81
59578 81
64199 81
64355 81
64992 81
71102 81
73613 81
75452 81
75946 81
77157 81
82886 81
84582 81
94435 81
95424 81
244980 81
37613 80
39200 80
1909 80
21073 80
30430 80
31331 80
36759 80
70927 80
89595 80
91794 80
209702 80
7473 80
28531 80
29702 80
69544 80
86904 80
12036 80
17362 80
24005 80
31134 80
39879 80
41238 80
41546 80
63577 80
65812 80
67044 80
84921 80
89146 80
91153 80
94866 80
170042 80
176401 80
6585 80
22061 80
28771 80
35156 80
36046 80
47997 80
50385 80
70013 80
77022 80
82274 80
15256 80
21953 80
28875 80
47608 80
55890 80
56562 80
59526 80
61327 80
63789 80
67266 80
70418 80
70563 80
71343 80
72893 80
74371 80
75677 80
77786 80
78799 80
90384 80
237559 80
22209 80
63263 80
82924 80
88792 80
175660 80
180334 80
185934 80
186196 80
191530 80
191785 80
196665 80
223887 80
243014 80
8788 80
41477 80
50788 80
53870 80
55711 80
69521 80
70291 80
72190 80
9256 80
15469 80
33804 80
45731 80
63633 80
68370 80
73624 80
75310 80
81385 80
93809 80
96158 80
49293 80
66265 80
201092 80
50570 80
225900 80
22897 79
148388 79
47142 79
84581 79
31553 79
31846 79
29624 79
35731 79
38380 79
39832 79
40762 79
49145 79
56636 79
58197 79
61334 79
67950 79
68581 79
72202 79
73727 79
75358 79
76376 79
80206 79
81228 79
81854 79
83688 79
84047 79
84213 79
89380 79
89865 79
91950 79
160990 79
220930 79
222108 79
223208 79
9193 79
38338 79
47905 79
85169 79
183384 79
45244 79
7981 79
12257 79
14102 79
17085 79
20792 79
21489 79
26568 79
29740 79
32809 79
38294 79
40195 79
42487 79
45944 79
64557 79
69423 79
69776 79
70692 79
70923 79
71220 79
71659 79
82860 79
89286 79
89583 79
90666 79
92820 79
96053 79
95969 79
183175 79
28788 79
32861 79
86995 79
94197 79
39353 79
72004 79
88668 79
148298 79
184237 79
216622 79
12560 78
37482 78
37610 78
38722 78
39120 78
44426 78
57622 78
58187 78
58482 78
59645 78
60076 78
61766 78
61793 78
63376 78
67458 78
67957 78
69715 78
71060 78
72634 78
72718 78
72905 78
75565 78
77221 78
78608 78
80271 78
83996 78
85325 78
85743 78
86401 78
88553 78
93440 78
96453 78
148738 78
149080 78
154131 78
154858 78
156473 78
159906 78
161179 78
161805 78
169001 78
172686 78
172871 78
173985 78
174154 78
176822 78
178499 78
178685 78
179636 78
181716 78
182301 78
183171 78
183613 78
184337 78
186300 78
186897 78
190627 78
202483 78
204945 78
206891 78
208508 78
208583 78
213618 78
224612 78
231199 78
233893 78
240386 78
240524 78
240828 78
240885 78
246220 78
56306 78
69419 78
9080 78
23305 78
26422 78
28811 78
57769 78
148354 78
201315 78
214760 78
65390 78
38911 78
92316 78
31398 78
56755 78
85524 78
86413 78
90312 78
160103 78
162906 78
174951 78
179314 78
190727 78
212239 78
216152 78
225374 78
236888 78
243355 78
5700 78
32567 78
46769 78
54235 78
165472 78
22978 78
51513 78
64447 78
188031 78
11577 78
30646 78
37483 78
52819 78
57483 78
90804 78
95081 78
23357 78
150030 78
181759 78
240080 78
41206 78
29284 77
43606 77
67757 77
68231 77
72737 77
83035 77
86195 77
91475 77
158534 77
162735 77
245362 77
79622 77
10671 77
32522 77
38975 77
44033 77
45792 77
54519 77
61255 77
72554 77
79333 77
86116 77
87690 77
90806 77
92384 77
92936 77
151824 77
152309 77
166970 77
167060 77
178750 77
186599 77
188140 77
192890 77
194326 77
202662 77
203845 77
211637 77
231635 77
236890 77
243587 77
24653 77
51144 77
186893 77
200592 77
201455 77
12445 77
17332 77
18918 77
23633 77
36067 77
36073 77
39610 77
44174 77
45360 77
49543 77
54304 77
55420 77
56478 77
57766 77
58467 77
62843 77
65151 77
78208 77
80053 77
81689 77
83965 77
88635 77
94538 77
96337 77
148281 77
44943 77
52136 77
63707 77
66899 77
69116 77
72408 77
77611 77
86048 77
154060 77
164777 77
171716 77
241857 77
246053 77
26118 77
75266 77
172258 77
182796 77
194012 77
202790 77
204326 77
209819 77
215686 77
223465 77
237892 77
37155 77
52938 77
58659 77
60321 77
169026 77
197536 77
153051 76
68157 76
89129 76
155013 76
178889 76
26283 76
42039 76
158182 76
25760 76
28757 76
35486 76
43310 76
73842 76
76031 76
77246 76
90605 76
92842 76
151552 76
155059 76
156804 76
162881 76
172312 76
179940 76
188294 76
200994 76
218556 76
221257 76
245594 76
38996 76
60525 76
79027 76
150003 76
201943 76
203116 76
203527 76
206088 76
206185 76
236515 76
244466 76
2465 76
3932 76
60022 76
91485 76
221758 76
46832 76
58218 76
77634 76
89439 76
158153 76
184853 76
27299 75
41049 75
12027 75
14396 75
18529 75
23162 75
25778 75
29737 75
40558 75
40781 75
55017 75
55036 75
55780 75
57533 75
58517 75
58610 75
59253 75
60902 75
63065 75
64144 75
70681 75
74207 75
75116 75
80214 75
80597 75
80970 75
82689 75
83861 75
84009 75
85031 75
85173 75
86553 75
88781 75
95262 75
154572 75
156257 75
159779 75
162175 75
165928 75
171680 75
174050 75
187276 75
188236 75
188471 75
192865 75
205049 75
206048 75
208707 75
211988 75
214452 75
218746 75
219899 75
220154 75
234879 75
241521 75
21441 75
47849 75
69577 75
77280 75
168001 75
171551 75
174937 75
189155 75
209847 75
226570 75
232097 75
18181 75
68926 75
72246 75
75573 75
173222 75
4820 75
6678 75
13261 75
18055 75
19283 75
24838 75
27453 75
33748 75
34491 75
35683 75
44830 75
53298 75
57018 75
60968 75
61406 75
62249 75
64448 75
66517 75
67267 75
67710 75
70631 75
70731 75
73594 75
74710 75
77680 75
77957 75
77974 75
78417 75
85194 75
86452 75
89482 75
90220 75
91318 75
95949 75
24068 75
50566 75
98497 75
152502 75
153258 75
171073 75
197013 75
214355 75
215267 75
230092 75
233662 75
69124 75
196494 75
36873 75
52777 75
148380 75
163981 75
31485 75
64097 75
71423 75
157531 75
175626 75
202245 75
233179 75
10293 74
14747 74
23858 74
66229 74
185677 74
4949 74
184761 74
192863 74
206988 74
238484 74
2539 74
38899 74
76361 74
28441 74
96143 74
181306 74
4318 74
58251 74
73269 74
83084 74
203709 74
19393 74
33563 74
52831 74
58319 74
71974 74
72519 74
89033 74
172767 74
177376 74
198857 74
246637 74
4959 73
30144 73
32207 73
56481 73
70717 73
76197 73
55844 73
27776 73
48868 73
78548 73
150853 73
241193 73
30842 73
54790 73
81581 73
2474 73
15379 73
21367 73
26743 73
28806 73
29365 73
30823 73
34086 73
35204 73
36591 73
38812 73
39485 73
44152 73
45453 73
47129 73
48221 73
49699 73
50733 73
51224 73
55594 73
58420 73
60977 73
62586 73
64004 73
66196 73
69729 73
70069 73
71782 73
75169 73
78016 73
82312 73
82996 73
85840 73
89052 73
94608 73
97319 73
171824 73
158893 73
45024 73
68845 73
72395 73
90055 73
90626 73
168454 73
173445 73
182285 73
187168 73
214719 73
229906 73
231833 73
24548 73
68242 73
5929 73
6932 73
7074 73
7992 73
8399 73
8998 73
10228 73
12108 73
12809 73
13471 73
13835 73
14225 73
14896 73
16862 73
17159 73
18102 73
19677 73
20371 73
22144 73
23076 73
23876 73
23955 73
25477 73
26251 73
26626 73
27711 73
28947 73
29022 73
29603 73
29767 73
29932 73
31163 73
32041 73
32423 73
32456 73
32695 73
32900 73
33353 73
33411 73
33475 73
34023 73
34255 73
34850 73
34922 73
34953 73
35548 73
35621 73
36163 73
36224 73
36487 73
36978 73
37286 73
37486 73
37791 73
37803 73
37957 73
38615 73
38736 73
38796 73
38884 73
39323 73
39977 73
39987 73
41122 73
41188 73
41305 73
41404 73
41851 73
41946 73
42153 73
42195 73
42518 73
42594 73
42785 73
42788 73
42838 73
42871 73
43512 73
43664 73
43923 73
44280 73
44359 73
45068 73
45323 73
45390 73
45519 73
45524 73
46023 73
46534 73
47107 73
47291 73
47388 73
47431 73
47586 73
47912 73
47985 73
47987 73
48014 73
48041 73
48107 73
49412 73
49571 73
49850 73
50204 73
50219 73
50335 73
50443 73
50607 73
50827 73
50837 73
51320 73
52423 73
52658 73
52692 73
53016 73
53384 73
53943 73
54368 73
54623 73
54886 73
54923 73
55067 73
55793 73
55825 73
55865 73
56434 73
56780 73
56819 73
56921 73
56970 73
58169 73
59657 73
59910 73
60196 73
60478 73
60581 73
60839 73
61163 73
61374 73
61661 73
61736 73
62684 73
63121 73
63267 73
63532 73
63720 73
63751 73
64000 73
64452 73
64467 73
64739 73
65339 73
65497 73
65553 73
65565 73
65587 73
65633 73
66075 73
66349 73
66520 73
66748 73
66944 73
67010 73
67260 73
67308 73
67384 73
67426 73
67474 73
67582 73
67637 73
67667 73
68047 73
68106 73
68162 73
68201 73
68828 73
68837 73
68993 73
69219 73
69300 73
69616 73
70036 73
70077 73
70324 73
70449 73
70504 73
70510 73
71344 73
71735 73
71850 73
71902 73
72124 73
72274 73
72558 73
72592 73
72844 73
72991 73
73062 73
73147 73
73284 73
73317 73
73319 73
73593 73
73869 73
74015 73
74171 73
74657 73
74684 73
74696 73
75255 73
75284 73
75581 73
75827 73
76021 73
76082 73
76248 73
76517 73
77251 73
77306 73
77348 73
77381 73
77427 73
77508 73
77568 73
77678 73
77839 73
77879 73
77899 73
77946 73
78364 73
78429 73
78793 73
79181 73
79191 73
79314 73
79367 73
79457 73
79521 73
79909 73
80377 73
80415 73
80543 73
80705 73
80758 73
80773 73
81006 73
81099 73
81126 73
81201 73
81488 73
81550 73
81597 73
81608 73
81664 73
81788 73
81880 73
82027 73
82208 73
82216 73
82285 73
82374 73
82750 73
82876 73
83255 73
83307 73
83416 73
83472 73
83924 73
84095 73
84128 73
84240 73
84341 73
84395 73
84447 73
84449 73
84682 73
84735 73
84849 73
85003 73
85575 73
85876 73
85919 73
86424 73
86449 73
86532 73
86605 73
86805 73
86927 73
87338 73
87387 73
87467 73
87473 73
87603 73
87612 73
87620 73
87628 73
87769 73
88112 73
88210 73
88327 73
88405 73
88562 73
88693 73
88773 73
88821 73
88848 73
88984 73
89239 73
89269 73
89418 73
89559 73
90066 73
90079 73
90427 73
90439 73
90509 73
90592 73
90779 73
90896 73
91111 73
91249 73
91412 73
91484 73
91837 73
91922 73
91997 73
92029 73
92157 73
92167 73
92342 73
92571 73
92645 73
92772 73
92992 73
93117 73
93248 73
93255 73
93382 73
93574 73
93677 73
93811 73
93994 73
94014 73
94207 73
94230 73
94340 73
94474 73
95033 73
95119 73
95297 73
150365 73
151188 73
159202 73
159567 73
163103 73
163401 73
163421 73
164989 73
165980 73
166581 73
167532 73
167588 73
167849 73
167862 73
169699 73
171571 73
172308 73
174073 73
175146 73
176608 73
177597 73
178054 73
178975 73
179307 73
179735 73
180199 73
180234 73
181199 73
185398 73
186252 73
187273 73
187932 73
188245 73
189094 73
189337 73
189424 73
195121 73
195594 73
196041 73
199555 73
200979 73
202096 73
203076 73
203667 73
203961 73
204023 73
204031 73
207411 73
208975 73
209019 73
209793 73
209959 73
212114 73
213675 73
213688 73
214825 73
215476 73
215717 73
216582 73
217132 73
217386 73
218180 73
220478 73
220939 73
223336 73
223573 73
224401 73
225062 73
225082 73
225113 73
225127 73
225283 73
226230 73
226328 73
227182 73
228821 73
229001 73
229222 73
229583 73
231340 73
231342 73
232827 73
233261 73
233312 73
234307 73
235641 73
236944 73
237174 73
238658 73
240011 73
240607 73
240806 73
241122 73
244451 73
20848 73
14511 73
45567 73
65718 73
67184 73
70035 73
72452 73
76006 73
77906 73
83681 73
92211 73
148356 73
175294 73
200866 73
205848 73
10111 72
46375 72
50991 72
58535 72
62766 72
66854 72
89982 72
26138 72
85087 72
153833 72
163676 72
170140 72
192809 72
231903 72
7603 72
20278 72
37035 72
43436 72
43683 72
44814 72
56985 72
58360 72
58792 72
59378 72
59411 72
61234 72
69533 72
79110 72
90631 72
93834 72
154782 72
155514 72
158931 72
160390 72
163324 72
167427 72
177204 72
185908 72
189246 72
190094 72
204369 72
216963 72
236056 72
236953 72
237027 72
238846 72
47511 72
26348 72
50249 72
61289 72
53241 72
78079 72
164135 72
166109 72
191624 72
206233 72
211648 72
229588 72
16189 72
28897 72
49540 72
54329 72
56963 72
95281 72
9314 72
47400 72
74689 72
85455 72
92404 72
212242 72
223395 72
224156 72
226469 72
34941 72
48637 72
77231 72
39125 71
43157 71
68235 71
2886 71
51428 71
185608 71
241155 71
27807 71
38675 71
775 71
1398 71
4875 71
6370 71
6827 71
7248 71
7895 71
8011 71
8596 71
8942 71
9388 71
9902 71
11281 71
12496 71
13132 71
13763 71
14297 71
14725 71
14869 71
15045 71
15155 71
15366 71
16608 71
16938 71
17224 71
17537 71
17649 71
18298 71
18472 71
18813 71
18885 71
19109 71
19469 71
19619 71
19770 71
20126 71
20532 71
20571 71
20696 71
20888 71
21108 71
21526 71
21732 71
22016 71
22650 71
22692 71
22862 71
22935 71
23115 71
23887 71
23896 71
24117 71
25189 71
25927 71
26362 71
26411 71
26725 71
26975 71
27309 71
27501 71
27628 71
27688 71
27741 71
27843 71
27898 71
28492 71
28516 71
28638 71
29387 71
29410 71
29476 71
29495 71
29720 71
29839 71
29870 71
30094 71
30467 71
30504 71
30567 71
30642 71
31068 71
31667 71
32986 71
33083 71
33454 71
33709 71
33738 71
34253 71
34332 71
34506 71
34660 71
34734 71
34778 71
34862 71
34868 71
34986 71
35348 71
35427 71
36005 71
36062 71
36099 71
36975 71
37323 71
37352 71
37355 71
37425 71
37580 71
37971 71
37997 71
38008 71
38478 71
38601 71
38822 71
38837 71
38924 71
39293 71
39342 71
39955 71
40396 71
40604 71
41604 71
41726 71
42200 71
42546 71
42593 71
42668 71
42845 71
43077 71
43226 71
43480 71
43847 71
43861 71
43914 71
44068 71
44099 71
44690 71
44862 71
45072 71
45084 71
45110 71
45926 71
46116 71
46132 71
46428 71
46479 71
46783 71
47543 71
48011 71
48359 71
49215 71
49261 71
49447 71
49459 71
49892 71
49982 71
50124 71
50289 71
50352 71
50571 71
50857 71
50873 71
51115 71
51248 71
51467 71
51583 71
51878 71
52929 71
53263 71
53603 71
53750 71
54195 71
54218 71
54246 71
54478 71
54747 71
55427 71
55435 71
55487 71
55609 71
55996 71
56302 71
56596 71
56652 71
57088 71
57814 71
58095 71
58569 71
58612 71
58647 71
58785 71
59251 71
59366 71
59539 71
59690 71
59757 71
59763 71
60033 71
60095 71
60421 71
60493 71
60706 71
61305 71
61639 71
61879 71
61956 71
62509 71
62776 71
62877 71
63681 71
63896 71
64194 71
64503 71
64778 71
65196 71
65312 71
65314 71
65364 71
65465 71
65867 71
66068 71
66264 71
66384 71
66391 71
66825 71
66868 71
67123 71
67577 71
67632 71
67779 71
67960 71
68118 71
68426 71
68560 71
68885 71
68930 71
69122 71
69312 71
69480 71
69615 71
69692 71
70008 71
70052 71
70688 71
71003 71
71054 71
71312 71
71572 71
72605 71
73034 71
73391 71
73442 71
73623 71
73671 71
73690 71
74355 71
74492 71
74528 71
74565 71
74577 71
74769 71
74784 71
75123 71
75357 71
75507 71
75830 71
76123 71
76353 71
76373 71
76612 71
76709 71
77309 71
77344 71
77818 71
77829 71
77942 71
78282 71
78537 71
78697 71
78915 71
78932 71
78950 71
79044 71
79057 71
79449 71
79759 71
79934 71
80188 71
80363 71
80393 71
80406 71
80512 71
80557 71
81403 71
81481 71
81491 71
81601 71
81718 71
82639 71
82643 71
82902 71
84008 71
84494 71
84536 71
85403 71
85600 71
85862 71
86339 71
86667 71
86992 71
87020 71
87464 71
88299 71
88332 71
88374 71
88413 71
88480 71
89015 71
89161 71
89316 71
89456 71
89630 71
90181 71
90501 71
90523 71
90980 71
91022 71
91809 71
91989 71
92046 71
92279 71
92354 71
92673 71
93984 71
94472 71
94633 71
94794 71
94800 71
94920 71
95822 71
96019 71
96021 71
96028 71
96227 71
96282 71
96430 71
96487 71
96748 71
96931 71
97236 71
97493 71
97640 71
97794 71
97883 71
97893 71
97898 71
98273 71
98420 71
98607 71
98623 71
98653 71
99546 71
99560 71
99981 71
100016 71
100653 71
101618 71
102137 71
104135 71
104395 71
108622 71
108742 71
109039 71
109625 71
110204 71
110257 71
111595 71
113020 71
113316 71
113895 71
114042 71
118828 71
132980 71
168556 71
200377 71
205502 71
220974 71
17400 71
74133 71
34726 71
36807 71
6172 71
7201 71
28349 71
28501 71
30926 71
36315 71
37506 71
40011 71
40122 71
41409 71
41440 71
44052 71
46096 71
48172 71
50928 71
51258 71
51947 71
52048 71
55705 71
56870 71
57358 71
57574 71
58295 71
58417 71
58697 71
61975 71
63445 71
63600 71
64207 71
64479 71
65535 71
68636 71
68776 71
69036 71
73873 71
74960 71
76138 71
76292 71
76322 71
77462 71
81806 71
86391 71
87831 71
89046 71
89502 71
90056 71
90898 71
92034 71
94923 71
84948 71
90219 71
29957 71
57875 71
66946 71
77488 71
10664 71
12212 71
12246 71
15409 71
22587 71
26453 71
31745 71
34254 71
36108 71
37230 71
37526 71
41464 71
42463 71
45289 71
47841 71
48000 71
54787 71
60337 71
63338 71
64019 71
69193 71
70053 71
71784 71
84919 71
98132 71
167959 71
28698 70
36081 70
36276 70
50927 70
90630 70
174990 70
189091 70
225977 70
232128 70
238814 70
31899 70
21147 70
154890 70
1571 70
22004 70
24364 70
25635 70
27668 70
27804 70
28208 70
28524 70
29423 70
30865 70
35053 70
39205 70
39207 70
47873 70
48682 70
49676 70
49919 70
51117 70
53627 70
53696 70
55283 70
56372 70
59996 70
60290 70
61176 70
61262 70
63129 70
63206 70
63399 70
64333 70
67581 70
68611 70
69358 70
70903 70
71010 70
71490 70
73423 70
73641 70
73942 70
74168 70
74987 70
76134 70
78926 70
80447 70
81690 70
81871 70
82190 70
82357 70
83605 70
85322 70
88782 70
92701 70
93635 70
94196 70
94550 70
95105 70
151402 70
153860 70
161595 70
163364 70
164332 70
164753 70
167251 70
180671 70
180886 70
183197 70
193373 70
204466 70
216931 70
225280 70
228472 70
231209 70
231584 70
240264 70
246684 70
18419 70
44158 70
46374 70
52246 70
57522 70
92771 70
95722 70
148542 70
170568 70
176048 70
191403 70
192244 70
197308 70
205629 70
220147 70
227521 70
19745 70
20778 70
21011 70
29195 70
30508 70
31550 70
41283 70
47499 70
70464 70
75793 70
94332 70
2584 70
3400 70
28366 70
46849 70
51348 70
59198 70
67509 70
78286 70
86171 70
89927 70
93754 70
95882 70
150484 70
151315 70
230663 70
40117 70
47180 70
61844 70
67192 70
75787 70
81214 70
162098 70
178831 70
209497 70
209685 70
243499 70
47143 70
8718 70
15758 70
23904 70
28126 70
30288 70
68460 70
74609 70
11796 70
12879 70
13318 70
15761 70
16663 70
17408 70
18497 70
20092 70
22110 70
23176 70
23742 70
28335 70
29628 70
29719 70
31116 70
31198 70
36488 70
38861 70
38962 70
43440 70
47301 70
48633 70
48723 70
50060 70
51928 70
52795 70
53666 70
54459 70
59213 70
61064 70
62114 70
62308 70
62849 70
64153 70
65434 70
67614 70
68799 70
70588 70
72500 70
74301 70
75050 70
75448 70
75602 70
77200 70
77373 70
79328 70
80308 70
81199 70
83407 70
84631 70
88049 70
89098 70
90497 70
91189 70
91204 70
91704 70
91734 70
92764 70
92860 70
93976 70
94716 70
95329 70
97104 70
153781 70
154011 70
154642 70
156039 70
157671 70
157873 70
159447 70
160136 70
160867 70
168998 70
171493 70
172144 70
172357 70
175263 70
175292 70
175820 70
176521 70
177460 70
177650 70
179412 70
180357 70
181264 70
183610 70
185212 70
186696 70
187060 70
187158 70
190171 70
191156 70
192425 70
193371 70
194965 70
195104 70
199587 70
201175 70
203910 70
205614 70
210729 70
212388 70
213167 70
213636 70
214109 70
215680 70
216213 70
217577 70
217589 70
217837 70
221350 70
222752 70
222809 70
226258 70
227697 70
228757 70
229979 70
232845 70
235955 70
240188 70
241111 70
242144 70
242360 70
243084 70
245182 70
245896 70
246356 70
56341 69
9578 69
31885 69
33792 69
57300 69
74337 69
81617 69
87684 69
161551 69
204399 69
24311 69
46019 69
85418 69
65471 69
11115 69
18482 69
35713 69
51427 69
178091 69
43839 69
48239 69
81290 69
83159 69
83181 69
95693 69
159910 69
166732 69
168964 69
169622 69
172240 69
172650 69
184153 69
189904 69
196408 69
208519 69
216970 69
217457 69
222711 69
224963 69
227062 69
244765 69
14160 69
17417 69
156301 69
2130 69
5050 69
6147 69
10955 69
12018 69
21037 69
23346 69
23500 69
33284 69
35376 69
36976 69
41357 69
46055 69
47198 69
47539 69
48180 69
51311 69
52305 69
54047 69
56920 69
57506 69
61920 69
63361 69
66955 69
67328 69
69243 69
72795 69
74505 69
74897 69
80222 69
83616 69
91156 69
93359 69
187098 69
246746 69
32598 69
38683 69
71361 69
88241 69
181493 69
39367 69
60749 69
61835 69
95983 69
58820 69
59052 69
84605 69
88399 69
195694 68
201686 68
169495 68
12359 68
13677 68
25535 68
34375 68
39051 68
66053 68
66424 68
67585 68
72943 68
79131 68
83937 68
86521 68
216059 68
4605 68
32333 68
36987 68
72790 68
82440 68
83673 68
87239 68
62658 68
171694 68
213258 68
236813 68
56202 68
64810 68
197249 68
20709 68
23889 68
25967 68
29154 68
31353 68
31767 68
32302 68
36550 68
37009 68
38154 68
40100 68
43221 68
48290 68
50864 68
51435 68
51683 68
56012 68
56747 68
60605 68
64373 68
74057 68
74274 68
76628 68
83559 68
84352 68
87898 68
92176 68
92262 68
93413 68
155622 68
201404 68
204680 68
223074 68
225912 68
244036 68
4349 68
14277 68
14404 68
14699 68
35641 68
37123 68
58274 68
63631 68
82237 68
148404 68
150453 68
152932 68
155931 68
157863 68
161313 68
164496 68
174021 68
179945 68
185628 68
189475 68
191279 68
192761 68
194425 68
195755 68
197126 68
204032 68
204045 68
209213 68
216758 68
217359 68
225865 68
228306 68
228324 68
230085 68
230789 68
231419 68
231864 68
232997 68
235778 68
236165 68
239507 68
240137 68
243172 68
246245 68
24553 68
32031 68
36423 68
53112 68
54126 68
56924 68
69743 68
76080 68
87636 68
90625 68
94516 68
18208 67
38213 67
35554 67
35991 67
75621 67
224324 67
229765 67
29771 67
37587 67
44107 67
44818 67
58848 67
67693 67
71377 67
71559 67
77354 67
77503 67
83326 67
87232 67
90250 67
92809 67
93080 67
95050 67
154384 67
155317 67
161431 67
178792 67
179787 67
183149 67
184423 67
198525 67
201103 67
215263 67
219698 67
232494 67
237643 67
241005 67
242541 67
35137 67
6271 67
33045 67
53476 67
53794 67
54104 67
70615 67
78149 67
78520 67
80082 67
156555 67
165220 67
177490 67
181206 67
181869 67
183568 67
185900 67
192676 67
194073 67
194998 67
200875 67
203124 67
205554 67
206128 67
222133 67
222178 67
228955 67
232374 67
239294 67
11724 67
12575 67
22657 67
26769 67
32955 67
35987 67
40895 67
42909 67
47094 67
49251 67
50768 67
55979 67
56446 67
58873 67
59988 67
60770 67
61499 67
65806 67
65928 67
66111 67
68711 67
69437 67
71159 67
71257 67
74119 67
74612 67
75210 67
75354 67
77130 67
78700 67
80091 67
80898 67
84452 67
85093 67
90452 67
90463 67
93220 67
94259 67
213445 67
215113 67
26335 67
5993 67
28527 67
47174 67
94625 67
148823 67
151828 67
159284 67
177174 67
180494 67
23112 66
27026 66
27705 66
31246 66
33920 66
36342 66
36387 66
38529 66
38879 66
44271 66
48666 66
50505 66
50890 66
53593 66
55099 66
55212 66
59260 66
59935 66
60614 66
65462 66
73965 66
74889 66
77382 66
79664 66
80033 66
80386 66
82544 66
84311 66
85496 66
89258 66
90487 66
90524 66
90885 66
91522 66
92966 66
93595 66
148831 66
149276 66
149320 66
150565 66
153504 66
153677 66
155625 66
155865 66
156327 66
156709 66
156901 66
156983 66
157767 66
160572 66
164807 66
166456 66
169318 66
171579 66
176339 66
176585 66
177251 66
177919 66
178816 66
179002 66
179714 66
180384 66
181102 66
182667 66
186039 66
186091 66
186881 66
189086 66
192014 66
192327 66
192808 66
196093 66
201160 66
202471 66
207261 66
209813 66
211290 66
214443 66
214955 66
218677 66
223617 66
224593 66
227233 66
227418 66
235115 66
235232 66
239944 66
242136 66
243978 66
245345 66
246081 66
27009 66
76235 66
7254 66
21458 66
44250 66
71892 66
91020 66
215762 66
19202 66
58378 66
85435 66
87878 66
176390 66
177307 66
186940 66
194659 66
199832 66
208632 66
213742 66
189412 66
38297 66
41343 66
43080 66
61094 66
67687 66
83694 66
153267 66
169182 66
178463 66
194723 66
203023 66
226834 66
230571 66
242949 66
243022 66
246811 66
25590 66
73584 66
84470 66
87822 66
12666 66
40633 66
54172 66
64043 66
178687 66
183485 66
192709 66
37842 66
161765 66
162654 66
183897 66
212072 66
215511 66
225897 66
3823 65
45502 65
47748 65
53770 65
55272 65
59437 65
61651 65
76749 65
78299 65
90773 65
91465 65
221599 65
226174 65
233240 65
245357 65
33769 65
53367 65
74994 65
60813 65
83168 65
230650 65
4446 65
4491 65
13500 65
15241 65
16276 65
21567 65
31458 65
31743 65
33558 65
39504 65
44042 65
54613 65
60959 65
63569 65
64857 65
64965 65
66581 65
67503 65
69294 65
70494 65
71385 65
75606 65
75699 65
77761 65
82122 65
91132 65
92838 65
94918 65
95530 65
95873 65
220657 65
227517 65
230409 65
231825 65
8093 65
27058 65
28167 65
36857 65
40422 65
74039 65
76654 65
81338 65
83420 65
87714 65
89774 65
160281 65
160420 65
175454 65
200847 65
201949 65
205596 65
216721 65
89678 64
95986 64
148882 64
200591 64
12531 64
36341 64
57024 64
64809 64
67783 64
53213 64
170626 64
183178 64
238434 64
75326 64
58306 64
66210 64
72528 64
72986 64
73813 64
78116 64
78990 64
82288 64
84985 64
89598 64
90818 64
93709 64
154179 64
159985 64
168566 64
171658 64
173902 64
174179 64
174195 64
177148 64
195099 64
204668 64
215092 64
217461 64
218608 64
221111 64
233821 64
237838 64
238987 64
245721 64
8514 64
9049 64
25369 64
36558 64
38511 64
45477 64
60816 64
68822 64
70282 64
73053 64
200427 64
220921 64
44817 64
68890 64
80480 64
72813 63
80985 63
213025 63
228207 63
28505 63
34454 63
34614 63
41898 63
52165 63
55474 63
59371 63
61348 63
63108 63
66199 63
75756 63
87068 63
89716 63
93265 63
99012 63
150235 63
150263 63
152331 63
152386 63
155700 63
157353 63
168705 63
170086 63
173046 63
173824 63
177730 63
178347 63
178461 63
179881 63
181440 63
181623 63
183383 63
184762 63
185223 63
186537 63
190577 63
195769 63
197523 63
199633 63
199980 63
200554 63
206072 63
207056 63
210801 63
212564 63
213937 63
216710 63
217331 63
222187 63
224877 63
228475 63
228617 63
235407 63
236454 63
239224 63
240169 63
241452 63
246462 63
83287 63
90715 63
16611 63
18033 63
24250 63
31160 63
33985 63
69735 63
74873 63
82076 63
148584 63
170453 63
174793 63
197601 63
203474 63
220469 63
228176 63
228947 63
6462 63
6740 63
10070 63
14797 63
14964 63
20217 63
23784 63
28021 63
29485 63
29532 63
33590 63
33915 63
37245 63
38786 63
39386 63
41168 63
42466 63
47846 63
51470 63
51529 63
52835 63
56183 63
58758 63
58857 63
59070 63
61036 63
62533 63
62825 63
63180 63
69890 63
69918 63
72160 63
73173 63
77357 63
78126 63
79336 63
79549 63
79981 63
80818 63
81057 63
81921 63
84644 63
89536 63
89996 63
92489 63
93225 63
96712 63
97377 63
165750 63
191904 63
8546 63
21785 63
36666 63
45139 63
52687 63
63835 63
76321 63
90254 63
149489 63
156831 63
159746 63
166420 63
185219 63
187127 63
226194 63
240898 63
243030 63
20492 63
42238 63
65985 62
148645 62
17850 62
20358 62
42240 62
63406 62
69893 62
71000 62
80103 62
80790 62
95140 62
22844 62
28878 62
40738 62
61415 62
74678 62
152655 62
202944 62
238343 62
246576 62
32069 62
56394 62
27273 62
38805 62
50252 62
53217 62
55031 62
156716 62
29361 62
37139 62
45531 62
54791 62
71295 62
83302 62
84511 62
96067 62
148301 62
63991 61
74600 61
77166 61
82993 61
83768 61
90381 61
92657 61
93991 61
183560 61
223886 61
234494 61
51822 61
75792 61
79058 61
89067 61
161830 61
159632 61
169212 61
234339 61
24190 61
62886 61
64121 61
69014 61
1168 61
2409 61
3698 61
4812 61
4870 61
5729 61
5773 61
6874 61
8157 61
9614 61
10097 61
11443 61
11841 61
12139 61
12352 61
13541 61
14842 61
14957 61
15456 61
15954 61
16704 61
17080 61
17580 61
17721 61
17734 61
17924 61
18201 61
19224 61
19452 61
19981 61
20015 61
20240 61
20506 61
21336 61
21377 61
21457 61
21523 61
21897 61
22797 61
22877 61
23186 61
23296 61
23465 61
23995 61
24476 61
24591 61
24595 61
24680 61
24711 61
24933 61
25032 61
25533 61
25571 61
25820 61
26105 61
26573 61
26752 61
27071 61
27196 61
27569 61
27578 61
27596 61
27729 61
27787 61
27942 61
28156 61
28717 61
28923 61
29043 61
29087 61
29416 61
29744 61
29857 61
30139 61
30890 61
31080 61
32135 61
32142 61
32309 61
32324 61
32493 61
32555 61
33306 61
33460 61
33524 61
33608 61
33618 61
33651 61
33674 61
33871 61
34046 61
34248 61
34335 61
34714 61
35070 61
35128 61
35147 61
35200 61
35245 61
35445 61
35460 61
35606 61
35899 61
36376 61
36394 61
36730 61
36789 61
36818 61
37258 61
37710 61
37823 61
38123 61
38424 61
38554 61
38570 61
38624 61
38652 61
38744 61
38942 61
39554 61
39910 61
40413 61
41180 61
41264 61
41281 61
41323 61
41619 61
42313 61
42821 61
43012 61
43040 61
43079 61
43128 61
43280 61
43525 61
43545 61
43735 61
43944 61
44012 61
44130 61
44554 61
44988 61
45069 61
45281 61
45562 61
45691 61
45695 61
45824 61
45880 61
46384 61
46500 61
46595 61
46645 61
46765 61
46826 61
46946 61
46959 61
46974 61
47089 61
47121 61
47295 61
47303 61
47615 61
47712 61
47838 61
47850 61
47883 61
48512 61
48528 61
48563 61
49047 61
49568 61
49890 61
49894 61
50845 61
51657 61
51772 61
52708 61
52735 61
53306 61
53699 61
53796 61
53830 61
53891 61
53919 61
54089 61
54335 61
54394 61
54508 61
54809 61
54972 61
55273 61
55339 61
55351 61
55375 61
55519 61
55547 61
55661 61
55922 61
56469 61
56537 61
56707 61
56791 61
56836 61
56888 61
57310 61
57682 61
57840 61
58120 61
58157 61
58161 61
58383 61
58491 61
58544 61
58636 61
58766 61
58938 61
59524 61
59561 61
59585 61
59640 61
59689 61
59782 61
59897 61
59952 61
60143 61
60285 61
60561 61
60627 61
60891 61
61123 61
61795 61
61876 61
61973 61
62549 61
62814 61
62899 61
62914 61
63084 61
63304 61
63609 61
63764 61
64058 61
64135 61
64181 61
64319 61
64382 61
64556 61
64606 61
64622 61
65085 61
65099 61
65112 61
65555 61
65684 61
65821 61
66214 61
66659 61
66692 61
66729 61
66736 61
67015 61
67169 61
67563 61
67571 61
67837 61
67862 61
68620 61
68647 61
68864 61
68949 61
69422 61
69496 61
69578 61
69583 61
69619 61
69847 61
69854 61
70113 61
70160 61
71325 61
71783 61
71840 61
72248 61
72279 61
72287 61
72410 61
72630 61
72639 61
72776 61
74150 61
74533 61
74738 61
74779 61
74816 61
74907 61
74940 61
75070 61
75248 61
75256 61
75601 61
75655 61
76410 61
76448 61
76489 61
76542 61
76682 61
76696 61
76697 61
77180 61
77311 61
77365 61
77370 61
77758 61
78478 61
78514 61
78547 61
78583 61
78714 61
78803 61
78893 61
78943 61
79239 61
79570 61
80042 61
80045 61
80096 61
80295 61
80320 61
80438 61
80529 61
80650 61
80760 61
80816 61
80854 61
81019 61
81021 61
81091 61
81418 61
81479 61
81580 61
81847 61
82123 61
82444 61
82447 61
82585 61
82709 61
82714 61
83267 61
84048 61
84232 61
84642 61
85228 61
85339 61
85429 61
85489 61
85769 61
85813 61
85915 61
85958 61
86052 61
86143 61
86442 61
86586 61
87144 61
87187 61
87257 61
87512 61
87609 61
87964 61
87974 61
88085 61
88127 61
88321 61
88375 61
88513 61
88917 61
89065 61
89472 61
89550 61
89617 61
89664 61
89704 61
89807 61
89897 61
89980 61
90053 61
90147 61
90359 61
90952 61
90999 61
91003 61
91023 61
91110 61
91348 61
91376 61
91822 61
91831 61
91879 61
92058 61
92178 61
92440 61
92661 61
92982 61
93388 61
93655 61
93830 61
94251 61
94347 61
94385 61
94425 61
94845 61
95255 61
95342 61
95561 61
95680 61
95933 61
96009 61
96025 61
96050 61
96284 61
96488 61
96494 61
96539 61
96580 61
96585 61
96719 61
96766 61
96849 61
96985 61
97036 61
97117 61
97235 61
97237 61
97497 61
97627 61
97698 61
98162 61
98254 61
98277 61
98628 61
98826 61
99553 61
99687 61
99966 61
100647 61
100742 61
101757 61
101780 61
103811 61
103947 61
104081 61
104228 61
104514 61
108532 61
108827 61
109146 61
109638 61
109850 61
110167 61
112785 61
114165 61
119070 61
126226 61
127841 61
128781 61
129791 61
132706 61
134014 61
145979 61
148518 61
149038 61
149178 61
149714 61
150063 61
150196 61
150846 61
150862 61
151141 61
151260 61
151635 61
152091 61
153067 61
154418 61
154678 61
155060 61
155104 61
159230 61
162406 61
166170 61
168213 61
170438 61
170832 61
171026 61
173292 61
175700 61
185551 61
191241 61
192064 61
193611 61
194717 61
199458 61
200590 61
202403 61
203524 61
204269 61
206766 61
206958 61
207130 61
212143 61
216531 61
219228 61
220087 61
222659 61
232584 61
234744 61
237845 61
240488 61
242274 61
242596 61
27147 61
55574 61
59410 61
87879 61
88051 61
94636 61
95137 61
168675 61
181855 61
193837 61
198000 61
241549 61
38273 61
66050 61
1677 61
2008 61
2102 61
3341 61
4513 61
4647 61
6089 61
7740 61
8986 61
9365 61
12186 61
12981 61
13499 61
15046 61
15163 61
16046 61
16906 61
17063 61
17148 61
18292 61
19513 61
21326 61
21488 61
21590 61
23216 61
23782 61
23965 61
24410 61
24538 61
24922 61
25125 61
26367 61
26589 61
26924 61
26948 61
27246 61
27752 61
28081 61
28640 61
29669 61
29756 61
30136 61
30234 61
30283 61
30480 61
31044 61
31750 61
32197 61
32474 61
32854 61
33082 61
33097 61
33480 61
33520 61
34128 61
34436 61
34798 61
34971 61
35699 61
36338 61
37213 61
38054 61
38359 61
38464 61
38501 61
38616 61
39779 61
39789 61
40001 61
40029 61
40065 61
40102 61
41093 61
41117 61
41516 61
41544 61
41640 61
41967 61
42904 61
43232 61
43253 61
43428 61
43463 61
44270 61
44316 61
44688 61
44795 61
45033 61
45448 61
46215 61
46584 61
47270 61
47287 61
47443 61
47746 61
48258 61
49072 61
49228 61
49355 61
49409 61
49480 61
49541 61
49660 61
49791 61
49895 61
50449 61
50628 61
51202 61
51240 61
52005 61
52694 61
52925 61
53416 61
54083 61
54232 61
54465 61
54945 61
55134 61
55336 61
55391 61
55546 61
56263 61
56440 61
57055 61
57196 61
57386 61
57741 61
58006 61
58330 61
58686 61
58705 61
58761 61
58853 61
59062 61
59230 61
59885 61
60019 61
60250 61
60368 61
60716 61
60929 61
60980 61
61385 61
61420 61
61716 61
61848 61
61976 61
62400 61
62459 61
62576 61
62645 61
62802 61
63221 61
63383 61
63455 61
63700 61
63790 61
63965 61
64281 61
64464 61
64886 61
65126 61
65249 61
65283 61
65329 61
65344 61
65521 61
65733 61
65871 61
65905 61
66301 61
66355 61
66488 61
66506 61
66716 61
67424 61
67457 61
67663 61
67767 61
67780 61
67796 61
67836 61
68339 61
68389 61
68488 61
68497 61
68615 61
69483 61
69591 61
69721 61
69782 61
70296 61
70332 61
70369 61
70533 61
70623 61
70784 61
71082 61
71150 61
71199 61
71516 61
71612 61
71831 61
71886 61
71894 61
71961 61
71985 61
72341 61
72471 61
73025 61
73194 61
73225 61
73287 61
73403 61
73917 61
74022 61
74035 61
74076 61
74269 61
74480 61
74591 61
74606 61
74745 61
74863 61
74996 61
75020 61
75334 61
75375 61
75499 61
75801 61
75883 61
75937 61
75998 61
76062 61
76094 61
76205 61
76315 61
76401 61
76553 61
76731 61
77084 61
77161 61
77247 61
77448 61
77451 61
77495 61
77531 61
77675 61
77941 61
77953 61
78318 61
78506 61
78566 61
78581 61
78733 61
78776 61
79056 61
79145 61
79496 61
79600 61
79649 61
79939 61
79965 61
80002 61
80632 61
80722 61
80787 61
80982 61
81020 61
81105 61
81154 61
81319 61
81365 61
81529 61
82033 61
82044 61
82116 61
82263 61
82466 61
82764 61
83033 61
83100 61
83235 61
83243 61
83365 61
83621 61
83832 61
84388 61
84492 61
84572 61
84649 61
84679 61
84821 61
84912 61
84961 61
85351 61
85400 61
85415 61
85484 61
85488 61
85552 61
85625 61
85691 61
86001 61
86030 61
86081 61
86088 61
86102 61
86531 61
86588 61
86712 61
86735 61
86747 61
86772 61
86871 61
87035 61
87080 61
87192 61
87394 61
87421 61
87488 61
87505 61
87978 61
88019 61
88165 61
88167 61
88219 61
88414 61
88908 61
89086 61
89125 61
89135 61
89188 61
89470 61
89501 61
89552 61
89744 61
89859 61
89883 61
89964 61
90235 61
90451 61
90455 61
90508 61
90603 61
90838 61
90968 61
91211 61
91270 61
91336 61
91460 61
91530 61
91552 61
91814 61
92075 61
92110 61
92152 61
92335 61
92556 61
92685 61
92855 61
92988 61
93050 61
93096 61
93168 61
93391 61
93398 61
93473 61
93526 61
93546 61
93642 61
93800 61
93804 61
93927 61
93954 61
94048 61
94089 61
94317 61
94398 61
94496 61
94655 61
94805 61
94835 61
94876 61
94892 61
95062 61
95131 61
95146 61
95160 61
95202 61
95388 61
95421 61
95466 61
95537 61
95596 61
95614 61
148622 61
149682 61
152819 61
153175 61
153533 61
155785 61
156347 61
156829 61
156998 61
157193 61
157537 61
158069 61
158524 61
158671 61
159132 61
159609 61
159695 61
160317 61
161647 61
161964 61
163053 61
163298 61
163926 61
164272 61
165139 61
165552 61
165891 61
166600 61
167075 61
167175 61
167897 61
168783 61
169968 61
171169 61
172113 61
172286 61
172621 61
175185 61
177156 61
177355 61
177981 61
178326 61
179033 61
179235 61
180798 61
184998 61
185472 61
185536 61
185824 61
186326 61
186903 61
187306 61
188005 61
188537 61
190240 61
190778 61
191669 61
193537 61
194995 61
196259 61
197597 61
198605 61
199551 61
199586 61
200271 61
200929 61
201273 61
202714 61
202812 61
203424 61
203651 61
204713 61
205573 61
208423 61
208525 61
208651 61
208701 61
209693 61
209703 61
211263 61
211906 61
212165 61
212410 61
212586 61
213041 61
213123 61
213202 61
215058 61
215261 61
216647 61
217270 61
219026 61
219190 61
219269 61
220542 61
220766 61
222194 61
222937 61
223148 61
224084 61
224876 61
225259 61
226059 61
226324 61
226453 61
227220 61
228744 61
230198 61
230298 61
231292 61
232596 61
233632 61
234087 61
235578 61
236451 61
237675 61
238261 61
238976 61
240759 61
240914 61
242423 61
244310 61
245462 61
245889 61
246688 61
246793 61
96287 60
14820 60
24111 60
30305 60
38769 60
61965 60
68035 60
71233 60
76333 60
81339 60
83030 60
89189 60
176476 60
178402 60
178730 60
180227 60
181776 60
183119 60
195076 60
198646 60
204589 60
209498 60
211536 60
212316 60
231929 60
240574 60
241543 60
241736 60
245360 60
4882 60
15111 60
16301 60
20163 60
20581 60
21796 60
22441 60
25301 60
26434 60
31772 60
32712 60
40449 60
44826 60
49617 60
51448 60
55409 60
55869 60
63343 60
68668 60
74204 60
75468 60
79035 60
79140 60
79800 60
81087 60
81474 60
83781 60
85469 60
96990 60
166027 60
11003 60
22199 60
26165 60
27872 60
29354 60
43482 60
43503 60
46600 60
73878 60
81868 60
84866 60
87661 60
93319 60
94149 60
95444 60
150784 60
151464 60
153250 60
155802 60
157141 60
157457 60
158259 60
158313 60
162824 60
167600 60
175435 60
176729 60
181218 60
181234 60
186890 60
188178 60
189786 60
211746 60
216285 60
218140 60
219199 60
230037 60
235093 60
237467 60
239784 60
9864 60
15490 60
26911 60
32693 60
43419 60
53730 60
60462 60
60804 60
65322 60
76524 60
84909 60
181717 60
30806 60
41540 60
42605 60
42894 60
44356 60
51920 60
71138 60
81720 60
85931 60
89308 60
92755 60
93575 60
94189 60
151162 60
198241 60
202335 60
222836 60
230985 60
236934 60
21430 60
33242 60
34994 60
53156 60
59502 60
63579 60
69095 60
79258 60
82279 60
85815 60
85886 60
93127 60
94586 60
96254 60
87309 60
166565 60
47996 59
48899 59
53793 59
69137 59
70106 59
83885 59
154021 59
22075 59
50529 59
62203 59
68954 59
94200 59
17411 59
22141 59
33903 59
39168 59
43548 59
57516 59
57720 59
88477 59
200421 59
19127 59
38031 59
42858 59
45315 59
51670 59
61097 59
63191 59
63394 59
210833 59
212175 59
234706 59
25436 59
32369 59
35756 59
41593 59
60608 59
73046 59
74985 59
207408 59
214917 59
23973 59
54495 59
72756 59
19341 59
20471 59
22705 59
26009 59
26662 59
31215 59
31576 59
33264 59
37241 59
39186 59
42578 59
44027 59
47667 59
48242 59
49814 59
51903 59
52316 59
53383 59
54838 59
55867 59
56366 59
58253 59
58860 59
59419 59
60246 59
64512 59
67159 59
68222 59
69000 59
69795 59
69851 59
70451 59
74660 59
75105 59
75225 59
75599 59
76520 59
76579 59
77169 59
77542 59
78223 59
79218 59
81412 59
84389 59
85347 59
85549 59
85964 59
86569 59
91920 59
92117 59
92955 59
93611 59
94138 59
94901 59
169695 59
174952 59
177956 59
184843 59
188621 59
193444 59
208649 59
213958 59
24177 59
30496 59
40794 59
47474 59
67958 59
77779 59
189773 58
5525 58
34702 58
41599 58
52829 58
63855 58
79906 58
170485 58
171769 58
179986 58
191549 58
208534 58
217830 58
222276 58
225122 58
227197 58
13350 58
40262 58
60370 58
73601 58
152081 58
165120 58
983 58
12790 58
20841 58
22161 58
22617 58
23715 58
24588 58
25489 58
27083 58
31554 58
31648 58
32055 58
33047 58
33843 58
38561 58
40281 58
42350 58
44889 58
45327 58
46125 58
46405 58
47022 58
47240 58
50197 58
51106 58
54603 58
56054 58
59268 58
59503 58
59816 58
60284 58
60779 58
62153 58
62427 58
63966 58
64544 58
65310 58
69740 58
71531 58
72522 58
72871 58
73164 58
75916 58
77772 58
78887 58
82283 58
83192 58
87259 58
87896 58
89121 58
90983 58
92234 58
92357 58
92600 58
92791 58
93139 58
95231 58
156876 58
170162 58
171001 58
174763 58
179213 58
180308 58
181729 58
183788 58
185515 58
185952 58
190321 58
198639 58
200748 58
208901 58
214050 58
215138 58
219597 58
220775 58
222556 58
225368 58
225476 58
239134 58
245146 58
72967 58
75355 58
14451 58
16948 58
31573 58
36404 58
43277 58
47751 58
55961 58
56085 58
56758 58
58937 58
65969 58
67107 58
70410 58
72291 58
72704 58
76404 58
77402 58
77927 58
78070 58
84527 58
86685 58
87175 58
88507 58
89767 58
90204 58
153799 58
156990 58
160844 58
161705 58
164548 58
166474 58
170185 58
172394 58
173280 58
173838 58
177072 58
177240 58
180914 58
181985 58
183437 58
184105 58
187530 58
188130 58
188277 58
191317 58
192110 58
193351 58
195246 58
199858 58
201698 58
202667 58
205639 58
207795 58
210112 58
211009 58
211381 58
218270 58
221479 58
229240 58
230127 58
230802 58
234731 58
239217 58
246280 58
22710 58
8216 58
14391 58
39575 58
46807 58
54574 58
58618 58
174966 58
180871 58
211924 58
230740 58
242113 58
36194 58
40259 58
50068 58
201823 58
11138 57
12892 57
15637 57
19299 57
20526 57
24294 57
25579 57
33255 57
34913 57
35233 57
36570 57
38156 57
38752 57
45694 57
45730 57
50546 57
51293 57
52330 57
52609 57
52843 57
53447 57
53503 57
53534 57
53681 57
55461 57
56466 57
57212 57
59166 57
60571 57
62555 57
62847 57
62878 57
62890 57
63642 57
64426 57
64699 57
65688 57
65767 57
65916 57
66008 57
66549 57
67127 57
67365 57
67970 57
68612 57
69941 57
71167 57
71357 57
71623 57
72296 57
72722 57
74342 57
74628 57
74654 57
74791 57
76664 57
78817 57
79068 57
79225 57
81009 57
81472 57
81913 57
82328 57
83418 57
83582 57
83709 57
85667 57
86082 57
87801 57
88606 57
88616 57
88873 57
89201 57
89443 57
89492 57
89519 57
90479 57
90938 57
91107 57
91494 57
91781 57
92821 57
93676 57
93861 57
94115 57
94721 57
95858 57
148526 57
151415 57
151901 57
153310 57
154102 57
155261 57
155277 57
155606 57
157061 57
158139 57
159409 57
160329 57
162057 57
162856 57
163025 57
163626 57
165376 57
165853 57
167393 57
167933 57
168245 57
172231 57
173735 57
174309 57
174709 57
175030 57
175066 57
178005 57
178350 57
178532 57
178686 57
179587 57
181343 57
181362 57
185741 57
186491 57
187641 57
187655 57
189075 57
189801 57
189817 57
190193 57
190311 57
190421 57
191263 57
191929 57
193208 57
193663 57
195422 57
195487 57
196900 57
197407 57
197500 57
198934 57
202964 57
204039 57
209260 57
209552 57
210092 57
210172 57
210198 57
211119 57
211125 57
214447 57
215023 57
215956 57
218667 57
220901 57
221956 57
223487 57
223582 57
223607 57
227018 57
227250 57
227609 57
227614 57
227885 57
229943 57
231351 57
232188 57
235133 57
235838 57
240656 57
241190 57
242127 57
243092 57
244101 57
244264 57
246385 57
46200 57
75905 57
83382 57
90341 57
149339 57
178251 57
181025 57
191349 57
199385 57
200642 57
209443 57
210010 57
223626 57
234271 57
234810 57
241531 57
246598 57
85056 57
17808 57
42387 57
54319 57
72367 57
91272 57
93646 57
162993 57
164545 57
182300 57
186050 57
189944 57
200822 57
204237 57
207290 57
209097 57
213681 57
220934 57
221372 57
231582 57
243453 57
6076 57
21303 57
21638 57
22138 57
25855 57
25913 57
37175 57
39368 57
49593 57
52100 57
53434 57
54356 57
54522 57
55135 57
55753 57
58924 57
59669 57
67371 57
72040 57
72648 57
74230 57
75282 57
75490 57
79353 57
80610 57
86611 57
87339 57
90256 57
90583 57
90865 57
91405 57
93648 57
94110 57
94847 57
158321 57
164296 57
165209 57
176342 57
183240 57
191166 57
197874 57
204099 57
218958 57
220867 57
69499 56
80551 56
41632 56
57027 56
60930 56
68288 56
70617 56
83797 56
89603 56
176170 56
15536 56
27369 56
42979 56
45986 56
53208 56
53516 56
55542 56
82370 56
148800 56
226088 56
228231 56
6023 56
11054 56
20426 56
25335 56
33409 56
36263 56
41770 56
43877 56
51943 56
53026 56
54249 56
58353 56
58529 56
58590 56
58940 56
59342 56
59955 56
61634 56
61972 56
73668 56
74332 56
74705 56
81625 56
82053 56
83850 56
83953 56
86460 56
87003 56
90537 56
92233 56
92588 56
159317 56
162423 56
165899 56
167818 56
183892 56
186382 56
193112 56
194988 56
195119 56
204942 56
207031 56
210505 56
227035 56
245449 56
19806 55
45717 55
49811 55
60615 55
60852 55
68883 55
73946 55
76878 55
79167 55
81477 55
82225 55
88121 55
94225 55
182252 55
182552 55
186401 55
196329 55
201608 55
209130 55
240425 55
246657 55
9955 55
31250 55
16344 55
31746 55
36364 55
42504 55
43379 55
47687 55
53564 55
58316 55
67715 55
72486 55
73322 55
73374 55
73710 55
79445 55
80217 55
81115 55
82165 55
82866 55
85422 55
89823 55
91568 55
95354 55
148292 55
155389 55
155697 55
173840 55
176703 55
184092 55
186202 55
209745 55
210653 55
214769 55
215363 55
223303 55
224935 55
226817 55
227196 55
230284 55
2431 55
4214 55
8149 55
13700 55
21915 55
28291 55
32741 55
33365 55
33979 55
35257 55
39424 55
44523 55
47380 55
50734 55
56876 55
58024 55
58819 55
61106 55
65716 55
69264 55
73504 55
79248 55
79667 55
80064 55
81360 55
82320 55
83655 55
89729 55
221149 55
31422 55
72510 55
82942 55
156454 55
166663 55
166826 55
177902 55
181637 55
207536 55
209262 55
244967 55
5841 54
14805 54
20912 54
28903 54
29119 54
30943 54
37620 54
38279 54
43985 54
45856 54
45939 54
51279 54
53839 54
53884 54
58798 54
60081 54
61959 54
65159 54
67790 54
72140 54
73196 54
75347 54
77241 54
77461 54
79137 54
79755 54
80578 54
82157 54
83031 54
83658 54
85179 54
85768 54
90084 54
90137 54
91582 54
96007 54
149706 54
149851 54
149871 54
150342 54
152531 54
153254 54
153786 54
154152 54
154191 54
156184 54
157517 54
157945 54
157989 54
158275 54
159537 54
159677 54
162714 54
163069 54
163620 54
164213 54
164910 54
165010 54
165420 54
165812 54
166527 54
167673 54
168510 54
168552 54
169091 54
170658 54
172707 54
176570 54
177197 54
177308 54
177333 54
179223 54
180296 54
181410 54
181796 54
184229 54
186843 54
189201 54
190137 54
190565 54
190831 54
192232 54
193555 54
194707 54
195172 54
195510 54
200188 54
200679 54
203750 54
205300 54
206596 54
210902 54
211616 54
212069 54
213673 54
214010 54
214027 54
216170 54
216786 54
217696 54
219046 54
221916 54
223993 54
225053 54
226982 54
227161 54
227966 54
228353 54
229022 54
231875 54
233325 54
237065 54
240911 54
242471 54
243679 54
245135 54
17941 54
39538 54
40932 54
43329 54
43686 54
46452 54
47937 54
53975 54
60397 54
62158 54
77403 54
85770 54
9329 54
12362 54
26360 54
45907 54
49389 54
148409 54
148994 54
149181 54
149241 54
150889 54
150983 54
155486 54
169614 54
184050 54
186217 54
187316 54
189678 54
194209 54
201520 54
203491 54
206902 54
224976 54
242574 54
243563 54
245643 54
247286 54
4685 54
66187 54
69698 54
78860 54
229215 54
34750 53
39131 53
44633 53
51033 53
56647 53
59506 53
71174 53
75235 53
77006 53
78028 53
150949 53
233856 53
38404 53
40255 53
55463 53
58679 53
59200 53
60765 53
65830 53
72315 53
88293 53
91876 53
93136 53
94642 53
163119 53
182954 53
187142 53
194143 53
202524 53
216536 53
218533 53
225505 53
227335 53
25013 53
3120 53
4074 53
5322 53
7866 53
13269 53
14316 53
17183 53
19648 53
22197 53
23803 53
28544 53
29105 53
30523 53
33253 53
33378 53
34341 53
37835 53
38859 53
40550 53
40686 53
42332 53
42643 53
42968 53
43083 53
46070 53
46693 53
47637 53
47885 53
48069 53
49131 53
50413 53
50510 53
51879 53
52726 53
53611 53
56145 53
57322 53
58824 53
59026 53
60909 53
61471 53
63859 53
64183 53
64958 53
65136 53
65360 53
65510 53
71720 53
72220 53
74413 53
78301 53
78347 53
79937 53
80115 53
80980 53
81828 53
83668 53
85383 53
87652 53
88694 53
91854 53
92991 53
97025 53
149191 53
149661 53
186758 53
216387 53
218448 53
16396 53
16927 53
21157 53
36498 53
58208 53
63048 53
65499 53
68377 53
77966 53
91435 53
92121 53
92867 53
154849 53
155659 53
164553 53
170905 53
176498 53
183146 53
186886 53
197866 53
216382 53
220493 53
222610 53
224437 53
226129 53
244941 53
43936 52
82688 52
90856 52
94757 52
208522 52
21283 52
230613 52
19483 52
21720 52
22198 52
37026 52
51446 52
54645 52
61200 52
63639 52
65809 52
69073 52
77038 52
78781 52
90283 52
148472 52
160843 52
175018 52
176222 52
182666 52
186043 52
203310 52
206090 52
209938 52
219626 52
220962 52
237232 52
242892 52
53569 52
84357 52
243797 52
32639 52
38203 52
39010 52
40457 52
44361 52
54427 52
60609 52
93504 52
94534 52
95845 52
21677 51
26913 51
66975 51
86563 51
12014 51
18372 51
31889 51
42925 51
46875 51
53555 51
55905 51
57272 51
61140 51
61331 51
63664 51
68653 51
74676 51
77095 51
79528 51
81658 51
82878 51
84237 51
88882 51
97981 51
100283 51
148737 51
150512 51
151102 51
151545 51
151612 51
152141 51
152219 51
153825 51
155984 51
156453 51
161102 51
161690 51
163430 51
166230 51
167852 51
171313 51
173817 51
181223 51
183642 51
185053 51
187089 51
190413 51
190764 51
197490 51
198591 51
199936 51
201576 51
202405 51
205862 51
207157 51
208054 51
211987 51
231557 51
235333 51
240676 51
240865 51
241119 51
245748 51
36074 51
60772 51
26833 51
32019 51
40140 51
41383 51
42924 51
45777 51
49440 51
57019 51
60381 51
67494 51
77492 51
80373 51
87732 51
88689 51
89602 51
92859 51
95407 51
154249 51
156293 51
159868 51
160933 51
163355 51
168833 51
178913 51
180355 51
182613 51
189030 51
202383 51
209820 51
211557 51
232049 51
233684 51
1127 51
3610 51
5771 51
6939 51
7237 51
8654 51
9187 51
9489 51
9957 51
10508 51
10809 51
10915 51
11922 51
12111 51
12532 51
13304 51
13417 51
13599 51
13703 51
14305 51
15182 51
15835 51
15929 51
15939 51
16125 51
16193 51
16584 51
16634 51
17013 51
17811 51
18672 51
18800 51
19023 51
19944 51
20137 51
20549 51
21856 51
22007 51
22018 51
22059 51
22479 51
22601 51
24462 51
24474 51
24724 51
24981 51
25098 51
25305 51
25312 51
25484 51
25612 51
25656 51
25994 51
26133 51
26210 51
26233 51
26419 51
27861 51
28009 51
28127 51
29005 51
29355 51
29467 51
29630 51
29641 51
29945 51
30193 51
30258 51
30611 51
30631 51
30896 51
31261 51
31379 51
31475 51
31507 51
31517 51
31662 51
31672 51
31876 51
32297 51
32488 51
32677 51
32937 51
33262 51
33282 51
33347 51
33446 51
33801 51
33813 51
33815 51
33833 51
33859 51
33984 51
34435 51
34497 51
34654 51
34683 51
35252 51
35290 51
35451 51
35818 51
36048 51
36202 51
36326 51
36836 51
36973 51
37696 51
38046 51
38169 51
38270 51
38417 51
38468 51
38569 51
38635 51
38653 51
38809 51
39165 51
39271 51
39280 51
39480 51
39532 51
39556 51
39665 51
39889 51
39932 51
40060 51
40154 51
40416 51
40524 51
40647 51
40722 51
40936 51
40938 51
41044 51
41310 51
41356 51
41472 51
41612 51
41888 51
41941 51
42305 51
42400 51
42671 51
43394 51
43571 51
44872 51
44884 51
45638 51
45947 51
46020 51
46069 51
46173 51
46354 51
46464 51
46473 51
46519 51
46749 51
46759 51
47131 51
47192 51
47390 51
47597 51
47729 51
47934 51
48067 51
48354 51
48375 51
48435 51
48714 51
49014 51
49115 51
49439 51
49556 51
49607 51
49692 51
49780 51
50075 51
50232 51
50375 51
50675 51
50687 51
50747 51
50962 51
51094 51
51097 51
51152 51
51256 51
51492 51
51493 51
51581 51
51749 51
52106 51
52204 51
52302 51
52418 51
52649 51
52718 51
53271 51
53365 51
53521 51
53621 51
53636 51
53654 51
53801 51
53812 51
53815 51
53825 51
53909 51
53960 51
54393 51
54580 51
54590 51
54630 51
54649 51
54657 51
54980 51
55106 51
55426 51
55446 51
55525 51
55578 51
55659 51
55790 51
55836 51
55967 51
56104 51
56115 51
56244 51
56463 51
56789 51
57005 51
57945 51
58046 51
58336 51
58559 51
58584 51
58657 51
58830 51
59646 51
59718 51
59773 51
59796 51
60433 51
60656 51
60801 51
61037 51
61059 51
61702 51
61762 51
62329 51
62553 51
62694 51
62872 51
63209 51
63223 51
63344 51
63359 51
63580 51
63810 51
63852 51
63868 51
63874 51
63919 51
63923 51
64049 51
64227 51
64270 51
64344 51
64560 51
64661 51
64904 51
65058 51
65235 51
65368 51
65472 51
65509 51
65768 51
65959 51
66167 51
66185 51
66204 51
66270 51
66657 51
66811 51
67285 51
67364 51
67445 51
67605 51
67649 51
67834 51
67898 51
68243 51
68259 51
68346 51
68403 51
68586 51
68950 51
68964 51
69245 51
69334 51
69436 51
69471 51
69525 51
69606 51
69654 51
69876 51
69968 51
70310 51
70321 51
70347 51
70393 51
70886 51
71052 51
71062 51
71092 51
71238 51
71267 51
71316 51
71353 51
71391 51
71447 51
72134 51
72203 51
72483 51
72575 51
72583 51
72908 51
73140 51
73416 51
73421 51
73427 51
73472 51
73924 51
73974 51
74067 51
74147 51
74163 51
74328 51
74381 51
74885 51
74908 51
75037 51
75165 51
75179 51
75471 51
75659 51
75858 51
75987 51
76130 51
76149 51
76164 51
76427 51
76597 51
76644 51
76658 51
76734 51
76751 51
76795 51
77039 51
77134 51
77149 51
77446 51
77588 51
77612 51
77653 51
77945 51
78338 51
78453 51
78777 51
79623 51
79756 51
79757 51
79854 51
79858 51
79949 51
80108 51
80353 51
80443 51
80733 51
80789 51
80801 51
80949 51
80990 51
81276 51
81671 51
81680 51
81805 51
82311 51
82802 51
83105 51
83217 51
83332 51
83440 51
83465 51
83906 51
84005 51
84055 51
84362 51
84426 51
84450 51
84815 51
84878 51
84895 51
84914 51
84954 51
85040 51
85320 51
85373 51
85406 51
85674 51
85812 51
85982 51
86043 51
86201 51
86355 51
86394 51
86724 51
86836 51
87208 51
87668 51
87785 51
87791 51
87870 51
87984 51
88003 51
88053 51
88186 51
88597 51
88623 51
88833 51
88931 51
89117 51
89225 51
89386 51
89398 51
89399 51
89458 51
89469 51
89506 51
89634 51
89988 51
90478 51
90546 51
90738 51
90789 51
90843 51
90957 51
91053 51
91246 51
91279 51
91357 51
91531 51
91550 51
91801 51
91943 51
91992 51
92111 51
92188 51
92524 51
92689 51
92739 51
92813 51
93201 51
93390 51
93414 51
93474 51
93572 51
93597 51
93743 51
93890 51
93978 51
94040 51
94049 51
94081 51
94308 51
94569 51
94610 51
95328 51
95507 51
95594 51
95901 51
96024 51
96127 51
96181 51
96184 51
96214 51
96237 51
96435 51
96468 51
96543 51
96553 51
96736 51
96789 51
96897 51
97121 51
97238 51
97324 51
97628 51
98037 51
98207 51
98274 51
98276 51
98279 51
98298 51
98874 51
99445 51
99460 51
99492 51
99580 51
100544 51
100598 51
100603 51
100650 51
100730 51
101885 51
101973 51
102112 51
103715 51
103741 51
103793 51
103864 51
104027 51
104201 51
104601 51
104752 51
108707 51
108759 51
109276 51
109798 51
110393 51
110612 51
110722 51
111337 51
111701 51
111892 51
113952 51
115316 51
117042 51
117537 51
117721 51
117888 51
118948 51
131232 51
135925 51
143248 51
169742 51
182668 51
187933 51
196944 51
238257 51
24614 51
174843 51
176950 51
68376 50
148284 50
152755 50
221306 50
3666 50
8832 50
19991 50
21014 50
26494 50
28630 50
32702 50
35024 50
40424 50
44363 50
47964 50
48318 50
52568 50
52643 50
53395 50
54786 50
56989 50
59471 50
64968 50
68324 50
73124 50
73744 50
75422 50
76151 50
80223 50
83160 50
84541 50
86024 50
86039 50
87568 50
87706 50
91002 50
92368 50
93554 50
94211 50
94701 50
96317 50
148913 50
148980 50
211461 50
217289 50
243343 50
15008 50
68994 50
71023 50
73577 50
85280 50
89185 50
149385 50
165302 50
204481 50
216532 50
220861 50
237961 50
243844 50
186047 50
223170 50
6242 50
13052 50
14028 50
20831 50
22483 50
28614 50
41762 50
51230 50
68670 50
81963 50
82496 50
87729 50
90944 50
243418 50
2161 50
2672 50
9312 50
13659 50
18759 50
19360 50
34226 50
35857 50
37128 50
38354 50
38948 50
42540 50
44733 50
45624 50
46188 50
47556 50
49545 50
58014 50
58245 50
66242 50
70186 50
73900 50
74131 50
75222 50
79524 50
80379 50
86308 50
87238 50
87624 50
148334 50
151311 50
235190 50
18478 49
37815 49
149099 49
160823 49
162114 49
175566 49
179269 49
205475 49
213235 49
220940 49
224526 49
227427 49
236811 49
244927 49
5636 49
16514 49
51750 49
63076 49
84609 49
87447 49
32256 49
34962 49
62501 49
149767 49
223884 49
10801 49
22843 49
28128 49
29747 49
48146 49
69168 49
88224 49
89768 49
14716 49
15677 49
16180 49
55359 49
57511 49
60914 49
73638 49
81394 49
165947 49
39790 49
45109 49
46240 49
61757 49
148293 49
148397 49
156103 49
157732 49
164433 49
171401 49
175930 49
178773 49
180479 49
180664 49
181537 49
201143 49
203849 49
208207 49
210322 49
212167 49
216937 49
216992 49
39916 49
75340 49
77143 49
1491 48
2635 48
3076 48
3685 48
3872 48
4753 48
4857 48
7293 48
9507 48
10127 48
12508 48
13360 48
13420 48
13489 48
13941 48
15101 48
15140 48
15643 48
15798 48
15908 48
15976 48
16600 48
16907 48
17115 48
17452 48
18635 48
18822 48
19098 48
20936 48
22361 48
22488 48
22647 48
22683 48
22760 48
23178 48
23545 48
24620 48
25935 48
26822 48
26914 48
27215 48
27881 48
28270 48
28749 48
29049 48
29356 48
30853 48
30956 48
31014 48
31417 48
31798 48
32514 48
32535 48
32574 48
32991 48
33084 48
33551 48
33600 48
33823 48
34072 48
34571 48
35066 48
35202 48
35738 48
35952 48
35961 48
37598 48
38064 48
38546 48
38883 48
39206 48
39517 48
39608 48
39630 48
39826 48
40033 48
40806 48
40867 48
41068 48
41146 48
41752 48
41923 48
42287 48
42633 48
43300 48
43537 48
44144 48
44248 48
44652 48
44680 48
45891 48
46276 48
46413 48
46514 48
46552 48
46698 48
47014 48
47050 48
47054 48
47515 48
47825 48
47881 48
48211 48
48641 48
48857 48
49038 48
49093 48
49136 48
49141 48
49408 48
49812 48
50646 48
50746 48
50748 48
50870 48
50979 48
51114 48
51281 48
51759 48
51780 48
52127 48
52210 48
52748 48
52762 48
53353 48
53474 48
54070 48
54320 48
54552 48
54617 48
54951 48
54999 48
55324 48
55648 48
55675 48
56021 48
56174 48
56599 48
56815 48
56906 48
57286 48
57669 48
57938 48
58281 48
58527 48
58619 48
59038 48
59345 48
59528 48
59544 48
59747 48
60238 48
60725 48
60948 48
61087 48
61292 48
61317 48
61524 48
61526 48
61572 48
61577 48
61860 48
62014 48
62373 48
63069 48
63082 48
63127 48
63233 48
63272 48
63403 48
63497 48
63566 48
64215 48
64443 48
64677 48
64784 48
65161 48
65176 48
65776 48
66271 48
66276 48
66359 48
66429 48
66620 48
66718 48
66810 48
66817 48
66844 48
67082 48
67087 48
67455 48
67492 48
67907 48
68196 48
68404 48
68524 48
68667 48
68708 48
68713 48
68903 48
68904 48
69172 48
69260 48
69317 48
69363 48
69545 48
69550 48
69711 48
69837 48
69996 48
70038 48
70063 48
70286 48
70570 48
70652 48
70668 48
70719 48
70973 48
71227 48
71340 48
71398 48
71465 48
71618 48
71658 48
71665 48
71794 48
71830 48
72073 48
72200 48
72208 48
72719 48
72884 48
72903 48
73341 48
73343 48
73435 48
73607 48
73645 48
73943 48
74021 48
74132 48
74229 48
74331 48
74578 48
74640 48
74709 48
74840 48
74899 48
75153 48
75338 48
75500 48
75893 48
76120 48
76155 48
76174 48
76275 48
76385 48
76456 48
76477 48
76523 48
76620 48
76660 48
76704 48
76790 48
77001 48
77194 48
77297 48
77473 48
77514 48
77687 48
77777 48
77845 48
78008 48
78094 48
78158 48
78188 48
78202 48
78315 48
78550 48
78839 48
79084 48
79254 48
79256 48
79330 48
79448 48
79616 48
79646 48
79682 48
79791 48
79808 48
79824 48
79876 48
80011 48
80020 48
80175 48
80449 48
80500 48
80865 48
80882 48
81035 48
81134 48
81451 48
81558 48
81663 48
81933 48
81941 48
82102 48
82325 48
82349 48
82410 48
82638 48
82663 48
82738 48
82777 48
82891 48
83036 48
83071 48
83164 48
83166 48
83202 48
83298 48
83356 48
83661 48
83872 48
83905 48
83998 48
84218 48
84754 48
85046 48
85131 48
85141 48
85537 48
85946 48
86031 48
86107 48
86162 48
86278 48
86313 48
86683 48
86796 48
86928 48
86944 48
86950 48
87085 48
87141 48
87178 48
87234 48
87248 48
87365 48
87368 48
87544 48
87560 48
87676 48
87742 48
87850 48
87958 48
88025 48
88217 48
88579 48
88650 48
88865 48
89075 48
89332 48
89372 48
89544 48
89688 48
89735 48
89820 48
89913 48
90404 48
90414 48
90428 48
90433 48
90458 48
90564 48
91160 48
91398 48
91542 48
91853 48
92024 48
92236 48
92365 48
92377 48
92420 48
92858 48
93074 48
93092 48
93111 48
93196 48
93475 48
93558 48
93604 48
93759 48
93901 48
93923 48
93937 48
94176 48
94201 48
94313 48
94455 48
94483 48
94652 48
94680 48
94864 48
94881 48
94958 48
95012 48
95067 48
95248 48
95295 48
95412 48
95664 48
96412 48
102932 48
148543 48
148892 48
149177 48
149409 48
149421 48
149537 48
149717 48
150214 48
150272 48
150571 48
150581 48
150670 48
151753 48
152299 48
152501 48
152510 48
152859 48
154510 48
154599 48
155360 48
155808 48
156864 48
156866 48
157290 48
157363 48
159922 48
160733 48
160856 48
161934 48
162626 48
162695 48
162991 48
163239 48
163557 48
163758 48
163780 48
163989 48
164480 48
165286 48
165959 48
166140 48
168347 48
169319 48
169980 48
170103 48
170363 48
170687 48
171033 48
171237 48
171309 48
171397 48
171436 48
171961 48
172011 48
172020 48
172592 48
172823 48
173020 48
173585 48
174158 48
174364 48
174481 48
174718 48
175302 48
175663 48
176153 48
176334 48
176547 48
176565 48
176662 48
176685 48
176925 48
176943 48
177325 48
177569 48
178196 48
178696 48
179294 48
179442 48
179488 48
179724 48
180573 48
181880 48
182413 48
182594 48
182675 48
183263 48
183660 48
184681 48
185533 48
185814 48
186498 48
186978 48
187375 48
187957 48
188475 48
188495 48
189460 48
190451 48
190607 48
190699 48
191902 48
191996 48
192800 48
192891 48
193031 48
193121 48
193181 48
193660 48
194827 48
194830 48
195133 48
196086 48
196177 48
196323 48
196505 48
196931 48
197613 48
198587 48
199241 48
199321 48
199442 48
199874 48
200494 48
201300 48
201683 48
201888 48
204366 48
205001 48
205035 48
207025 48
207357 48
207907 48
208084 48
209052 48
209683 48
209792 48
210508 48
210994 48
212236 48
212553 48
212747 48
212998 48
213211 48
213295 48
213662 48
213929 48
214067 48
214372 48
214479 48
215244 48
215273 48
215459 48
215524 48
216602 48
216709 48
216789 48
216825 48
217682 48
218191 48
218917 48
219039 48
219047 48
219557 48
219678 48
220622 48
221088 48
221125 48
221477 48
221995 48
222007 48
222045 48
223122 48
223384 48
225013 48
225830 48
226971 48
227188 48
227553 48
227822 48
227839 48
227930 48
228332 48
228620 48
228771 48
229432 48
229829 48
231156 48
231622 48
231867 48
231937 48
232178 48
232952 48
233285 48
233454 48
233594 48
234044 48
234172 48
234435 48
234896 48
235311 48
237057 48
237396 48
237610 48
237636 48
238099 48
238541 48
239285 48
239690 48
239780 48
240559 48
240826 48
241783 48
241945 48
242059 48
242677 48
242738 48
242796 48
243219 48
244468 48
246154 48
246305 48
246402 48
246753 48
11997 48
13465 48
36824 48
39819 48
47448 48
49629 48
81307 48
82835 48
96804 48
21984 48
25414 48
25541 48
28912 48
32101 48
32173 48
40880 48
40981 48
41948 48
42376 48
44050 48
47695 48
48246 48
53819 48
64580 48
66807 48
68058 48
69957 48
71723 48
71976 48
72125 48
72192 48
74476 48
74514 48
74535 48
76230 48
77709 48
77783 48
83533 48
84485 48
85502 48
91252 48
93315 48
93351 48
148471 48
151023 48
151041 48
152758 48
156865 48
163199 48
163346 48
163782 48
164347 48
174608 48
176366 48
180098 48
180251 48
181286 48
184106 48
184397 48
185086 48
187948 48
190208 48
192535 48
193135 48
193352 48
194949 48
196271 48
196887 48
197095 48
197862 48
200896 48
202154 48
205235 48
205678 48
206642 48
206794 48
210195 48
210224 48
211406 48
211743 48
212379 48
216215 48
218785 48
220198 48
221048 48
221348 48
223380 48
225426 48
227580 48
227648 48
228885 48
233519 48
234937 48
235199 48
235249 48
237426 48
238777 48
241079 48
245383 48
47648 48
66376 48
83647 48
14904 48
21839 48
30082 48
53392 48
54960 48
58367 48
63491 48
65108 48
66084 48
69611 48
72779 48
75269 48
76329 48
82270 48
84017 48
90087 48
96743 48
149302 48
151367 48
151522 48
154134 48
157333 48
159763 48
161089 48
161589 48
164181 48
169259 48
169535 48
171233 48
177235 48
180938 48
183534 48
184565 48
189293 48
191658 48
194984 48
198537 48
201589 48
212815 48
217109 48
222426 48
224511 48
224624 48
225068 48
235582 48
236230 48
237390 48
244127 48
246636 48
30110 48
34279 48
16660 48
17475 48
49193 48
50496 48
53548 48
57800 48
64905 48
65617 48
66011 48
70443 48
73437 48
73550 48
73792 48
75791 48
86183 48
87507 48
148299 48
149446 48
183576 48
189351 48
201241 48
203387 48
211986 48
212218 48
220711 48
222793 48
226538 48
230084 48
234877 48
241249 48
241867 48
243445 48
246446 48
18010 47
34187 47
65366 47
66999 47
83344 47
92621 47
151674 47
156462 47
170020 47
173089 47
177445 47
180667 47
182843 47
206484 47
212002 47
217193 47
219232 47
222541 47
231459 47
238028 47
241666 47
241731 47
1383 46
2165 46
9335 46
11104 46
15311 46
16571 46
17139 46
17376 46
18940 46
19614 46
22658 46
22813 46
22860 46
31081 46
33628 46
34769 46
35389 46
35788 46
38875 46
42362 46
42779 46
47082 46
47183 46
47566 46
48235 46
49004 46
49961 46
50849 46
52731 46
54143 46
54746 46
55353 46
55439 46
57479 46
62264 46
62268 46
64028 46
65226 46
65728 46
68569 46
71421 46
72445 46
73051 46
75568 46
76462 46
76867 46
77338 46
79774 46
83712 46
85561 46
87241 46
89916 46
90106 46
93812 46
93970 46
93986 46
94038 46
94827 46
95179 46
95529 46
96032 46
152054 46
182359 46
185501 46
228326 46
228658 46
230501 46
7893 46
11608 46
67223 46
148357 46
157681 46
161221 46
164241 46
166722 46
172567 46
178389 46
179286 46
180572 46
188491 46
199683 46
209416 46
213077 46
214718 46
217476 46
236595 46
51573 46
8408 46
13803 46
19250 46
20945 46
21981 46
25049 46
26279 46
28825 46
28939 46
33163 46
33176 46
42044 46
44126 46
45915 46
48954 46
48988 46
49135 46
50941 46
53597 46
55397 46
57428 46
57466 46
58683 46
58886 46
59534 46
59592 46
60520 46
61462 46
65349 46
65796 46
67982 46
68084 46
68175 46
70041 46
71239 46
71661 46
72678 46
75073 46
76035 46
77674 46
79672 46
80389 46
82109 46
83368 46
83676 46
84966 46
85071 46
85073 46
85590 46
88863 46
90577 46
91849 46
93938 46
94059 46
148366 46
149469 46
149712 46
159115 46
160819 46
161592 46
163512 46
165165 46
166406 46
167624 46
168241 46
170437 46
175898 46
175975 46
176361 46
178001 46
180726 46
182274 46
183163 46
183802 46
185222 46
185861 46
186737 46
190711 46
191498 46
195695 46
196710 46
197558 46
198209 46
201480 46
201996 46
203778 46
207110 46
208266 46
211321 46
212779 46
214080 46
214714 46
224438 46
226163 46
226408 46
226927 46
236131 46
237438 46
246522 46
19812 46
36747 46
48764 46
50279 46
95196 46
153393 46
162998 46
165049 46
173116 46
178840 46
182756 46
194273 46
195888 46
212753 46
224283 46
229280 46
236518 46
13018 45
15791 45
16578 45
17428 45
17984 45
19164 45
19625 45
23463 45
23625 45
24825 45
25683 45
25916 45
25934 45
26330 45
29061 45
31934 45
32578 45
34796 45
37110 45
37209 45
38037 45
38163 45
38748 45
38790 45
39115 45
40202 45
42456 45
42710 45
43055 45
44445 45
45504 45
45813 45
46626 45
48198 45
48472 45
48824 45
49109 45
49603 45
50806 45
51614 45
51892 45
52506 45
53700 45
53899 45
55762 45
56160 45
57136 45
59099 45
59983 45
61057 45
62192 45
62704 45
63590 45
64516 45
64874 45
65383 45
68865 45
69589 45
69991 45
71132 45
71774 45
72283 45
72420 45
72830 45
73067 45
74334 45
76306 45
83177 45
83529 45
83584 45
83794 45
84116 45
84683 45
85041 45
85273 45
87072 45
88195 45
88967 45
89010 45
89449 45
89483 45
89881 45
90285 45
90596 45
92369 45
92468 45
92862 45
93600 45
93654 45
97250 45
148569 45
148691 45
149443 45
150243 45
151245 45
151582 45
152468 45
153646 45
154138 45
154749 45
155723 45
156133 45
156286 45
157168 45
157183 45
157617 45
158844 45
159751 45
160131 45
160519 45
160784 45
161284 45
162286 45
162488 45
163993 45
164311 45
165721 45
166248 45
166413 45
166561 45
166927 45
169086 45
170566 45
170661 45
171047 45
171945 45
173741 45
173759 45
174256 45
174415 45
176681 45
177195 45
177524 45
178467 45
179419 45
180673 45
180677 45
181876 45
184160 45
184896 45
185429 45
185662 45
185688 45
187982 45
190839 45
190995 45
192092 45
192725 45
196045 45
198037 45
198246 45
200099 45
200470 45
201149 45
201239 45
202813 45
202844 45
203113 45
203759 45
205386 45
205709 45
206096 45
208672 45
208691 45
208860 45
208991 45
209523 45
210724 45
210894 45
212029 45
213081 45
213854 45
214848 45
215118 45
218750 45
219214 45
220680 45
221737 45
222214 45
222815 45
223106 45
225217 45
228564 45
228726 45
230432 45
232936 45
233111 45
233848 45
234392 45
234578 45
234764 45
239958 45
240165 45
240259 45
240463 45
240733 45
241158 45
242224 45
242531 45
243114 45
245003 45
245080 45
246241 45
246415 45
246719 45
10637 45
13010 45
15258 45
42755 45
43562 45
52572 45
54330 45
54803 45
77655 45
82986 45
90019 45
90930 45
92651 45
93992 45
94244 45
94821 45
103489 45
148514 45
149771 45
160562 45
160866 45
161117 45
161157 45
161490 45
169206 45
180832 45
186399 45
187125 45
187252 45
229983 45
230130 45
232870 45
233515 45
237629 45
246223 45
2317 45
2970 45
4872 45
5967 45
8819 45
9582 45
23196 45
25636 45
33261 45
33263 45
33634 45
37705 45
38044 45
42206 45
42278 45
42281 45
45544 45
46057 45
47856 45
50793 45
52267 45
53099 45
54827 45
60420 45
60972 45
61185 45
61269 45
62131 45
62537 45
63380 45
64641 45
66642 45
67651 45
68335 45
69344 45
70001 45
70485 45
70702 45
71620 45
71990 45
73725 45
74188 45
75396 45
76016 45
78228 45
80661 45
80720 45
80745 45
82260 45
82306 45
82693 45
86115 45
86462 45
87189 45
88670 45
91925 45
93177 45
93592 45
94696 45
94851 45
95044 45
96426 45
96669 45
148280 45
152650 45
195880 45
12800 44
25112 44
56256 44
59633 44
61824 44
67422 44
68649 44
69343 44
73245 44
74978 44
75341 44
89464 44
154230 44
190196 44
217730 44
242333 44
9756 44
10546 44
16596 44
28832 44
31835 44
33743 44
39694 44
45064 44
49328 44
49853 44
58734 44
59306 44
60496 44
64769 44
66016 44
68063 44
68398 44
68857 44
71113 44
75834 44
76141 44
77002 44
78892 44
82247 44
83594 44
86810 44
86953 44
92140 44
92999 44
93312 44
148314 44
148502 44
150175 44
157664 44
160757 44
171203 44
171801 44
173968 44
175142 44
181843 44
183890 44
192622 44
194156 44
197793 44
198330 44
208101 44
215379 44
216996 44
220752 44
224101 44
236473 44
236718 44
11741 43
19092 43
44165 43
58086 43
58088 43
59163 43
60255 43
62716 43
74350 43
77651 43
79097 43
79922 43
86340 43
87244 43
88278 43
94246 43
96822 43
159156 43
179104 43
192811 43
10117 43
13493 43
13583 43
20187 43
21797 43
24273 43
25046 43
27152 43
30609 43
30849 43
32355 43
36507 43
41371 43
51686 43
55381 43
56072 43
56527 43
58803 43
60556 43
62216 43
62954 43
63776 43
72775 43
77804 43
79907 43
83659 43
83898 43
89719 43
91916 43
91958 43
93393 43
93959 43
95593 43
148487 43
149054 43
149574 43
149901 43
160751 43
168690 43
169943 43
170528 43
173470 43
175672 43
178368 43
179802 43
181636 43
182825 43
182955 43
200260 43
207254 43
208512 43
218298 43
226394 43
235467 43
235840 43
17920 43
21171 43
22227 43
27679 43
27927 43
32349 43
32925 43
32930 43
34744 43
39362 43
39722 43
40606 43
43387 43
43876 43
45428 43
47233 43
48527 43
48967 43
49690 43
50274 43
50652 43
50741 43
52027 43
53925 43
55423 43
56291 43
57142 43
57248 43
59856 43
59871 43
60355 43
62380 43
64129 43
67797 43
67904 43
68410 43
69579 43
69810 43
69817 43
71621 43
72186 43
74550 43
75483 43
76226 43
77867 43
78720 43
78951 43
79199 43
80287 43
81185 43
81254 43
81459 43
81495 43
84060 43
84457 43
86274 43
87664 43
89945 43
89997 43
91763 43
94760 43
94946 43
95921 43
96202 43
168292 43
186920 43
230901 43
237419 43
5329 42
9829 42
15303 42
20251 42
20799 42
25802 42
28090 42
30612 42
38898 42
40076 42
40279 42
45280 42
46799 42
47436 42
48090 42
50168 42
54680 42
54685 42
55318 42
58069 42
61083 42
61096 42
63384 42
64245 42
64939 42
68432 42
68601 42
69043 42
74522 42
76552 42
77852 42
77908 42
79335 42
79391 42
80424 42
81001 42
81230 42
81265 42
82043 42
84955 42
84992 42
87054 42
87705 42
88039 42
88853 42
89249 42
91062 42
91576 42
91829 42
94273 42
95675 42
95709 42
97524 42
148318 42
148817 42
149273 42
149644 42
149984 42
150985 42
151096 42
153152 42
153693 42
153960 42
154233 42
155042 42
156663 42
157030 42
158916 42
159164 42
160014 42
161072 42
162376 42
163344 42
163575 42
163933 42
166034 42
167024 42
169602 42
169762 42
170596 42
171176 42
171276 42
171598 42
172141 42
172339 42
172659 42
174454 42
175476 42
176120 42
176294 42
178109 42
178220 42
180456 42
184148 42
184254 42
185847 42
186200 42
187205 42
187533 42
187697 42
187859 42
188242 42
188521 42
189264 42
191650 42
192790 42
193333 42
193867 42
194201 42
195519 42
196395 42
197871 42
198198 42
198628 42
201969 42
204686 42
204708 42
205339 42
205738 42
206589 42
210810 42
211230 42
213794 42
214476 42
214636 42
216675 42
218647 42
219354 42
219808 42
221225 42
225961 42
226623 42
226713 42
227394 42
227780 42
228361 42
228477 42
231600 42
231608 42
231933 42
232539 42
233182 42
234641 42
235728 42
236684 42
237707 42
240884 42
243013 42
244039 42
246235 42
4474 42
8741 42
18572 42
18962 42
23905 42
27663 42
29251 42
42725 42
52497 42
53726 42
54308 42
71444 42
74894 42
81709 42
85483 42
87053 42
89578 42
90229 42
91086 42
94345 42
96092 42
23765 42
36860 42
51496 42
67992 42
80995 42
191106 42
16945 41
22951 41
27094 41
50206 41
51959 41
54412 41
70300 41
70637 41
71998 41
83826 41
90811 41
93983 41
95509 41
186762 41
244022 41
15037 41
19702 41
28401 41
29024 41
43096 41
45755 41
46687 41
48186 41
49052 41
50972 41
55513 41
56189 41
57075 41
57216 41
57547 41
57850 41
58519 41
60686 41
64280 41
66918 41
68108 41
71669 41
72629 41
72683 41
75157 41
77175 41
84074 41
84366 41
87047 41
91678 41
93077 41
94742 41
148606 41
154337 41
154506 41
159071 41
164436 41
164643 41
179237 41
182323 41
184144 41
185604 41
185745 41
187581 41
191228 41
193775 41
199133 41
200304 41
203143 41
208683 41
211632 41
222889 41
233356 41
233434 41
241552 41
63602 41
67119 41
88494 41
169127 41
3211 41
6300 41
8133 41
8414 41
8766 41
9693 41
9795 41
10571 41
10704 41
11032 41
11276 41
11562 41
11588 41
11714 41
11867 41
12072 41
12302 41
12324 41
12522 41
12700 41
13036 41
14787 41
15022 41
15134 41
15138 41
15351 41
15779 41
15994 41
16264 41
16512 41
17069 41
17196 41
17586 41
17684 41
17725 41
17805 41
19771 41
19863 41
19904 41
19966 41
20276 41
20280 41
20350 41
20432 41
20521 41
20534 41
20577 41
21052 41
21129 41
21145 41
21519 41
21601 41
21743 41
21781 41
21795 41
21922 41
21958 41
22377 41
22691 41
23179 41
23840 41
24613 41
25007 41
25094 41
26120 41
26171 41
26393 41
26499 41
26528 41
26649 41
26839 41
27111 41
27678 41
27810 41
27985 41
28001 41
28135 41
28159 41
28322 41
28422 41
28605 41
28834 41
28865 41
28931 41
28955 41
29106 41
29490 41
29534 41
29570 41
29674 41
29710 41
29851 41
29930 41
30024 41
30080 41
30225 41
30286 41
30359 41
30531 41
30819 41
30826 41
30848 41
31123 41
31132 41
31223 41
31817 41
32064 41
32068 41
32363 41
32571 41
32664 41
32685 41
32753 41
32887 41
33203 41
33728 41
33766 41
33834 41
33965 41
34182 41
34266 41
34405 41
34676 41
34814 41
34821 41
34891 41
35121 41
35369 41
35439 41
35492 41
35509 41
35537 41
35856 41
36006 41
36111 41
36172 41
36238 41
36345 41
36428 41
36548 41
36717 41
36776 41
37255 41
37375 41
37466 41
37825 41
37868 41
37998 41
38133 41
38793 41
38919 41
39042 41
39146 41
39285 41
39385 41
39605 41
39667 41
39711 41
39800 41
40036 41
40322 41
40583 41
40645 41
40911 41
40977 41
41102 41
41172 41
42040 41
42341 41
42347 41
42364 41
42415 41
42591 41
42635 41
42638 41
42658 41
42694 41
42698 41
42829 41
42882 41
43131 41
43179 41
43730 41
43799 41
43960 41
44046 41
44146 41
44233 41
44260 41
44415 41
44709 41
44756 41
44768 41
44790 41
44915 41
45307 41
45489 41
45594 41
45606 41
45611 41
45693 41
45941 41
45953 41
46012 41
46077 41
46259 41
46263 41
46515 41
46576 41
46718 41
46727 41
46766 41
46818 41
46863 41
46888 41
46983 41
47101 41
47288 41
47311 41
47404 41
47742 41
47900 41
48007 41
48307 41
48592 41
48627 41
48795 41
48806 41
48896 41
48983 41
48987 41
49024 41
49207 41
49505 41
49570 41
49823 41
50171 41
50513 41
50635 41
50644 41
50681 41
50905 41
50916 41
50974 41
51035 41
51039 41
51758 41
52160 41
52189 41
52343 41
52364 41
52494 41
52596 41
52620 41
52654 41
52723 41
52865 41
52981 41
53073 41
53079 41
53200 41
53376 41
53441 41
53482 41
53508 41
53663 41
53745 41
54095 41
54201 41
54278 41
54305 41
54328 41
54452 41
54486 41
54768 41
54868 41
54911 41
55003 41
55193 41
55200 41
55216 41
55395 41
55811 41
55840 41
55899 41
56097 41
56165 41
56266 41
56787 41
56857 41
56867 41
56949 41
57120 41
57797 41
57820 41
57954 41
58209 41
58259 41
58464 41
58573 41
58805 41
58843 41
59067 41
59172 41
59181 41
59192 41
59284 41
59570 41
59574 41
59575 41
59641 41
59723 41
59971 41
59990 41
60148 41
60155 41
60384 41
60474 41
60508 41
60532 41
60629 41
60927 41
60950 41
61023 41
61085 41
61188 41
61279 41
61332 41
61832 41
61960 41
62007 41
62046 41
62222 41
62389 41
62407 41
62528 41
62655 41
62926 41
62972 41
63167 41
63277 41
63676 41
63770 41
63917 41
64067 41
64089 41
64184 41
64269 41
64575 41
65061 41
65118 41
65233 41
65276 41
65347 41
65355 41
65356 41
65410 41
65450 41
65524 41
66079 41
66138 41
66181 41
66759 41
66763 41
66821 41
66890 41
66971 41
67161 41
67238 41
67377 41
67526 41
67541 41
67573 41
67596 41
67810 41
67930 41
68031 41
68136 41
68189 41
68203 41
68237 41
68383 41
68495 41
68608 41
68631 41
68700 41
68731 41
68813 41
68844 41
68867 41
68919 41
69025 41
69114 41
69380 41
69383 41
69421 41
69587 41
69635 41
69761 41
69865 41
70059 41
70139 41
70148 41
70246 41
70378 41
70427 41
70646 41
70663 41
70791 41
71083 41
71091 41
71180 41
71283 41
71308 41
71381 41
71474 41
71537 41
71606 41
71634 41
71771 41
71796 41
71798 41
71861 41
71866 41
71918 41
72003 41
72009 41
72098 41
72337 41
72573 41
72589 41
72661 41
72680 41
73130 41
73279 41
73318 41
73323 41
73336 41
73375 41
73496 41
73634 41
73781 41
73807 41
74159 41
74222 41
74243 41
74385 41
74387 41
74598 41
74647 41
74852 41
75115 41
75193 41
75227 41
75449 41
75462 41
75504 41
75524 41
75545 41
75703 41
75809 41
75815 41
75882 41
76175 41
76338 41
76407 41
76970 41
77008 41
77091 41
77138 41
77316 41
77580 41
77602 41
77717 41
77792 41
78012 41
78248 41
78540 41
78695 41
78788 41
78859 41
78981 41
78992 41
79152 41
79316 41
79679 41
79690 41
79721 41
79881 41
79994 41
80154 41
80155 41
80411 41
80495 41
80742 41
80743 41
80800 41
80860 41
80960 41
81018 41
81029 41
81054 41
81175 41
81246 41
81296 41
81311 41
81422 41
81450 41
81503 41
81665 41
81858 41
81860 41
81910 41
81930 41
81939 41
82046 41
82355 41
82389 41
82390 41
82405 41
82479 41
82554 41
82800 41
82903 41
82938 41
83078 41
83131 41
83439 41
83455 41
83555 41
83572 41
83791 41
83921 41
84258 41
84272 41
84748 41
84775 41
84785 41
84824 41
84889 41
84901 41
85025 41
85227 41
85723 41
85935 41
86280 41
86366 41
86446 41
86654 41
86756 41
86846 41
86915 41
86957 41
87102 41
87109 41
87128 41
87278 41
87287 41
87351 41
87364 41
87393 41
87555 41
87599 41
87625 41
87719 41
87817 41
87899 41
88108 41
88150 41
88243 41
88518 41
88631 41
88669 41
88722 41
88834 41
88970 41
89118 41
89321 41
89368 41
89966 41
89979 41
90155 41
90351 41
90370 41
90650 41
91284 41
91344 41
91349 41
91350 41
91402 41
91455 41
91540 41
91547 41
91549 41
91623 41
91752 41
91895 41
91971 41
91981 41
92005 41
92022 41
92273 41
92566 41
92864 41
93212 41
93472 41
93515 41
93714 41
93729 41
93750 41
93882 41
93887 41
93942 41
94015 41
94126 41
94255 41
94290 41
94330 41
94348 41
94393 41
94883 41
95005 41
95038 41
95242 41
95260 41
95321 41
95343 41
95490 41
95620 41
95661 41
95710 41
95759 41
96102 41
96137 41
96146 41
96195 41
96229 41
96393 41
96440 41
96501 41
96606 41
96618 41
96628 41
96671 41
96746 41
96759 41
96844 41
96939 41
97018 41
97032 41
97038 41
97423 41
97427 41
97433 41
97446 41
97550 41
97622 41
97630 41
97632 41
97660 41
97722 41
97749 41
97817 41
97994 41
98142 41
98249 41
98261 41
98304 41
98405 41
98423 41
98608 41
98622 41
98634 41
98723 41
98742 41
98829 41
99128 41
99228 41
99443 41
99575 41
99842 41
100015 41
100553 41
100593 41
100928 41
101742 41
101878 41
102255 41
102413 41
102422 41
103717 41
103840 41
104071 41
104075 41
104127 41
104302 41
104548 41
104596 41
104773 41
105264 41
105384 41
108709 41
108735 41
109066 41
109145 41
109230 41
109293 41
109368 41
109381 41
109542 41
109706 41
109842 41
110172 41
110240 41
110334 41
110645 41
110646 41
110674 41
111060 41
111222 41
111773 41
112282 41
112441 41
112919 41
113239 41
113291 41
116763 41
116767 41
117386 41
117443 41
118739 41
118797 41
119808 41
120227 41
121471 41
122349 41
122480 41
122837 41
123181 41
130779 41
132016 41
132364 41
134358 41
137390 41
141022 41
141830 41
144644 41
145438 41
146343 41
148327 41
148414 41
148546 41
148652 41
148725 41
148726 41
148763 41
148878 41
149005 41
149167 41
149591 41
149967 41
149973 41
150048 41
150050 41
150203 41
150535 41
150631 41
150646 41
150727 41
150731 41
150810 41
150819 41
150868 41
150982 41
151019 41
151031 41
151273 41
151282 41
151396 41
151489 41
151546 41
151611 41
151839 41
151970 41
152030 41
152123 41
153120 41
153343 41
153589 41
153597 41
154375 41
154859 41
155157 41
155199 41
155720 41
156024 41
156156 41
156739 41
158344 41
158845 41
159075 41
159364 41
159612 41
159780 41
159928 41
160115 41
160878 41
160959 41
161484 41
161644 41
161890 41
161894 41
162571 41
164927 41
165936 41
166957 41
167325 41
168984 41
169213 41
169307 41
169819 41
170712 41
171704 41
172293 41
172484 41
173436 41
173518 41
173556 41
174961 41
175023 41
175129 41
175962 41
176541 41
177822 41
177918 41
178087 41
178169 41
178267 41
182062 41
183440 41
184134 41
185038 41
187990 41
189008 41
190157 41
190952 41
190953 41
191138 41
191158 41
191400 41
191712 41
193625 41
194280 41
196421 41
197300 41
198052 41
198430 41
203846 41
204005 41
209871 41
210344 41
214229 41
215782 41
218408 41
221323 41
222939 41
224268 41
226821 41
230275 41
234796 41
237464 41
238301 41
238866 41
244920 41
33477 40
34205 40
48590 40
48626 40
54611 40
56350 40
60036 40
61668 40
71284 40
72342 40
74463 40
74835 40
78178 40
82677 40
83221 40
86374 40
88265 40
95172 40
148290 40
148455 40
148500 40
154671 40
172306 40
178161 40
186360 40
196007 40
202824 40
215242 40
220338 40
232854 40
234362 40
234770 40
240947 40
241006 40
12424 40
17772 40
52681 40
58291 40
63402 40
65705 40
70424 40
71100 40
80731 40
93090 40
95156 40
96311 40
159213 40
163874 40
178976 40
2142 40
6317 40
9397 40
12255 40
15004 40
25889 40
26693 40
27772 40
28634 40
30648 40
30983 40
32623 40
37450 40
38085 40
40777 40
41488 40
41860 40
42663 40
46934 40
47349 40
50553 40
52230 40
54831 40
56122 40
57889 40
63400 40
63514 40
65781 40
66741 40
67626 40
72604 40
72841 40
77264 40
79433 40
82004 40
82050 40
83322 40
84334 40
88449 40
88571 40
88747 40
94043 40
1270 40
10645 40
22303 40
22549 40
37870 40
47981 40
49444 40
51568 40
65602 40
71077 40
71986 40
73650 40
76284 40
83926 40
87712 40
90964 40
95525 40
152202 40
158203 40
163272 40
164114 40
171753 40
176946 40
177426 40
179202 40
179403 40
180035 40
180560 40
183264 40
185285 40
193421 40
193446 40
197074 40
197144 40
203066 40
203241 40
220926 40
231076 40
233528 40
243965 40
11929 40
17160 40
20909 40
27859 40
32762 40
32885 40
38126 40
45296 40
59442 40
61606 40
65592 40
67896 40
73501 40
73995 40
74232 40
76648 40
77740 40
79811 40
81802 40
84298 40
88337 40
89167 40
90049 40
90450 40
90737 40
148279 40
150914 40
233583 40
3877 39
8458 39
21663 39
27761 39
35269 39
37418 39
38035 39
39000 39
41389 39
48655 39
50379 39
51073 39
60897 39
61487 39
64017 39
69337 39
70684 39
74307 39
76759 39
78952 39
82235 39
83514 39
95954 39
218644 39
9323 39
28373 39
30657 39
37189 39
38011 39
40015 39
48849 39
59741 39
60234 39
62242 39
71551 39
72230 39
73014 39
74620 39
75450 39
78734 39
82189 39
82192 39
95663 39
148534 39
168594 39
199550 39
27368 39
27801 39
30348 39
36768 39
36929 39
39862 39
44597 39
46907 39
49725 39
54984 39
55702 39
58043 39
61708 39
64361 39
67668 39
72231 39
72316 39
73940 39
76069 39
81068 39
82086 39
83370 39
84030 39
85316 39
89940 39
90481 39
91216 39
97596 39
98354 39
99840 39
148424 39
148778 39
149106 39
149501 39
150325 39
151696 39
152182 39
157348 39
158004 39
158679 39
161283 39
161586 39
164087 39
164426 39
164788 39
164985 39
165798 39
166596 39
167729 39
169100 39
169210 39
172131 39
172489 39
172585 39
175334 39
175926 39
175994 39
176472 39
176881 39
177483 39
178370 39
179716 39
185380 39
186728 39
192609 39
193315 39
193983 39
194838 39
195340 39
197465 39
197821 39
198067 39
200047 39
200332 39
201293 39
203745 39
205846 39
208477 39
210147 39
213566 39
214075 39
217592 39
219001 39
221319 39
222377 39
222750 39
226484 39
226911 39
229569 39
230983 39
231943 39
233549 39
233689 39
233861 39
235075 39
238691 39
240056 39
242287 39
242955 39
245618 39
42317 39
68923 39
82605 39
90323 39
234267 39
13313 39
15819 39
19999 39
21615 39
25904 39
28145 39
28383 39
29742 39
32056 39
32855 39
33044 39
36702 39
37362 39
39253 39
39584 39
41294 39
41523 39
41694 39
42013 39
43932 39
45599 39
50661 39
54606 39
58425 39
58441 39
60021 39
60371 39
62461 39
63346 39
64119 39
65245 39
65725 39
69553 39
69557 39
71543 39
71906 39
74664 39
75241 39
76716 39
77964 39
78958 39
79969 39
80588 39
80805 39
83805 39
88206 39
89021 39
89547 39
91012 39
92451 39
94824 39
148833 39
148962 39
150125 39
151430 39
152853 39
155432 39
155938 39
155973 39
157775 39
157858 39
157904 39
158240 39
158293 39
158310 39
161719 39
162580 39
164101 39
164372 39
165255 39
165782 39
166436 39
167224 39
170539 39
170956 39
171505 39
172608 39
173853 39
174030 39
174541 39
174677 39
175611 39
175801 39
180583 39
185277 39
186387 39
187041 39
187765 39
188109 39
188156 39
188803 39
189924 39
190170 39
190390 39
190986 39
192393 39
193728 39
196364 39
196480 39
197382 39
198360 39
198864 39
201039 39
202676 39
206258 39
206503 39
207104 39
209468 39
209958 39
210807 39
213738 39
213907 39
213949 39
213996 39
218517 39
219264 39
221777 39
224362 39
225255 39
225293 39
226134 39
226276 39
226377 39
226611 39
228257 39
229054 39
229237 39
230664 39
232782 39
232892 39
233790 39
234409 39
234426 39
234635 39
236034 39
236746 39
236882 39
237442 39
237715 39
239694 39
239809 39
240067 39
242043 39
242978 39
243004 39
243446 39
244414 39
244625 39
28737 38
152505 38
188129 38
198584 38
219055 38
21742 38
27615 38
69845 38
83193 38
88843 38
88944 38
153683 38
153931 38
23148 38
32063 38
48949 38
50337 38
51490 38
56477 38
59089 38
61304 38
62585 38
64217 38
65170 38
68216 38
85605 38
91378 38
148509 38
152355 38
159116 38
160960 38
161948 38
163691 38
170750 38
175211 38
175522 38
175951 38
178631 38
180496 38
185728 38
192506 38
195913 38
199131 38
203523 38
204941 38
206665 38
212016 38
231101 38
233143 38
233284 38
234092 38
242540 38
244309 38
246149 38
69694 38
69971 38
17990 37
51511 37
54204 37
57884 37
67389 37
68518 37
72973 37
77359 37
78532 37
82527 37
83753 37
89268 37
150117 37
151383 37
152611 37
153475 37
156606 37
161162 37
163627 37
173195 37
176058 37
179238 37
194452 37
207117 37
211708 37
230027 37
232182 37
233500 37
242969 37
245132 37
32527 37
52908 37
68087 37
71598 37
85627 37
91662 37
149997 37
169693 37
7951 37
8954 37
19607 37
28724 37
45945 37
51802 37
81772 37
85793 37
141878 37
148445 37
149413 37
163192 37
163407 37
164339 37
167103 37
172541 37
176428 37
178694 37
188419 37
200731 37
203981 37
207745 37
214625 37
226138 37
228631 37
234840 37
236120 37
240318 37
246503 37
2026 36
2245 36
2281 36
2650 36
4926 36
5884 36
6389 36
6882 36
7219 36
8278 36
8356 36
9429 36
9701 36
10991 36
11586 36
11945 36
12042 36
14407 36
14640 36
15126 36
15149 36
15172 36
15678 36
16013 36
16130 36
16326 36
16334 36
16831 36
17242 36
18339 36
18367 36
19399 36
19509 36
20324 36
20977 36
20997 36
21978 36
22554 36
22574 36
22638 36
23236 36
23292 36
23524 36
23634 36
23725 36
23992 36
24070 36
24421 36
25607 36
25861 36
26904 36
27131 36
27269 36
27441 36
27495 36
27541 36
27581 36
27956 36
28363 36
28376 36
28438 36
28540 36
30391 36
31078 36
31689 36
31981 36
32099 36
32285 36
32558 36
32706 36
32904 36
33588 36
33751 36
33888 36
33896 36
34479 36
35056 36
35113 36
35556 36
35565 36
35654 36
35926 36
35965 36
35986 36
36403 36
36779 36
37097 36
37511 36
37517 36
37571 36
37872 36
37921 36
37931 36
38295 36
39133 36
39181 36
39227 36
39772 36
39808 36
40165 36
40605 36
41732 36
42355 36
42541 36
42692 36
42915 36
42938 36
43091 36
43557 36
43940 36
44024 36
44508 36
44624 36
44636 36
44642 36
44885 36
45144 36
45282 36
45650 36
45716 36
45741 36
45758 36
45819 36
45872 36
46090 36
46145 36
46510 36
46528 36
46606 36
46644 36
46960 36
47273 36
47525 36
48013 36
48467 36
49130 36
49164 36
49354 36
49438 36
49589 36
49937 36
50059 36
50218 36
50408 36
50459 36
50497 36
50862 36
51052 36
51592 36
51620 36
51712 36
51960 36
51961 36
52078 36
52206 36
52335 36
52440 36
52482 36
52644 36
53193 36
53517 36
53524 36
53584 36
53828 36
53874 36
53885 36
53941 36
54401 36
54451 36
54550 36
54648 36
54702 36
54989 36
55182 36
55229 36
55399 36
55784 36
55808 36
55997 36
56102 36
56668 36
56851 36
57057 36
57094 36
57163 36
57170 36
57384 36
57453 36
57553 36
57627 36
57635 36
57714 36
57787 36
57868 36
58271 36
58314 36
58689 36
59155 36
59402 36
59455 36
59525 36
59795 36
59991 36
60078 36
60260 36
60409 36
60580 36
60659 36
60677 36
60758 36
61311 36
61392 36
61426 36
61455 36
61541 36
61997 36
62035 36
62237 36
62313 36
62376 36
62590 36
62660 36
62742 36
62976 36
63775 36
63814 36
63831 36
63833 36
63899 36
63994 36
64342 36
64398 36
64521 36
64694 36
64977 36
64993 36
65135 36
65240 36
65709 36
65730 36
65970 36
66026 36
66292 36
66468 36
66490 36
66521 36
66598 36
66602 36
66619 36
66689 36
66764 36
66808 36
66859 36
66963 36
66968 36
66993 36
67182 36
67195 36
67362 36
67363 36
67601 36
67805 36
67877 36
67999 36
68276 36
68444 36
68906 36
69201 36
69204 36
69455 36
69624 36
70057 36
70064 36
70111 36
70537 36
70751 36
71435 36
71484 36
71502 36
71546 36
71616 36
71722 36
71730 36
71843 36
71947 36
71978 36
71987 36
72029 36
72080 36
72177 36
72289 36
72297 36
72306 36
72429 36
72458 36
72497 36
72600 36
72798 36
72901 36
72971 36
72982 36
73123 36
73407 36
73580 36
73866 36
73888 36
73934 36
74167 36
74390 36
74478 36
74518 36
74561 36
74603 36
74792 36
74861 36
74871 36
74966 36
74968 36
75121 36
75195 36
75228 36
75313 36
75349 36
75727 36
76077 36
76766 36
76877 36
77069 36
77490 36
77529 36
77668 36
77733 36
77848 36
77856 36
78344 36
78731 36
78907 36
79264 36
79349 36
79431 36
79451 36
79477 36
79542 36
79556 36
79671 36
80068 36
80184 36
80197 36
80504 36
80559 36
80869 36
80883 36
81089 36
81237 36
81273 36
81397 36
81417 36
81431 36
81436 36
81526 36
81541 36
81706 36
81724 36
81766 36
81817 36
81903 36
81951 36
82008 36
82182 36
82226 36
82280 36
82378 36
82404 36
82609 36
82652 36
82724 36
82953 36
82957 36
82968 36
83143 36
83152 36
83158 36
83376 36
83511 36
83631 36
83693 36
83984 36
84059 36
84102 36
84245 36
84480 36
84508 36
84733 36
84800 36
84843 36
84952 36
85150 36
85184 36
85331 36
85376 36
85440 36
85531 36
85534 36
85556 36
85568 36
85653 36
85718 36
85753 36
85772 36
85800 36
85889 36
86093 36
86098 36
86175 36
86540 36
86573 36
86610 36
86687 36
86759 36
86788 36
86793 36
86896 36
86940 36
86981 36
87159 36
87361 36
87493 36
87538 36
87578 36
87678 36
87813 36
87835 36
88220 36
88288 36
88289 36
88303 36
88439 36
88532 36
88663 36
88883 36
88899 36
88951 36
88992 36
89157 36
89164 36
89175 36
89260 36
89276 36
89495 36
89677 36
89824 36
89878 36
89942 36
89978 36
90033 36
90119 36
90284 36
90358 36
90410 36
90554 36
90745 36
90814 36
90825 36
90866 36
91106 36
91254 36
91379 36
91453 36
91500 36
91560 36
91567 36
91631 36
91816 36
91955 36
92080 36
92093 36
92126 36
92321 36
92522 36
92959 36
93032 36
93041 36
93195 36
93581 36
93589 36
93598 36
93686 36
93726 36
93755 36
93760 36
93772 36
93875 36
93904 36
93909 36
93958 36
94092 36
94102 36
94155 36
94250 36
94294 36
94364 36
94579 36
94745 36
94755 36
94941 36
94973 36
94987 36
95194 36
95515 36
95534 36
95610 36
95951 36
96043 36
96350 36
96800 36
96816 36
97662 36
101156 36
101993 36
102905 36
148324 36
148336 36
148792 36
148942 36
149058 36
149451 36
149589 36
149640 36
149757 36
149863 36
150310 36
150661 36
151583 36
151677 36
151854 36
152268 36
152587 36
153004 36
153359 36
153593 36
153706 36
153775 36
153868 36
153966 36
154259 36
155311 36
155408 36
155487 36
155845 36
155953 36
156268 36
157041 36
157194 36
157875 36
157924 36
158062 36
158435 36
158677 36
159305 36
159548 36
159550 36
159883 36
160861 36
161171 36
161746 36
161760 36
162357 36
162619 36
162754 36
162804 36
162863 36
163106 36
163453 36
163589 36
163849 36
164020 36
164324 36
164397 36
164950 36
165024 36
165199 36
165375 36
165416 36
165708 36
166057 36
166212 36
166258 36
166546 36
166575 36
166692 36
167027 36
167138 36
167300 36
167421 36
167597 36
167926 36
168157 36
168165 36
168402 36
168691 36
169134 36
169479 36
170161 36
170169 36
170280 36
170768 36
170997 36
171017 36
171069 36
171354 36
171470 36
172023 36
172088 36
172267 36
172575 36
172812 36
172982 36
172993 36
173038 36
173584 36
173589 36
173776 36
173782 36
174159 36
175085 36
175668 36
176064 36
176178 36
176310 36
176364 36
176422 36
176480 36
176580 36
176644 36
176745 36
176844 36
176972 36
177039 36
177286 36
177287 36
177455 36
177583 36
178156 36
178163 36
178583 36
178734 36
178764 36
178920 36
179439 36
179666 36
180026 36
180202 36
180284 36
180746 36
181008 36
181353 36
181577 36
181643 36
181664 36
181872 36
181899 36
182259 36
182425 36
182551 36
182721 36
182920 36
183269 36
183372 36
183564 36
183920 36
184299 36
184482 36
184526 36
184734 36
185024 36
185272 36
185338 36
185622 36
185636 36
185878 36
186006 36
186257 36
186311 36
186361 36
186530 36
186767 36
186965 36
187024 36
187511 36
187546 36
187564 36
187638 36
188023 36
188040 36
188097 36
188202 36
188347 36
188428 36
188938 36
189050 36
189068 36
189299 36
189335 36
189387 36
189450 36
189515 36
189540 36
189682 36
189947 36
190268 36
190613 36
190684 36
190810 36
191071 36
191258 36
191267 36
191278 36
191385 36
191553 36
191563 36
192190 36
192193 36
192341 36
192365 36
192375 36
192410 36
192979 36
192987 36
192992 36
193131 36
193232 36
193246 36
193400 36
193465 36
193762 36
194053 36
194460 36
194545 36
194808 36
195010 36
195689 36
196079 36
196268 36
196386 36
196666 36
196940 36
196994 36
197012 36
197345 36
197379 36
197397 36
197579 36
197622 36
197687 36
198078 36
198125 36
198159 36
198418 36
198472 36
198603 36
198765 36
198778 36
199032 36
199975 36
200143 36
200252 36
200841 36
200899 36
201056 36
201728 36
201875 36
202145 36
202162 36
202934 36
203351 36
203393 36
203420 36
203642 36
204175 36
204394 36
204877 36
205379 36
205591 36
205989 36
206154 36
206268 36
206364 36
206401 36
206518 36
206563 36
206755 36
206757 36
207119 36
208049 36
208127 36
208461 36
208471 36
208628 36
208745 36
208907 36
209178 36
209370 36
209876 36
209940 36
211001 36
211509 36
211719 36
212497 36
212790 36
213114 36
213144 36
213294 36
213676 36
213852 36
213886 36
214283 36
214387 36
214494 36
214561 36
214646 36
214833 36
215062 36
215517 36
215636 36
215661 36
215876 36
215878 36
216284 36
216313 36
216314 36
216451 36
216480 36
216618 36
216942 36
216993 36
217432 36
217653 36
217669 36
217756 36
217813 36
218682 36
218951 36
219948 36
220134 36
220725 36
221598 36
222078 36
222491 36
222881 36
223523 36
224002 36
224008 36
224421 36
224738 36
225299 36
225357 36
225511 36
225617 36
225721 36
225733 36
225775 36
226575 36
226771 36
226958 36
227130 36
227344 36
227395 36
227824 36
228747 36
228769 36
229105 36
229316 36
229363 36
229434 36
229565 36
230030 36
230044 36
230725 36
231010 36
231041 36
231143 36
231295 36
232105 36
232245 36
232315 36
232671 36
232816 36
233335 36
233512 36
233642 36
233909 36
234425 36
234715 36
235440 36
235680 36
236018 36
236145 36
236436 36
236848 36
237880 36
237983 36
238169 36
239085 36
239364 36
239525 36
239637 36
239723 36
239884 36
239893 36
240083 36
240598 36
241309 36
241630 36
241662 36
242022 36
242066 36
242125 36
242689 36
242908 36
242962 36
243088 36
243298 36
243440 36
243957 36
244068 36
244983 36
245082 36
245129 36
245167 36
245385 36
245655 36
246058 36
246554 36
246595 36
246669 36
246975 36
6366 36
7375 36
14632 36
15231 36
17012 36
33065 36
34723 36
36183 36
38605 36
49587 36
66430 36
69341 36
79526 36
81554 36
82626 36
84495 36
87741 36
91206 36
93006 36
148391 36
148650 36
148812 36
149576 36
151330 36
154895 36
155280 36
160512 36
161850 36
162309 36
162585 36
163612 36
164268 36
164962 36
166791 36
168043 36
169045 36
169763 36
171021 36
175345 36
177036 36
180821 36
181742 36
181805 36
182765 36
185325 36
185771 36
191797 36
192556 36
195587 36
196590 36
198326 36
201282 36
201336 36
201901 36
202331 36
204434 36
205295 36
206962 36
211284 36
213358 36
213543 36
219207 36
222033 36
223226 36
223723 36
224652 36
226809 36
228787 36
229233 36
234143 36
235310 36
238517 36
239722 36
240551 36
240776 36
242504 36
245235 36
2735 34
14644 34
14954 34
15302 34
15658 34
16006 34
21335 34
21626 34
22614 34
22801 34
24321 34
24478 34
25317 34
26972 34
27353 34
29741 34
31122 34
32617 34
32772 34
33898 34
35382 34
38590 34
41447 34
42460 34
42950 34
43045 34
43633 34
43830 34
45608 34
45902 34
50489 34
52328 34
52666 34
55712 34
56331 34
56725 34
56972 34
57204 34
57786 34
57982 34
58155 34
59167 34
60294 34
61695 34
62989 34
63731 34
64075 34
64719 34
65632 34
65850 34
66471 34
66610 34
66701 34
69007 34
69488 34
70081 34
70103 34
70679 34
71134 34
71323 34
71842 34
72255 34
72272 34
73018 34
73159 34
74136 34
75175 34
75784 34
76413 34
77178 34
77654 34
79245 34
83237 34
84142 34
86508 34
87214 34
87849 34
88318 34
88779 34
90661 34
90791 34
91651 34
91865 34
92061 34
93056 34
94222 34
95251 34
95267 34
96301 34
96702 34
149103 34
149972 34
150907 34
154738 34
158741 34
169714 34
173001 34
174183 34
179285 34
196607 34
208517 34
217790 34
233962 34
238299 34
238830 34
245586 34
6899 34
8816 34
9322 34
17253 34
22776 34
25154 34
25594 34
26125 34
32782 34
34202 34
34342 34
35773 34
36375 34
36728 34
38747 34
40232 34
41635 34
41678 34
41852 34
43896 34
48557 34
48614 34
49043 34
49802 34
51468 34
52445 34
55511 34
56686 34
56861 34
56975 34
58630 34
59293 34
60964 34
61474 34
63039 34
64378 34
64747 34
66530 34
66538 34
67179 34
67287 34
67454 34
69508 34
69651 34
69658 34
70367 34
70475 34
72945 34
73199 34
73473 34
73559 34
73824 34
74025 34
76678 34
76966 34
77204 34
77956 34
78237 34
79006 34
79106 34
79250 34
79508 34
79723 34
80618 34
81413 34
83317 34
84141 34
85343 34
85998 34
86474 34
87261 34
88044 34
88215 34
88736 34
88822 34
89172 34
89514 34
89772 34
91305 34
91578 34
91797 34
91970 34
92283 34
92298 34
92309 34
93251 34
93798 34
95437 34
148524 34
150913 34
151156 34
151519 34
153727 34
157293 34
158417 34
159072 34
159518 34
160393 34
160666 34
161369 34
161672 34
161827 34
162814 34
163200 34
164098 34
164509 34
166544 34
169814 34
170894 34
171762 34
172114 34
172894 34
174007 34
175410 34
175696 34
176590 34
179398 34
179466 34
180949 34
182111 34
183947 34
184948 34
187445 34
189145 34
192042 34
193091 34
193108 34
193111 34
194688 34
195277 34
195637 34
196570 34
197560 34
199030 34
200100 34
201204 34
202280 34
203606 34
204999 34
205042 34
207447 34
207902 34
208561 34
212749 34
214927 34
215341 34
223736 34
224744 34
227404 34
229000 34
230612 34
230732 34
230805 34
231603 34
232138 34
232411 34
232732 34
236121 34
238390 34
238581 34
241459 34
241845 34
242959 34
244147 34
245161 34
246322 34
3441 33
4930 33
5336 33
10567 33
11011 33
11512 33
12122 33
15980 33
16358 33
16790 33
18956 33
20896 33
22354 33
23266 33
26369 33
26560 33
29558 33
31571 33
32234 33
32816 33
33962 33
34402 33
34732 33
36568 33
37199 33
37293 33
37449 33
38201 33
39101 33
40728 33
40768 33
41154 33
41381 33
41736 33
42846 33
42981 33
43974 33
44772 33
47653 33
48110 33
48948 33
49212 33
49884 33
51569 33
51820 33
52259 33
52906 33
54010 33
54156 33
54524 33
54675 33
55398 33
56638 33
57593 33
57849 33
57969 33
58020 33
58462 33
58577 33
58967 33
59150 33
59541 33
60043 33
61518 33
61943 33
63046 33
63089 33
63948 33
66083 33
66652 33
68856 33
69593 33
70390 33
71112 33
71212 33
71473 33
71637 33
71699 33
72261 33
72521 33
73432 33
76238 33
76535 33
77481 33
77667 33
77744 33
77806 33
80948 33
81008 33
83112 33
83207 33
83325 33
84064 33
84108 33
84146 33
84894 33
85405 33
86290 33
86881 33
86983 33
87253 33
87864 33
88040 33
88645 33
89529 33
90013 33
90436 33
90488 33
90663 33
91627 33
92205 33
93007 33
93203 33
93412 33
93807 33
94527 33
94535 33
94913 33
95607 33
96516 33
97533 33
98083 33
98759 33
100362 33
103004 33
148505 33
148646 33
149683 33
150226 33
150345 33
150682 33
150702 33
151009 33
151538 33
151541 33
151791 33
152613 33
153135 33
153306 33
153638 33
153987 33
155189 33
155413 33
155454 33
155543 33
155794 33
156357 33
156470 33
156570 33
157402 33
157859 33
158856 33
159691 33
160218 33
160249 33
160425 33
160457 33
160801 33
161190 33
161968 33
162002 33
162428 33
162494 33
162719 33
162842 33
162852 33
164002 33
164235 33
164435 33
164497 33
164702 33
165473 33
166645 33
166897 33
167294 33
168881 33
169928 33
170454 33
170497 33
170533 33
171041 33
171045 33
171204 33
171278 33
171607 33
171622 33
171868 33
172988 33
173054 33
173597 33
173630 33
173924 33
173948 33
173972 33
174092 33
174282 33
174430 33
174705 33
176050 33
176062 33
176215 33
176831 33
176871 33
177160 33
177452 33
177977 33
178575 33
178783 33
178817 33
178947 33
179056 33
180118 33
181220 33
181580 33
181958 33
182457 33
182697 33
182927 33
183435 33
184461 33
185497 33
186458 33
186519 33
187119 33
188126 33
188903 33
189184 33
189288 33
189391 33
189628 33
189673 33
189831 33
190272 33
190772 33
191061 33
191622 33
191633 33
191726 33
192305 33
192400 33
192859 33
192999 33
193149 33
193917 33
194048 33
194817 33
195226 33
195957 33
195984 33
196281 33
196555 33
196745 33
196805 33
196808 33
196889 33
197015 33
197069 33
197353 33
198070 33
198441 33
198658 33
198796 33
199296 33
199513 33
199698 33
201068 33
201094 33
201556 33
202072 33
203057 33
203332 33
203505 33
203867 33
204049 33
204614 33
204860 33
204888 33
205132 33
205199 33
205468 33
207948 33
207988 33
208109 33
208993 33
209137 33
209483 33
209567 33
210082 33
211035 33
211354 33
211739 33
212433 33
213166 33
215691 33
216047 33
216064 33
216211 33
217302 33
217427 33
217490 33
217774 33
217876 33
218310 33
218407 33
218828 33
220303 33
220742 33
220949 33
221009 33
221013 33
221102 33
221283 33
221316 33
221355 33
221405 33
222973 33
224319 33
224769 33
224794 33
225119 33
226031 33
226970 33
227059 33
227488 33
230472 33
230745 33
230962 33
231260 33
231530 33
232001 33
234482 33
236280 33
236926 33
237180 33
237316 33
238240 33
238423 33
240494 33
240560 33
240613 33
241059 33
241730 33
241917 33
242676 33
243748 33
244682 33
244955 33
245066 33
245593 33
246240 33
1069 32
1747 32
10019 32
10992 32
11066 32
14100 32
16776 32
19527 32
19575 32
21525 32
22915 32
24672 32
26316 32
27851 32
28420 32
30545 32
31951 32
32787 32
34166 32
34586 32
34735 32
35105 32
35502 32
35578 32
36000 32
36859 32
38363 32
41718 32
42062 32
42425 32
42453 32
43218 32
43524 32
43553 32
44794 32
47799 32
48623 32
49826 32
49960 32
50902 32
51037 32
51473 32
51680 32
52822 32
52913 32
53890 32
54028 32
54253 32
54633 32
55197 32
55406 32
56287 32
57181 32
57350 32
58040 32
58950 32
59500 32
59627 32
60946 32
61243 32
61448 32
62134 32
64439 32
64686 32
64849 32
65111 32
65362 32
65422 32
65971 32
66032 32
66668 32
66751 32
66907 32
67883 32
68418 32
68548 32
69228 32
70899 32
71533 32
72221 32
72349 32
73761 32
73859 32
74227 32
77613 32
78617 32
79142 32
80089 32
80178 32
80334 32
81674 32
81879 32
81992 32
82071 32
84669 32
86210 32
87546 32
87656 32
88072 32
88349 32
88475 32
89315 32
90034 32
90344 32
90373 32
90612 32
90985 32
91646 32
91663 32
92304 32
92593 32
93460 32
93757 32
94289 32
95485 32
95879 32
95896 32
96017 32
96271 32
96724 32
97108 32
148558 32
148686 32
149040 32
149098 32
150020 32
150065 32
152595 32
154617 32
165523 32
177603 32
178229 32
183646 32
187525 32
208323 32
214763 32
225381 32
225857 32
231448 32
4854 32
22501 32
24341 32
36585 32
51582 32
56805 32
63611 32
64543 32
71004 32
73879 32
83697 32
86144 32
87305 32
93348 32
94429 32
182286 32
236683 32
239632 32
4743 31
24257 31
30000 31
31914 31
33476 31
33492 31
33637 31
34486 31
34977 31
37432 31
37512 31
38153 31
39172 31
43516 31
46225 31
47269 31
49202 31
49745 31
52404 31
53558 31
53766 31
53859 31
56078 31
56740 31
58137 31
58726 31
60274 31
60811 31
63156 31
65643 31
68442 31
68598 31
69081 31
71272 31
71534 31
71852 31
73291 31
73466 31
73503 31
74583 31
75831 31
77831 31
78529 31
79119 31
79956 31
81810 31
81993 31
83329 31
83844 31
85664 31
86348 31
89055 31
90058 31
91596 31
92239 31
92762 31
92971 31
97959 31
148459 31
149708 31
150266 31
156649 31
158456 31
159183 31
159870 31
165969 31
173819 31
174274 31
175613 31
175944 31
177377 31
178195 31
179090 31
180958 31
181067 31
183136 31
184275 31
184450 31
185613 31
187685 31
191275 31
194911 31
195721 31
196765 31
199652 31
199891 31
203927 31
206695 31
207683 31
207743 31
211004 31
212898 31
217573 31
222825 31
224552 31
224848 31
225824 31
229322 31
232448 31
238327 31
238342 31
241009 31
11199 31
21390 31
26028 31
37531 31
50089 31
76979 31
77630 31
86467 31
93931 31
95365 31
149602 31
170888 31
171454 31
195132 31
224072 31
234459 31
242073 31
245199 31
8787 31
16553 31
17569 31
22078 31
22391 31
23539 31
24449 31
26813 31
30978 31
33106 31
39314 31
42156 31
42956 31
44365 31
45017 31
45561 31
46711 31
48520 31
49454 31
51937 31
55369 31
55418 31
56705 31
57227 31
66023 31
66485 31
71170 31
78796 31
79614 31
79763 31
81423 31
81719 31
83929 31
87942 31
91615 31
92629 31
93245 31
148358 31
148441 31
148637 31
148687 31
148828 31
149049 31
149093 31
152389 31
154087 31
154667 31
163715 31
167233 31
170850 31
171372 31
175853 31
177264 31
180740 31
180752 31
184213 31
185496 31
186814 31
187753 31
188115 31
188209 31
190400 31
190667 31
195190 31
196033 31
196468 31
196729 31
206522 31
206835 31
218681 31
224605 31
229272 31
233470 31
233577 31
239684 31
241399 31
243419 31
243574 31
243707 31
964 30
1486 30
4527 30
6200 30
6307 30
6422 30
6629 30
6896 30
6955 30
6997 30
7113 30
7349 30
7774 30
8447 30
9288 30
9597 30
10295 30
10815 30
10830 30
11624 30
11700 30
11907 30
12384 30
12776 30
13025 30
14033 30
14117 30
14132 30
14216 30
14291 30
14468 30
14474 30
14521 30
14528 30
14539 30
16254 30
16438 30
16581 30
16825 30
16877 30
17423 30
17728 30
18122 30
18210 30
18914 30
19021 30
19259 30
19273 30
19302 30
19412 30
19706 30
20178 30
20689 30
20719 30
20793 30
20917 30
21082 30
21196 30
21824 30
21842 30
21888 30
21940 30
21964 30
22010 30
22046 30
22473 30
22590 30
22697 30
22769 30
22986 30
23281 30
23322 30
23434 30
23642 30
23646 30
23807 30
24069 30
24216 30
24248 30
24584 30
24684 30
24708 30
24818 30
24819 30
25086 30
25110 30
25160 30
25380 30
25390 30
25610 30
25813 30
25926 30
25951 30
26056 30
26101 30
26158 30
26160 30
26185 30
26186 30
26403 30
26467 30
26749 30
26835 30
27074 30
27144 30
27340 30
27479 30
27485 30
27547 30
27576 30
27660 30
28385 30
28424 30
28831 30
28968 30
29019 30
29124 30
29244 30
29330 30
29479 30
29589 30
29671 30
29792 30
29911 30
30216 30
30536 30
30682 30
30856 30
31001 30
31102 30
31227 30
31306 30
31320 30
31468 30
31829 30
31830 30
32188 30
32293 30
32426 30
32694 30
32905 30
32980 30
33217 30
33368 30
33395 30
33511 30
33614 30
33861 30
33865 30
33881 30
34068 30
34391 30
34710 30
34718 30
35011 30
35230 30
35263 30
35364 30
35384 30
35483 30
35708 30
36335 30
36500 30
36581 30
36607 30
36816 30
36931 30
37572 30
37952 30
38223 30
38701 30
38742 30
38843 30
39009 30
39261 30
39289 30
39381 30
39463 30
39651 30
39956 30
40022 30
40081 30
40172 30
40329 30
40703 30
40737 30
40928 30
40931 30
41245 30
41303 30
41349 30
41483 30
41748 30
41910 30
41976 30
41987 30
41999 30
42194 30
42218 30
42277 30
42544 30
42587 30
42596 30
42657 30
42830 30
42993 30
43013 30
43023 30
43031 30
43116 30
43199 30
43430 30
43476 30
43546 30
43684 30
43833 30
43842 30
43864 30
43897 30
43992 30
44228 30
44261 30
44273 30
44494 30
44578 30
44662 30
44842 30
45042 30
45081 30
45503 30
45666 30
45674 30
45680 30
45681 30
45725 30
45728 30
45737 30
45747 30
46071 30
46126 30
46292 30
46329 30
46391 30
46537 30
46580 30
46732 30
47032 30
47068 30
47099 30
47115 30
47294 30
47298 30
47572 30
47575 30
47827 30
48136 30
48152 30
48227 30
48351 30
48416 30
48798 30
48802 30
48805 30
48919 30
48960 30
49012 30
49077 30
49095 30
49334 30
49366 30
49426 30
49648 30
49774 30
49796 30
49871 30
49891 30
49939 30
49999 30
50244 30
50303 30
50436 30
50480 30
50631 30
50705 30
50754 30
50794 30
51065 30
51227 30
51236 30
51339 30
51392 30
51395 30
51669 30
51679 30
51699 30
51726 30
51814 30
52105 30
52119 30
52227 30
52338 30
52432 30
52477 30
52605 30
52745 30
52772 30
52801 30
52947 30
53035 30
53133 30
53201 30
53453 30
53660 30
53814 30
53894 30
53903 30
53910 30
53920 30
53939 30
54086 30
54114 30
54130 30
54187 30
54493 30
54514 30
54559 30
54661 30
54711 30
54725 30
54817 30
54836 30
55038 30
55194 30
55343 30
55403 30
55415 30
55431 30
55526 30
55644 30
55820 30
55846 30
56077 30
56358 30
56410 30
56472 30
56552 30
56601 30
56808 30
56853 30
57065 30
57110 30
57162 30
57418 30
57552 30
57609 30
57633 30
57639 30
57788 30
57789 30
57907 30
58028 30
58053 30
58084 30
58119 30
58215 30
58658 30
58727 30
58737 30
58821 30
58844 30
58895 30
58965 30
59175 30
59239 30
59377 30
59532 30
59677 30
59778 30
59985 30
60374 30
60592 30
60618 30
60795 30
60830 30
60900 30
60987 30
61129 30
61261 30
61431 30
61486 30
61543 30
61660 30
61846 30
62042 30
62068 30
62250 30
62252 30
62257 30
62327 30
62571 30
62662 30
62772 30
62777 30
62779 30
62836 30
63104 30
63199 30
63349 30
63573 30
63754 30
63932 30
64006 30
64010 30
64053 30
64292 30
64441 30
64638 30
64696 30
64781 30
64783 30
64836 30
65006 30
65039 30
65053 30
65171 30
65193 30
65295 30
65678 30
65798 30
66043 30
66390 30
66534 30
66700 30
66708 30
66717 30
67042 30
67164 30
67198 30
67253 30
67265 30
67275 30
67608 30
67670 30
67766 30
67838 30
68109 30
68128 30
68130 30
68210 30
68283 30
68294 30
68361 30
68525 30
68568 30
68574 30
68707 30
68780 30
68848 30
68873 30
68947 30
69001 30
69035 30
69157 30
69236 30
69384 30
69431 30
69446 30
69625 30
69672 30
70037 30
70043 30
70373 30
70478 30
70674 30
70701 30
70742 30
70746 30
70961 30
71294 30
71379 30
71453 30
71457 30
71471 30
71876 30
71888 30
71899 30
71905 30
72007 30
72008 30
72017 30
72120 30
72158 30
72237 30
72579 30
72642 30
72729 30
72768 30
72845 30
72878 30
72916 30
72970 30
73102 30
73161 30
73170 30
73224 30
73461 30
73470 30
73743 30
73896 30
73910 30
74037 30
74100 30
74107 30
74116 30
74262 30
74383 30
74556 30
74635 30
74644 30
74695 30
74711 30
74724 30
74811 30
75018 30
75081 30
75190 30
75207 30
75608 30
75702 30
75817 30
75825 30
75930 30
75981 30
76079 30
76246 30
76270 30
76343 30
76374 30
76659 30
76765 30
76780 30
76806 30
76855 30
76975 30
77103 30
77156 30
77173 30
77186 30
77367 30
77635 30
77676 30
77689 30
77700 30
77802 30
78187 30
78210 30
78376 30
78446 30
78562 30
78637 30
78667 30
78818 30
78822 30
78845 30
78880 30
79111 30
79164 30
79320 30
79323 30
79740 30
79754 30
79819 30
79841 30
79856 30
79913 30
80070 30
80100 30
80216 30
80262 30
80350 30
80358 30
80590 30
80667 30
80825 30
80973 30
81003 30
81166 30
81562 30
81673 30
81752 30
81776 30
81962 30
82010 30
82038 30
82229 30
82388 30
82480 30
82681 30
82867 30
82906 30
82930 30
82935 30
83004 30
83072 30
83098 30
83191 30
83263 30
83442 30
83757 30
83814 30
83824 30
83863 30
83938 30
83947 30
83977 30
83993 30
84012 30
84089 30
84125 30
84226 30
84227 30
84238 30
84269 30
84399 30
84418 30
84580 30
84592 30
84678 30
84717 30
84757 30
84891 30
84898 30
85001 30
85013 30
85105 30
85319 30
85495 30
85629 30
85666 30
85823 30
85858 30
86025 30
86071 30
86181 30
86184 30
86333 30
86390 30
86416 30
86433 30
86518 30
86653 30
87033 30
87113 30
87115 30
87201 30
87284 30
87379 30
87574 30
87601 30
87662 30
87873 30
87888 30
88008 30
88115 30
88142 30
88309 30
88340 30
88345 30
88384 30
88470 30
88484 30
88512 30
88652 30
88738 30
88757 30
88794 30
88879 30
88909 30
89197 30
89397 30
89518 30
89636 30
89826 30
89827 30
89909 30
89918 30
89939 30
90010 30
90071 30
90267 30
90362 30
90465 30
90641 30
90739 30
90748 30
90797 30
90927 30
90931 30
91040 30
91071 30
91193 30
91260 30
91263 30
91315 30
91488 30
91563 30
91577 30
91665 30
91672 30
91850 30
91908 30
92100 30
92144 30
92193 30
92224 30
92259 30
92424 30
92470 30
92526 30
92561 30
92650 30
92706 30
93000 30
93053 30
93443 30
93516 30
93653 30
93684 30
93771 30
94101 30
94414 30
94440 30
94627 30
94702 30
94713 30
94725 30
95118 30
95298 30
95332 30
95608 30
95652 30
95852 30
95860 30
95915 30
95979 30
95988 30
96087 30
96128 30
96213 30
96233 30
96323 30
96357 30
96373 30
96458 30
96533 30
96540 30
96547 30
96699 30
96987 30
97107 30
97125 30
97152 30
97199 30
97206 30
97273 30
97318 30
97391 30
97413 30
97426 30
97483 30
97541 30
97559 30
97914 30
97996 30
98007 30
98019 30
98252 30
98419 30
98606 30
98648 30
98679 30
98815 30
98822 30
98866 30
99283 30
99437 30
99462 30
99507 30
99968 30
99973 30
99979 30
100033 30
100615 30
100679 30
100888 30
100914 30
101647 30
101679 30
101729 30
101772 30
101842 30
101866 30
101919 30
102020 30
103735 30
103759 30
103823 30
103862 30
103974 30
104114 30
104292 30
104718 30
105022 30
105114 30
105163 30
105175 30
105544 30
106169 30
108765 30
108893 30
108969 30
109054 30
109188 30
109614 30
109703 30
110018 30
110070 30
110248 30
110286 30
110313 30
110394 30
111434 30
111677 30
112499 30
112545 30
112554 30
113220 30
114404 30
115155 30
116019 30
116547 30
117334 30
117547 30
118401 30
118705 30
119920 30
121237 30
121960 30
129005 30
129933 30
130260 30
131957 30
133231 30
133539 30
136373 30
136853 30
139136 30
141260 30
143348 30
146759 30
157077 30
173976 30
176595 30
177224 30
188093 30
189852 30
190640 30
207208 30
208312 30
214445 30
233233 30
237346 30
239474 30
245610 30
246686 30
6137 30
16625 30
22954 30
25452 30
25915 30
25957 30
29349 30
32273 30
32350 30
35321 30
36467 30
37545 30
37703 30
38034 30
39948 30
40113 30
42814 30
43037 30
46397 30
49420 30
49822 30
49867 30
50542 30
51020 30
52527 30
53232 30
56523 30
57461 30
57826 30
59021 30
60844 30
62159 30
62516 30
63112 30
64535 30
64602 30
66121 30
66838 30
70330 30
70345 30
71259 30
73676 30
73715 30
74395 30
74707 30
79788 30
80346 30
80422 30
80546 30
80680 30
82100 30
83051 30
84402 30
86252 30
88149 30
88800 30
88994 30
89333 30
90052 30
91780 30
92951 30
92968 30
93042 30
94132 30
94587 30
95649 30
95800 30
97945 30
99739 30
115197 30
148331 30
148389 30
148465 30
148519 30
150080 30
150333 30
150608 30
151504 30
151601 30
151975 30
152478 30
153495 30
153803 30
153863 30
154176 30
154595 30
154630 30
155221 30
155330 30
155962 30
156457 30
158000 30
158098 30
158217 30
158306 30
158343 30
158593 30
158849 30
160385 30
161448 30
162273 30
163043 30
163045 30
163340 30
163372 30
163706 30
163724 30
164260 30
164594 30
164936 30
164971 30
165030 30
165475 30
165765 30
165965 30
166519 30
166741 30
166912 30
167249 30
167643 30
168053 30
168138 30
168186 30
168741 30
169639 30
169978 30
171520 30
172305 30
173182 30
173284 30
174424 30
174539 30
174797 30
175525 30
175691 30
175883 30
176087 30
176145 30
176591 30
177382 30
177842 30
178126 30
178381 30
179573 30
179575 30
179807 30
180048 30
180846 30
181910 30
182129 30
183304 30
183466 30
184073 30
184473 30
184922 30
186386 30
187787 30
187907 30
188840 30
188875 30
189482 30
189717 30
190463 30
190558 30
191371 30
191748 30
191973 30
192306 30
192401 30
192928 30
193460 30
193522 30
193821 30
195257 30
195357 30
195910 30
196234 30
197257 30
197827 30
197857 30
198262 30
198867 30
199905 30
200350 30
201884 30
202663 30
202941 30
204727 30
205824 30
206561 30
207239 30
207296 30
207767 30
207769 30
208257 30
209191 30
209519 30
210821 30
212148 30
212900 30
213289 30
213828 30
215940 30
216510 30
217852 30
219086 30
219265 30
219888 30
220751 30
223480 30
223568 30
223624 30
224007 30
224656 30
225200 30
225387 30
225847 30
225873 30
226008 30
226151 30
226395 30
226559 30
228167 30
228993 30
233433 30
235141 30
236486 30
236908 30
237309 30
237544 30
237684 30
239147 30
239761 30
241941 30
242264 30
242567 30
242737 30
244158 30
244758 30
245539 30
865 30
11630 30
11904 30
17036 30
21592 30
26441 30
28274 30
28696 30
30383 30
34003 30
38777 30
38828 30
39994 30
44220 30
45350 30
45492 30
50310 30
51684 30
52222 30
52355 30
52463 30
52472 30
53062 30
54441 30
55768 30
58757 30
59292 30
59720 30
60825 30
61298 30
64639 30
68678 30
69136 30
72842 30
74922 30
75028 30
77851 30
78587 30
80228 30
81501 30
84373 30
84712 30
86227 30
86737 30
87225 30
88218 30
88829 30
89178 30
89650 30
90040 30
93309 30
93372 30
97241 30
149068 30
149091 30
150307 30
151514 30
163834 30
168891 30
170774 30
170798 30
178007 30
190694 30
207675 30
222533 30
7518 29
17823 29
18620 29
27432 29
34047 29
41322 29
44519 29
48173 29
48628 29
49731 29
52608 29
53127 29
58357 29
60132 29
62627 29
65010 29
69582 29
73783 29
77951 29
78041 29
80273 29
83716 29
88174 29
88181 29
88248 29
95483 29
172566 29
172989 29
197389 29
235181 29
243935 29
10066 29
10075 29
14956 29
19184 29
22836 29
25631 29
26374 29
29928 29
30297 29
30435 29
32679 29
38623 29
40260 29
42910 29
43035 29
44188 29
45592 29
45679 29
46524 29
48994 29
57830 29
58503 29
59048 29
60159 29
60316 29
61628 29
70091 29
73739 29
76886 29
77256 29
83219 29
90471 29
94506 29
95842 29
96076 29
96744 29
148319 29
148627 29
150270 29
151642 29
152039 29
152950 29
155669 29
174575 29
7140 29
7232 29
9200 29
9917 29
11649 29
12038 29
13342 29
15266 29
16273 29
16373 29
16925 29
19073 29
20157 29
21348 29
22388 29
24058 29
24406 29
24594 29
31050 29
40556 29
41556 29
41895 29
44928 29
45365 29
47684 29
48361 29
48458 29
48962 29
49756 29
50018 29
50829 29
51414 29
51656 29
52249 29
52333 29
52905 29
56003 29
57783 29
59593 29
61081 29
61895 29
62632 29
62892 29
63252 29
63765 29
63825 29
64734 29
65216 29
66363 29
67918 29
68663 29
70689 29
72766 29
72977 29
74934 29
75648 29
76050 29
76219 29
79207 29
79222 29
79642 29
79648 29
80190 29
81098 29
81352 29
83488 29
83684 29
84194 29
84880 29
85634 29
86527 29
86817 29
90747 29
95063 29
148536 29
148643 29
148758 29
148830 29
149831 29
150009 29
150260 29
153307 29
155312 29
155402 29
155737 29
156098 29
156114 29
156970 29
157105 29
157532 29
158285 29
159041 29
159181 29
160352 29
160482 29
161832 29
162421 29
163648 29
164865 29
164986 29
165215 29
165492 29
165794 29
166517 29
166878 29
166977 29
167446 29
169121 29
170117 29
170514 29
171495 29
171499 29
172693 29
173825 29
174548 29
174607 29
175260 29
176100 29
178212 29
180842 29
181379 29
183541 29
183587 29
184215 29
184346 29
186085 29
186442 29
187203 29
187490 29
189643 29
190199 29
191833 29
192487 29
193406 29
194160 29
194506 29
194532 29
194718 29
195243 29
196231 29
198268 29
198344 29
198415 29
198588 29
201587 29
202164 29
204297 29
204590 29
204613 29
205060 29
205283 29
205579 29
206956 29
207320 29
207417 29
207685 29
207925 29
208617 29
209058 29
209424 29
209524 29
210053 29
211019 29
211649 29
211804 29
212043 29
212222 29
212533 29
214365 29
214475 29
216749 29
216840 29
217404 29
217570 29
217950 29
218400 29
219665 29
220190 29
220233 29
220527 29
221459 29
223441 29
223715 29
224161 29
224547 29
225645 29
226409 29
227767 29
228152 29
228575 29
230381 29
230662 29
231755 29
232842 29
233191 29
233855 29
237256 29
238838 29
239196 29
239339 29
239617 29
241749 29
242341 29
242639 29
243078 29
243150 29
243576 29
244456 29
245641 29
246708 29
246740 29
29253 29
64711 29
68477 29
73589 29
220648 29
14924 28
28818 28
35933 28
40185 28
41226 28
42493 28
44950 28
45264 28
49319 28
56674 28
58962 28
61324 28
63351 28
67833 28
68151 28
69874 28
73925 28
75701 28
76163 28
78199 28
78866 28
79966 28
85546 28
87445 28
87497 28
90322 28
148342 28
148539 28
148581 28
149204 28
150516 28
156138 28
157247 28
158457 28
158585 28
159146 28
160810 28
161779 28
163565 28
163679 28
167345 28
173835 28
176682 28
178059 28
178608 28
179561 28
179756 28
180053 28
181001 28
182611 28
182660 28
183301 28
184705 28
192136 28
196098 28
198335 28
199645 28
199746 28
203129 28
205070 28
208589 28
211305 28
211451 28
214580 28
218450 28
219625 28
221525 28
223034 28
223252 28
227987 28
229336 28
229338 28
229595 28
232850 28
234880 28
237100 28
237128 28
238946 28
239233 28
240073 28
242137 28
245136 28
246350 28
25564 28
30450 28
34665 28
37059 28
55111 28
57379 28
59346 28
72269 28
79512 28
79687 28
81190 28
82348 28
84448 28
90867 28
169585 28
218189 28
1863 28
6499 28
13919 28
20786 28
25275 28
31165 28
54995 28
59596 28
59694 28
61783 28
62184 28
63105 28
72733 28
73105 28
83606 28
85360 28
86358 28
86975 28
89570 28
148335 28
148469 28
148820 28
148984 28
149123 28
149843 28
150216 28
157753 28
158164 28
160342 28
160714 28
164646 28
167793 28
169247 28
174232 28
176768 28
177670 28
178128 28
178672 28
181127 28
185311 28
187968 28
192537 28
194858 28
196357 28
197583 28
200305 28
200509 28
202705 28
203171 28
204536 28
206644 28
213473 28
214206 28
217171 28
226965 28
228487 28
231294 28
233964 28
236858 28
238862 28
238872 28
239354 28
239366 28
240023 28
242941 28
243431 28
1177 27
5250 27
5665 27
6938 27
10387 27
13152 27
16797 27
28611 27
29073 27
32531 27
36821 27
37682 27
39780 27
42094 27
44432 27
46207 27
49560 27
52344 27
52531 27
53543 27
53733 27
58770 27
59357 27
60311 27
62433 27
63214 27
65988 27
67778 27
67974 27
72701 27
72752 27
73748 27
74461 27
82304 27
85035 27
86044 27
86455 27
88190 27
91221 27
91902 27
101306 27
106409 27
148308 27
148387 27
148395 27
148412 27
148481 27
148567 27
148587 27
148706 27
148715 27
148990 27
149300 27
149370 27
149383 27
149765 27
150188 27
150584 27
150788 27
152543 27
152968 27
153005 27
153514 27
154157 27
154654 27
154905 27
155238 27
156096 27
160173 27
160563 27
161729 27
162279 27
163473 27
165666 27
166127 27
166471 27
167001 27
167754 27
169192 27
169800 27
171803 27
172277 27
172935 27
173719 27
174868 27
175224 27
175927 27
176161 27
177655 27
179513 27
181510 27
181591 27
182903 27
182985 27
183129 27
183449 27
184088 27
185245 27
186210 27
187243 27
187980 27
189761 27
190056 27
193671 27
194427 27
194883 27
195522 27
196725 27
197806 27
198784 27
199155 27
199601 27
200108 27
200644 27
202694 27
204609 27
206598 27
207578 27
209491 27
210662 27
210708 27
212149 27
212470 27
213753 27
214061 27
216726 27
217821 27
220323 27
220553 27
221852 27
222899 27
223045 27
223310 27
223742 27
225291 27
225823 27
226595 27
227034 27
230875 27
232413 27
233761 27
234144 27
234825 27
236435 27
237226 27
237970 27
239183 27
239595 27
242231 27
243148 27
244866 27
245196 27
245964 27
246873 27
527 24
1735 24
3142 24
4739 24
5030 24
5234 24
5569 24
5897 24
6904 24
6950 24
7197 24
7452 24
7623 24
7996 24
8538 24
8709 24
9491 24
10555 24
10905 24
11682 24
12280 24
12299 24
13191 24
13447 24
13824 24
14002 24
15075 24
15358 24
15362 24
15434 24
15657 24
15723 24
15850 24
16072 24
16486 24
16633 24
16702 24
17007 24
17057 24
17271 24
17766 24
17874 24
17937 24
18192 24
18312 24
18429 24
18841 24
18851 24
19897 24
20873 24
21177 24
21545 24
22453 24
22511 24
23124 24
23319 24
23393 24
23421 24
23829 24
24750 24
25188 24
25608 24
25845 24
25862 24
25873 24
26076 24
26378 24
26402 24
26603 24
26787 24
26848 24
27377 24
27518 24
27655 24
27941 24
27975 24
28050 24
28094 24
28181 24
28220 24
28332 24
28455 24
28558 24
28602 24
28612 24
29197 24
29340 24
29849 24
29946 24
29990 24
30063 24
30083 24
30112 24
30277 24
30342 24
30681 24
30845 24
31029 24
31263 24
31327 24
31523 24
31545 24
31592 24
31711 24
31716 24
31908 24
32057 24
32457 24
32730 24
32824 24
33055 24
33197 24
33232 24
33630 24
33726 24
33856 24
33913 24
33927 24
34367 24
34504 24
34581 24
34630 24
34903 24
35507 24
35534 24
35552 24
35837 24
35855 24
36060 24
36104 24
36122 24
36653 24
36757 24
37058 24
37143 24
37383 24
37553 24
38007 24
38471 24
38603 24
38867 24
39272 24
39357 24
39562 24
39908 24
39947 24
40298 24
40464 24
40627 24
40742 24
40772 24
41094 24
41110 24
41425 24
41430 24
41450 24
41566 24
41623 24
42259 24
42885 24
42957 24
42976 24
43584 24
43700 24
43814 24
43816 24
43817 24
43937 24
44011 24
44207 24
44230 24
44342 24
44347 24
44449 24
44502 24
44594 24
44793 24
44860 24
44908 24
45115 24
45146 24
45149 24
45274 24
45367 24
45389 24
45496 24
45682 24
45786 24
45797 24
45931 24
45987 24
46322 24
46348 24
46764 24
46851 24
46898 24
47009 24
47069 24
47074 24
47139 24
47337 24
47713 24
47745 24
47916 24
47935 24
47954 24
48049 24
48299 24
48313 24
48366 24
48431 24
48737 24
48972 24
49046 24
49139 24
49232 24
49418 24
49453 24
49546 24
49739 24
49938 24
50193 24
50582 24
50895 24
51062 24
51166 24
51225 24
51354 24
51817 24
51978 24
51996 24
52209 24
52220 24
52595 24
53010 24
53138 24
53164 24
53178 24
53204 24
53264 24
53290 24
53403 24
53428 24
53530 24
53788 24
53809 24
54182 24
54207 24
54402 24
54475 24
54808 24
55204 24
55248 24
55325 24
55341 24
55440 24
55459 24
55460 24
55476 24
55493 24
55527 24
55572 24
55936 24
55974 24
56155 24
56412 24
56543 24
56757 24
56873 24
56957 24
57253 24
57348 24
57433 24
57436 24
57472 24
57654 24
57748 24
57876 24
57882 24
57970 24
57973 24
58002 24
58026 24
58049 24
58232 24
58318 24
58346 24
58557 24
58774 24
58862 24
58951 24
58994 24
59063 24
59165 24
59707 24
59830 24
59874 24
59904 24
59905 24
60061 24
60103 24
60395 24
60522 24
60773 24
60917 24
60985 24
61014 24
61034 24
61128 24
61246 24
61341 24
61515 24
61612 24
61619 24
61727 24
61739 24
61888 24
61961 24
61962 24
62119 24
62145 24
62157 24
62162 24
62361 24
62382 24
62451 24
62490 24
62542 24
62575 24
62663 24
62920 24
62961 24
63000 24
63095 24
63291 24
63367 24
63467 24
63488 24
63604 24
63644 24
63714 24
63796 24
63960 24
64400 24
64407 24
64417 24
64424 24
64642 24
64736 24
64858 24
64995 24
65026 24
65207 24
65361 24
65421 24
65485 24
65494 24
65515 24
65580 24
65674 24
65843 24
65949 24
66028 24
66166 24
66180 24
66232 24
66258 24
66417 24
66557 24
66676 24
66724 24
66802 24
66875 24
66881 24
66896 24
66970 24
66987 24
67166 24
67176 24
67346 24
67353 24
67429 24
67522 24
67531 24
67620 24
67712 24
67736 24
67829 24
67878 24
67880 24
67984 24
68100 24
68101 24
68113 24
68149 24
68167 24
68501 24
68610 24
68638 24
68758 24
69029 24
69198 24
69381 24
69510 24
69621 24
69670 24
69789 24
69803 24
70021 24
70045 24
70121 24
70138 24
70251 24
70377 24
70419 24
70472 24
70613 24
70790 24
70861 24
70868 24
70917 24
71074 24
71366 24
71388 24
71425 24
71523 24
71582 24
71619 24
71765 24
71930 24
71996 24
72085 24
72107 24
72175 24
72196 24
72294 24
72301 24
72343 24
72358 24
72574 24
72593 24
72658 24
72892 24
72952 24
72988 24
73071 24
73128 24
73404 24
73428 24
73590 24
73615 24
73646 24
73653 24
73667 24
73841 24
73903 24
74059 24
74095 24
74254 24
74347 24
74405 24
74434 24
74440 24
74471 24
74474 24
74497 24
74588 24
74599 24
74758 24
74780 24
74781 24
74786 24
74913 24
74932 24
74947 24
75007 24
75052 24
75111 24
75152 24
75154 24
75298 24
75409 24
75456 24
75947 24
75984 24
76004 24
76088 24
76437 24
76484 24
76732 24
76843 24
76861 24
77072 24
77148 24
77329 24
77543 24
77838 24
78075 24
78135 24
78255 24
78471 24
78476 24
78498 24
78502 24
78940 24
78942 24
78960 24
78979 24
79069 24
79108 24
79135 24
79464 24
79530 24
80144 24
80247 24
80286 24
80392 24
80477 24
80509 24
80609 24
80662 24
80687 24
80709 24
80906 24
80930 24
80999 24
81117 24
81155 24
81239 24
81447 24
81492 24
81622 24
81631 24
81686 24
81694 24
81704 24
81762 24
81922 24
81928 24
81968 24
81983 24
82018 24
82091 24
82256 24
82303 24
82310 24
82322 24
82490 24
82676 24
82821 24
82873 24
82963 24
83120 24
83139 24
83250 24
83284 24
83304 24
83323 24
83433 24
83604 24
83737 24
83738 24
83834 24
84002 24
84079 24
84143 24
84158 24
84159 24
84219 24
84234 24
84235 24
84299 24
84346 24
84374 24
84378 24
84406 24
84491 24
84528 24
84595 24
84870 24
85207 24
85576 24
85618 24
85624 24
85716 24
85760 24
85936 24
85990 24
86141 24
86178 24
86439 24
86699 24
86713 24
86728 24
86776 24
86921 24
86943 24
86970 24
87056 24
87095 24
87380 24
87728 24
87821 24
87847 24
87859 24
87916 24
87952 24
88020 24
88052 24
88269 24
88280 24
88282 24
88305 24
88312 24
88355 24
88407 24
88434 24
88435 24
88542 24
88743 24
88763 24
88820 24
88836 24
88868 24
88871 24
88948 24
89005 24
89039 24
89246 24
89452 24
89509 24
89614 24
89779 24
89846 24
89875 24
89893 24
89998 24
90037 24
90142 24
90175 24
90276 24
90302 24
90310 24
90391 24
90422 24
90443 24
90467 24
90472 24
90489 24
90505 24
90601 24
90742 24
91001 24
91019 24
91120 24
91176 24
91301 24
91415 24
91417 24
91468 24
91504 24
91617 24
91715 24
91778 24
91787 24
91963 24
92012 24
92014 24
92064 24
92066 24
92229 24
92488 24
92498 24
92531 24
92580 24
92789 24
92896 24
93004 24
93033 24
93089 24
93108 24
93202 24
93218 24
93329 24
93349 24
93352 24
93380 24
93407 24
93506 24
93619 24
93703 24
94095 24
94119 24
94202 24
94282 24
94419 24
94420 24
94478 24
94515 24
94601 24
94855 24
95141 24
95222 24
95338 24
95470 24
95471 24
95495 24
95498 24
95544 24
95627 24
95651 24
95698 24
95708 24
95871 24
95944 24
95945 24
96011 24
96061 24
96144 24
96416 24
96452 24
96500 24
96879 24
96908 24
96913 24
96971 24
97131 24
97395 24
97473 24
97612 24
97668 24
97770 24
97859 24
97943 24
97954 24
98080 24
98098 24
98175 24
98717 24
98730 24
98793 24
99115 24
99679 24
101127 24
101141 24
101273 24
102898 24
103280 24
103471 24
105032 24
106939 24
107814 24
107989 24
108066 24
108250 24
108273 24
110363 24
120205 24
129578 24
132241 24
148310 24
148393 24
148413 24
148493 24
148548 24
148593 24
148678 24
148929 24
148953 24
148988 24
149070 24
149142 24
149145 24
149153 24
149155 24
149169 24
149237 24
149321 24
149402 24
149420 24
149478 24
149756 24
150007 24
150033 24
150047 24
150075 24
150087 24
150139 24
150180 24
150254 24
150264 24
150436 24
150487 24
150649 24
150783 24
151262 24
151265 24
151374 24
151440 24
151572 24
151697 24
151708 24
151858 24
151907 24
152179 24
152190 24
152363 24
152372 24
152570 24
152786 24
152886 24
152959 24
153130 24
153206 24
153290 24
153328 24
153353 24
153570 24
153710 24
153755 24
153838 24
153919 24
154059 24
154269 24
154272 24
154356 24
154361 24
154373 24
154478 24
154676 24
154684 24
154699 24
154705 24
154750 24
154845 24
154868 24
154887 24
154992 24
155027 24
155140 24
155288 24
155366 24
155433 24
155529 24
155567 24
155738 24
155768 24
156245 24
156371 24
156382 24
156406 24
156444 24
156455 24
156458 24
156662 24
156780 24
156798 24
156851 24
156923 24
156932 24
156988 24
157046 24
157149 24
157216 24
157342 24
157466 24
157601 24
157625 24
157703 24
157729 24
158072 24
158270 24
158491 24
158628 24
158634 24
158723 24
158752 24
158785 24
158842 24
159112 24
159174 24
159251 24
159266 24
159647 24
159731 24
159788 24
159911 24
160292 24
160350 24
160351 24
160504 24
160606 24
160685 24
161270 24
161293 24
161442 24
161464 24
161666 24
161820 24
161851 24
161909 24
161974 24
162014 24
162076 24
162188 24
162359 24
162445 24
162465 24
162766 24
162805 24
162847 24
162963 24
162976 24
163028 24
163072 24
163147 24
163228 24
163261 24
163276 24
163331 24
163381 24
163435 24
163484 24
163543 24
163774 24
164103 24
164105 24
164196 24
164390 24
164890 24
164943 24
164992 24
165095 24
165236 24
165237 24
165322 24
165338 24
165350 24
165403 24
165522 24
165605 24
165620 24
165857 24
165992 24
166020 24
166236 24
166452 24
166588 24
166594 24
166883 24
167009 24
167248 24
167326 24
167475 24
167520 24
167750 24
167785 24
167819 24
168119 24
168227 24
168250 24
168332 24
168517 24
168589 24
168673 24
168770 24
168809 24
168882 24
169416 24
169421 24
169669 24
169807 24
169932 24
169988 24
170016 24
170032 24
170080 24
170418 24
170458 24
170517 24
170523 24
170646 24
171023 24
171092 24
171184 24
171186 24
171382 24
171450 24
171583 24
171746 24
171747 24
171819 24
171837 24
171989 24
172130 24
172185 24
172242 24
172341 24
172368 24
172370 24
172415 24
172445 24
172750 24
172895 24
172983 24
173049 24
173105 24
173166 24
173181 24
173264 24
173300 24
173493 24
173640 24
173971 24
174167 24
174176 24
174416 24
174448 24
174628 24
174664 24
174679 24
174776 24
174789 24
174873 24
174985 24
175150 24
175183 24
175191 24
175386 24
175533 24
175561 24
175615 24
175675 24
175678 24
175727 24
175736 24
175849 24
175854 24
175874 24
176042 24
176205 24
176460 24
176587 24
176659 24
176734 24
176793 24
176923 24
177001 24
177032 24
177101 24
177108 24
177267 24
177291 24
177292 24
177315 24
177354 24
177422 24
177443 24
177469 24
177572 24
177578 24
177653 24
177775 24
177799 24
177817 24
178048 24
178099 24
178106 24
178171 24
178187 24
178351 24
178606 24
178647 24
178874 24
178954 24
179001 24
179093 24
179369 24
179556 24
179593 24
179619 24
179842 24
179895 24
180019 24
180106 24
180307 24
180813 24
181059 24
181108 24
181109 24
181114 24
181180 24
181278 24
181377 24
181401 24
181436 24
181531 24
181560 24
181657 24
181835 24
181955 24
181965 24
182036 24
182200 24
182264 24
182310 24
182389 24
182392 24
182414 24
182475 24
182581 24
182691 24
182700 24
182809 24
182874 24
183108 24
183114 24
183125 24
183249 24
183430 24
183562 24
183668 24
184021 24
184035 24
184124 24
184419 24
184507 24
184613 24
184889 24
184894 24
185050 24
185350 24
185524 24
185709 24
185793 24
185816 24
185848 24
185864 24
185976 24
186206 24
186283 24
186365 24
186460 24
186518 24
186682 24
186760 24
186786 24
186914 24
187208 24
187218 24
187600 24
187606 24
187671 24
187793 24
187916 24
187981 24
188036 24
188052 24
188074 24
188164 24
188221 24
188302 24
188351 24
188393 24
188589 24
188757 24
188763 24
188764 24
188773 24
188913 24
189034 24
189035 24
189248 24
189485 24
189641 24
189820 24
189863 24
190555 24
190755 24
190970 24
190973 24
191070 24
191075 24
191119 24
191144 24
191297 24
191328 24
191435 24
191466 24
191637 24
191688 24
191698 24
191734 24
191772 24
191923 24
191959 24
192003 24
192095 24
192139 24
192186 24
192225 24
192243 24
192257 24
192373 24
192503 24
192574 24
192587 24
192711 24
193037 24
193047 24
193158 24
193296 24
193436 24
193459 24
193757 24
193918 24
193933 24
193964 24
194246 24
194394 24
194486 24
194522 24
194638 24
194785 24
194860 24
194922 24
194925 24
194973 24
194985 24
195000 24
195072 24
195258 24
195274 24
195318 24
195362 24
195476 24
195521 24
195588 24
195793 24
195831 24
195925 24
195972 24
196081 24
196133 24
196200 24
196255 24
196303 24
196307 24
196353 24
196439 24
196482 24
196622 24
196702 24
196733 24
196740 24
196818 24
197042 24
197168 24
197184 24
197412 24
197562 24
197626 24
197651 24
197877 24
197931 24
197944 24
198020 24
198404 24
198790 24
198999 24
199556 24
199567 24
199593 24
199667 24
199969 24
199977 24
200037 24
200069 24
200075 24
200104 24
200275 24
200328 24
200507 24
200508 24
200589 24
200732 24
200999 24
201027 24
201127 24
201311 24
201330 24
201365 24
201597 24
201788 24
202051 24
202189 24
202223 24
202300 24
202366 24
202379 24
202398 24
202579 24
202609 24
202698 24
202709 24
202818 24
202849 24
203051 24
203224 24
203333 24
203359 24
203441 24
203449 24
203469 24
203582 24
203666 24
203672 24
203753 24
203909 24
204065 24
204422 24
204632 24
204677 24
204820 24
204841 24
204909 24
204976 24
205223 24
205307 24
205463 24
205499 24
205593 24
205630 24
205675 24
205718 24
205748 24
206069 24
206122 24
206164 24
206218 24
206228 24
206397 24
206444 24
206449 24
206626 24
206848 24
206864 24
206904 24
206922 24
207270 24
207326 24
207402 24
207729 24
207784 24
207822 24
207895 24
208018 24
208055 24
208234 24
208265 24
208284 24
208452 24
208496 24
208584 24
208669 24
208722 24
208821 24
209105 24
209181 24
209290 24
209322 24
209380 24
209513 24
209638 24
209715 24
209849 24
209867 24
209885 24
210052 24
210276 24
210368 24
210412 24
210512 24
210625 24
210863 24
210914 24
210961 24
211108 24
211211 24
211235 24
211618 24
211809 24
212164 24
212205 24
212297 24
212444 24
212457 24
212523 24
212664 24
212688 24
212721 24
212818 24
212840 24
212936 24
213061 24
213454 24
213655 24
213682 24
213735 24
213836 24
213839 24
213870 24
214014 24
214045 24
214054 24
214396 24
214440 24
214743 24
214756 24
214882 24
215166 24
215278 24
215489 24
215694 24
215892 24
216355 24
216411 24
216495 24
216538 24
216724 24
216869 24
216907 24
216933 24
217070 24
217527 24
217713 24
217728 24
217807 24
218116 24
218530 24
218549 24
218581 24
218650 24
218732 24
219161 24
219193 24
219204 24
219792 24
220030 24
220112 24
220224 24
220625 24
221097 24
221226 24
221263 24
221301 24
221304 24
221376 24
221565 24
221601 24
221602 24
221612 24
221738 24
221809 24
221962 24
222112 24
222229 24
222396 24
222446 24
222453 24
222471 24
222611 24
222650 24
222729 24
222731 24
222908 24
222972 24
223129 24
223418 24
223816 24
224113 24
224142 24
224168 24
224238 24
224398 24
224529 24
224680 24
224866 24
225206 24
225300 24
225559 24
225917 24
225978 24
226007 24
226038 24
226087 24
226633 24
226743 24
226814 24
227017 24
227103 24
227218 24
227297 24
227672 24
228273 24
228452 24
228583 24
228790 24
229269 24
229289 24
229339 24
229385 24
230069 24
230196 24
230206 24
230286 24
230288 24
230294 24
230345 24
230490 24
230513 24
231003 24
231034 24
231094 24
231122 24
231423 24
231592 24
231649 24
231667 24
231863 24
232014 24
232077 24
232201 24
232323 24
232414 24
232513 24
232616 24
232642 24
232750 24
232882 24
232951 24
232988 24
233058 24
233174 24
233193 24
233391 24
233407 24
233459 24
233685 24
233988 24
234298 24
234360 24
234607 24
234686 24
234753 24
234792 24
234833 24
234975 24
235219 24
235429 24
235591 24
235723 24
235769 24
235884 24
235911 24
236060 24
236064 24
236116 24
236140 24
236482 24
236644 24
236862 24
236887 24
236891 24
236987 24
237233 24
237322 24
237460 24
237576 24
237584 24
237717 24
237832 24
238010 24
238199 24
238477 24
238617 24
238630 24
238696 24
238705 24
238715 24
238747 24
238839 24
238878 24
238943 24
238956 24
239225 24
239259 24
239562 24
239706 24
239721 24
239876 24
240010 24
240042 24
240078 24
240172 24
240197 24
240364 24
240505 24
240520 24
240538 24
240637 24
240695 24
240925 24
241036 24
241107 24
241546 24
241821 24
241994 24
242116 24
242277 24
242293 24
242343 24
242597 24
242692 24
242876 24
243020 24
243101 24
243293 24
243417 24
243426 24
243533 24
243573 24
243605 24
243609 24
243640 24
243645 24
243903 24
244037 24
244125 24
244180 24
244182 24
244409 24
244543 24
244953 24
244958 24
244992 24
245090 24
245108 24
245222 24
245294 24
245719 24
245862 24
245882 24
245943 24
245948 24
246176 24
246278 24
246286 24
246391 24
246451 24
246591 24
247369 24
247520 24
247557 24
1839 22
7858 22
9519 22
10008 22
11755 22
11860 22
12075 22
12657 22
12728 22
12812 22
14684 22
16225 22
16381 22
16736 22
17613 22
17813 22
18224 22
18363 22
18899 22
20370 22
20530 22
22726 22
23760 22
24306 22
24431 22
24871 22
25639 22
26727 22
28114 22
29279 22
30791 22
30809 22
32199 22
32340 22
32629 22
32756 22
33557 22
33717 22
33880 22
34411 22
35417 22
36204 22
38227 22
38548 22
38893 22
38926 22
39298 22
39896 22
41103 22
41844 22
42219 22
44337 22
45095 22
45386 22
47490 22
48497 22
49595 22
49817 22
50114 22
50946 22
50970 22
51591 22
51744 22
52013 22
52091 22
53114 22
53806 22
54569 22
54902 22
55529 22
58162 22
58315 22
58381 22
58841 22
58943 22
59044 22
60832 22
60842 22
61676 22
62548 22
63502 22
63546 22
64692 22
64812 22
65696 22
65991 22
66798 22
67852 22
68718 22
69752 22
70733 22
71063 22
71427 22
72931 22
73006 22
73485 22
74263 22
75022 22
75461 22
75869 22
76257 22
76544 22
76773 22
76852 22
77570 22
78106 22
78363 22
78370 22
78444 22
78920 22
79522 22
79793 22
80007 22
80442 22
81754 22
82023 22
82493 22
82740 22
83704 22
83829 22
84120 22
85148 22
85234 22
86100 22
86364 22
86618 22
87804 22
88550 22
88746 22
88827 22
89248 22
89251 22
89531 22
89665 22
90117 22
90963 22
91587 22
92314 22
92659 22
92810 22
93273 22
93322 22
93396 22
94316 22
94513 22
94520 22
94870 22
95500 22
95813 22
95917 22
95930 22
96065 22
96075 22
96114 22
96507 22
96752 22
97161 22
97204 22
97516 22
98168 22
148724 22
149101 22
149102 22
149975 22
150900 22
152118 22
153123 22
157707 22
158135 22
158978 22
169392 22
169514 22
169716 22
179820 22
180459 22
184451 22
195622 22
197436 22
198485 22
205316 22
211364 22
213635 22
224191 22
229845 22
232378 22
240480 22
4411 22
8247 22
9161 22
10043 22
13577 22
14259 22
15502 22
15538 22
19450 22
21918 22
22723 22
22803 22
23253 22
23624 22
23654 22
24506 22
24805 22
26604 22
27806 22
28735 22
29342 22
30158 22
30617 22
30721 22
31115 22
31775 22
32295 22
33437 22
33988 22
34304 22
35151 22
35847 22
36226 22
36291 22
37883 22
38467 22
38846 22
40399 22
40696 22
41057 22
41390 22
42131 22
42505 22
42528 22
43290 22
43352 22
43600 22
44348 22
44497 22
44516 22
44706 22
45526 22
45916 22
45946 22
46978 22
47100 22
47668 22
48199 22
48729 22
50817 22
50996 22
51717 22
52312 22
53157 22
56510 22
57022 22
57295 22
57481 22
57960 22
58154 22
58903 22
58939 22
59644 22
59893 22
60524 22
60600 22
61353 22
61578 22
61623 22
61978 22
62478 22
63534 22
63797 22
63890 22
64018 22
64224 22
65003 22
65213 22
65766 22
66215 22
67104 22
68150 22
69613 22
70217 22
71202 22
71762 22
72076 22
72227 22
73215 22
74329 22
75339 22
76007 22
76894 22
77527 22
77811 22
78346 22
78609 22
78717 22
78944 22
79358 22
80601 22
80923 22
80926 22
81334 22
81375 22
81518 22
81643 22
82016 22
82521 22
83388 22
84848 22
85048 22
85177 22
85327 22
85434 22
85454 22
85523 22
85566 22
85838 22
86091 22
86103 22
86337 22
87344 22
87383 22
88958 22
89474 22
90099 22
90191 22
91287 22
91447 22
91533 22
91594 22
92146 22
92687 22
92769 22
92904 22
92961 22
93078 22
93240 22
95004 22
95290 22
95364 22
95599 22
95815 22
96116 22
96498 22
148341 22
148360 22
148415 22
148794 22
149759 22
149885 22
150371 22
151626 22
152452 22
152499 22
153553 22
153962 22
154209 22
154289 22
156091 22
157546 22
160149 22
160442 22
160652 22
161608 22
161793 22
161999 22
162159 22
162281 22
162728 22
164287 22
164968 22
168143 22
168737 22
170242 22
170303 22
171304 22
171663 22
172262 22
173315 22
173357 22
173503 22
173577 22
173743 22
173891 22
174216 22
174659 22
175268 22
175291 22
175509 22
175895 22
176322 22
176387 22
177190 22
177344 22
177470 22
178335 22
178369 22
179128 22
179731 22
180258 22
180429 22
180555 22
180826 22
180876 22
180959 22
180971 22
181201 22
181429 22
181693 22
181804 22
182803 22
183085 22
183714 22
184258 22
184394 22
184824 22
186810 22
187188 22
187497 22
187509 22
187725 22
188356 22
189349 22
189459 22
189467 22
189581 22
189743 22
190048 22
190469 22
190571 22
191490 22
191547 22
192089 22
192744 22
192904 22
193481 22
193661 22
193881 22
194235 22
194686 22
195264 22
195295 22
195374 22
197007 22
197008 22
197108 22
198838 22
198885 22
199917 22
200039 22
200234 22
200362 22
201118 22
201503 22
202175 22
202227 22
203082 22
203601 22
204312 22
205343 22
208016 22
208448 22
209271 22
211149 22
211533 22
212076 22
212357 22
213108 22
214715 22
214879 22
216164 22
216829 22
218856 22
219430 22
219689 22
219695 22
220033 22
220317 22
221181 22
222496 22
223053 22
223859 22
225034 22
225812 22
225902 22
226237 22
226353 22
227422 22
228824 22
229940 22
230279 22
231195 22
232385 22
233100 22
234460 22
236392 22
236653 22
238967 22
239286 22
239644 22
240000 22
240065 22
241460 22
241591 22
242108 22
242512 22
243167 22
243168 22
243510 22
243948 22
244633 22
246151 22
6388 21
7550 21
8212 21
10119 21
10609 21
11830 21
12512 21
12589 21
13133 21
13530 21
14690 21
16098 21
16372 21
16530 21
16824 21
20262 21
21210 21
22056 21
22140 21
23121 21
23514 21
23947 21
24466 21
25022 21
25496 21
25894 21
26051 21
26460 21
27229 21
27429 21
27831 21
30868 21
31577 21
33483 21
34840 21
36663 21
36872 21
37089 21
37210 21
37290 21
37565 21
39624 21
39724 21
39873 21
40126 21
40841 21
41002 21
41893 21
43800 21
44006 21
44535 21
45501 21
45521 21
45974 21
46948 21
46994 21
47210 21
47727 21
48653 21
50645 21
50967 21
51265 21
51658 21
52095 21
52096 21
52377 21
52842 21
52986 21
53205 21
53996 21
54064 21
54612 21
55302 21
55528 21
56631 21
56804 21
57342 21
57343 21
57493 21
57537 21
58475 21
59133 21
59658 21
59719 21
59727 21
59819 21
59940 21
59954 21
60030 21
60460 21
60941 21
61297 21
61581 21
61615 21
61748 21
62485 21
62496 21
62540 21
62705 21
63583 21
64196 21
64300 21
66082 21
66104 21
66182 21
66683 21
66849 21
66996 21
67073 21
67529 21
67682 21
67746 21
68086 21
68633 21
69414 21
69691 21
69802 21
70184 21
71131 21
71321 21
71954 21
72833 21
73103 21
73491 21
73534 21
73839 21
73978 21
74527 21
74746 21
74764 21
74834 21
75163 21
75620 21
76285 21
77698 21
77928 21
78007 21
78328 21
79889 21
80746 21
81110 21
81176 21
81409 21
82424 21
82846 21
83136 21
83820 21
83933 21
84573 21
84660 21
85140 21
85619 21
85714 21
86163 21
86392 21
86580 21
87403 21
87649 21
87736 21
87949 21
88173 21
88406 21
88646 21
88720 21
89285 21
89551 21
89599 21
90209 21
90634 21
91406 21
91454 21
91584 21
91604 21
91909 21
92129 21
92647 21
92733 21
93035 21
93501 21
94221 21
94465 21
95406 21
95458 21
95523 21
95924 21
95972 21
95992 21
96212 21
96305 21
96688 21
96726 21
96753 21
96865 21
97029 21
97254 21
98335 21
98736 21
99721 21
107671 21
108087 21
108101 21
148288 21
148333 21
148405 21
148430 21
148489 21
148685 21
148754 21
148887 21
148928 21
148982 21
149007 21
149362 21
149497 21
149804 21
149894 21
150133 21
150143 21
150153 21
150194 21
150259 21
150424 21
150442 21
150559 21
150676 21
150757 21
150772 21
151170 21
151319 21
151710 21
151982 21
151986 21
152125 21
152391 21
152446 21
152668 21
152748 21
152904 21
152941 21
153500 21
153591 21
153733 21
153783 21
153922 21
154374 21
154391 21
154407 21
154534 21
154823 21
155300 21
155510 21
155600 21
156181 21
156318 21
156676 21
156905 21
157260 21
157371 21
157727 21
157826 21
158130 21
158231 21
158519 21
158592 21
158601 21
158956 21
159455 21
159722 21
159815 21
159840 21
159885 21
160448 21
161327 21
161549 21
161632 21
161826 21
161844 21
161898 21
161943 21
162270 21
162324 21
162347 21
162984 21
163082 21
163104 21
163180 21
163195 21
163468 21
163488 21
163584 21
163587 21
163670 21
163721 21
164306 21
164583 21
164700 21
164849 21
164902 21
165211 21
165442 21
165747 21
165970 21
166416 21
167023 21
167376 21
167409 21
167464 21
167598 21
168016 21
168293 21
168370 21
168621 21
168652 21
168697 21
168706 21
168820 21
168868 21
168896 21
169600 21
169808 21
169817 21
170034 21
170164 21
170631 21
170643 21
170674 21
170821 21
170856 21
170977 21
171099 21
171118 21
171274 21
171359 21
171592 21
171650 21
171972 21
172255 21
172383 21
172437 21
172517 21
172524 21
172778 21
173340 21
174221 21
174489 21
175251 21
175343 21
175355 21
175491 21
175512 21
175576 21
175627 21
175865 21
175879 21
175900 21
175943 21
176005 21
176109 21
176520 21
176652 21
176917 21
177217 21
177456 21
177595 21
177656 21
177843 21
177932 21
178135 21
178143 21
178349 21
178904 21
179041 21
179151 21
179345 21
179364 21
179465 21
179717 21
180778 21
180816 21
181100 21
181238 21
181283 21
181422 21
181665 21
181752 21
181787 21
181819 21
182043 21
182270 21
182371 21
182571 21
182573 21
182864 21
183837 21
184116 21
184416 21
184590 21
184617 21
184695 21
184702 21
184965 21
185015 21
185137 21
185190 21
185231 21
185457 21
185475 21
185539 21
185962 21
186075 21
186329 21
186367 21
186753 21
187173 21
187285 21
187425 21
187576 21
188012 21
188102 21
188552 21
188569 21
188869 21
189572 21
189749 21
190134 21
190343 21
190382 21
190442 21
190944 21
191240 21
191246 21
191270 21
191304 21
192125 21
192140 21
192182 21
192317 21
192582 21
192607 21
192852 21
192914 21
194099 21
194161 21
194368 21
194538 21
194617 21
195056 21
195247 21
195366 21
195379 21
195396 21
195409 21
195565 21
195596 21
196566 21
197086 21
197578 21
198134 21
198275 21
198348 21
198372 21
198685 21
198873 21
199028 21
199192 21
199916 21
200016 21
200257 21
200558 21
200633 21
200968 21
201129 21
201134 21
201219 21
201762 21
202003 21
202094 21
202238 21
202266 21
202353 21
202420 21
202457 21
202523 21
202679 21
203148 21
203350 21
203573 21
203593 21
203620 21
203825 21
204137 21
204479 21
204898 21
204972 21
205313 21
205931 21
206416 21
206566 21
206758 21
206885 21
207037 21
207295 21
207459 21
208005 21
208406 21
208492 21
208615 21
208663 21
208752 21
209239 21
209425 21
209734 21
209881 21
210220 21
210518 21
210520 21
210523 21
211140 21
211205 21
211243 21
211410 21
211530 21
211886 21
212299 21
212568 21
212997 21
213538 21
213592 21
213642 21
213798 21
214168 21
214291 21
214458 21
214615 21
214696 21
214854 21
215227 21
215420 21
215496 21
215836 21
216022 21
216048 21
216188 21
216210 21
216358 21
217022 21
217626 21
218670 21
218683 21
219814 21
220184 21
220485 21
220571 21
221041 21
221744 21
221822 21
221867 21
222240 21
222339 21
222345 21
222717 21
222914 21
223283 21
223405 21
223763 21
223783 21
224811 21
225279 21
225352 21
225496 21
226069 21
226476 21
227200 21
227817 21
228081 21
228330 21
228375 21
228506 21
229333 21
229483 21
229722 21
230205 21
230390 21
230852 21
231117 21
231750 21
232113 21
232120 21
232717 21
232788 21
233380 21
233476 21
233709 21
233912 21
234131 21
234590 21
234963 21
235036 21
235476 21
235490 21
235536 21
235586 21
235982 21
236843 21
237117 21
237644 21
237730 21
238027 21
238310 21
238474 21
238501 21
238739 21
239565 21
239764 21
240404 21
240438 21
240504 21
240675 21
241110 21
241179 21
241412 21
241667 21
241819 21
242582 21
242863 21
242870 21
243238 21
243315 21
243625 21
243789 21
243836 21
244457 21
244631 21
244915 21
245500 21
245526 21
246098 21
246630 21
246701 21
246989 21
247430 21
1169 20
2326 20
2611 20
4198 20
4579 20
5123 20
5431 20
5644 20
5688 20
6580 20
7266 20
7908 20
7939 20
8257 20
8493 20
9081 20
9211 20
9316 20
9545 20
9899 20
9921 20
10328 20
10423 20
10441 20
10448 20
10687 20
11328 20
12191 20
12330 20
12600 20
12734 20
13169 20
13436 20
13463 20
13603 20
13641 20
14368 20
14579 20
14719 20
14771 20
14974 20
14990 20
15224 20
15242 20
15249 20
15639 20
15701 20
16370 20
16848 20
16885 20
16914 20
16978 20
17123 20
17446 20
17460 20
17493 20
17858 20
17947 20
17979 20
18113 20
18121 20
18215 20
18345 20
18604 20
18634 20
18719 20
18846 20
18876 20
19238 20
19243 20
19328 20
19378 20
19475 20
19526 20
19972 20
20200 20
20322 20
20356 20
20646 20
20870 20
20881 20
20929 20
21162 20
21198 20
21424 20
21425 20
21491 20
21529 20
21788 20
21799 20
21841 20
21942 20
22146 20
22252 20
22395 20
22420 20
22436 20
22849 20
22917 20
23332 20
23391 20
23529 20
23694 20
23745 20
23817 20
24085 20
24158 20
24181 20
24371 20
24411 20
24558 20
25222 20
25418 20
25698 20
25985 20
26083 20
26149 20
26269 20
26325 20
26326 20
26364 20
26505 20
26520 20
26625 20
26671 20
26732 20
26883 20
26938 20
26971 20
27195 20
27689 20
27981 20
28164 20
28351 20
28386 20
28452 20
28517 20
28618 20
28636 20
28654 20
28745 20
29196 20
29204 20
29572 20
29662 20
29734 20
29739 20
29942 20
29951 20
29992 20
30075 20
30088 20
30175 20
30206 20
30247 20
30250 20
30307 20
30380 20
30387 20
30432 20
30487 20
30878 20
30998 20
31193 20
31497 20
31503 20
31652 20
31783 20
31840 20
32138 20
32164 20
32201 20
32217 20
32245 20
32452 20
32519 20
32548 20
32625 20
32720 20
33003 20
33048 20
33058 20
33112 20
33117 20
33169 20
33187 20
33235 20
33381 20
33548 20
33624 20
33736 20
33787 20
33846 20
34034 20
34289 20
34588 20
34594 20
34640 20
34861 20
34979 20
34999 20
35005 20
35103 20
35598 20
35743 20
35828 20
35875 20
35949 20
35993 20
36021 20
36029 20
36105 20
36114 20
36322 20
36385 20
36450 20
36631 20
36755 20
37016 20
37091 20
37173 20
37243 20
37297 20
37380 20
37409 20
37434 20
37546 20
37554 20
37600 20
37653 20
37672 20
37678 20
37717 20
37724 20
37772 20
37830 20
37944 20
38027 20
38091 20
38140 20
38168 20
38311 20
38335 20
38476 20
38506 20
38767 20
38849 20
38912 20
38928 20
38931 20
38938 20
39080 20
39179 20
39290 20
39436 20
39497 20
39602 20
39609 20
39697 20
39793 20
39995 20
40082 20
40245 20
40315 20
40325 20
40415 20
40587 20
40666 20
40717 20
40723 20
40752 20
40796 20
41007 20
41189 20
41441 20
41460 20
41486 20
41648 20
41715 20
41739 20
41742 20
41746 20
42160 20
42239 20
42595 20
42703 20
42739 20
42772 20
42890 20
43003 20
43156 20
43175 20
43233 20
43258 20
43308 20
43333 20
43462 20
43597 20
43630 20
43681 20
43843 20
43869 20
43885 20
43949 20
43958 20
44106 20
44154 20
44180 20
44412 20
44902 20
44907 20
44953 20
44991 20
45177 20
45206 20
45236 20
45283 20
45547 20
45587 20
45613 20
45654 20
46045 20
46167 20
46444 20
46601 20
46733 20
46879 20
46884 20
47038 20
47182 20
47417 20
47444 20
47457 20
47730 20
47819 20
47877 20
48016 20
48021 20
48101 20
48158 20
48222 20
48250 20
48273 20
48300 20
48356 20
48457 20
48598 20
48672 20
48698 20
48742 20
48831 20
48891 20
48911 20
49066 20
49082 20
49298 20
49315 20
49323 20
49350 20
49517 20
49551 20
49646 20
49659 20
49702 20
49761 20
49832 20
49917 20
49966 20
50107 20
50205 20
50439 20
50588 20
50615 20
50703 20
50773 20
50830 20
50835 20
50995 20
51195 20
51277 20
51303 20
51452 20
51585 20
51615 20
51736 20
51914 20
51966 20
51970 20
51994 20
52004 20
52115 20
52192 20
52245 20
52314 20
52319 20
52321 20
52337 20
52411 20
52653 20
52656 20
52712 20
52856 20
52872 20
53097 20
53101 20
53309 20
53324 20
53369 20
53455 20
53491 20
53618 20
53651 20
53804 20
53824 20
54011 20
54049 20
54079 20
54085 20
54088 20
54105 20
54123 20
54202 20
54224 20
54257 20
54467 20
54532 20
54533 20
54579 20
54662 20
54815 20
54850 20
54901 20
55077 20
55145 20
55297 20
55360 20
55379 20
55450 20
55489 20
55516 20
55653 20
55827 20
55862 20
55986 20
55992 20
56242 20
56308 20
56381 20
56461 20
56511 20
56714 20
56898 20
56954 20
57000 20
57068 20
57165 20
57323 20
57334 20
57355 20
57509 20
57526 20
57540 20
57569 20
57594 20
57697 20
57829 20
58050 20
58168 20
58376 20
58388 20
58479 20
58594 20
58650 20
58685 20
58742 20
58842 20
58945 20
58979 20
59071 20
59108 20
59146 20
59240 20
59440 20
59620 20
59701 20
59788 20
59841 20
59864 20
60008 20
60015 20
60102 20
60142 20
60178 20
60233 20
60283 20
60498 20
60511 20
60538 20
60583 20
60817 20
60867 20
60913 20
60937 20
60960 20
60982 20
61066 20
61194 20
61251 20
61325 20
61797 20
61799 20
61814 20
61841 20
61903 20
61913 20
61977 20
61996 20
62219 20
62277 20
62283 20
62387 20
62410 20
62436 20
62487 20
62547 20
62678 20
62840 20
62863 20
62868 20
62928 20
62994 20
63035 20
63092 20
63115 20
63153 20
63286 20
63303 20
63396 20
63416 20
63458 20
63498 20
63640 20
63691 20
63749 20
63806 20
63888 20
63981 20
64012 20
64086 20
64096 20
64326 20
64357 20
64394 20
64445 20
64449 20
64486 20
64534 20
64647 20
64695 20
64718 20
64883 20
64906 20
64918 20
64925 20
64971 20
64975 20
64987 20
65024 20
65044 20
65331 20
65402 20
65413 20
65502 20
65504 20
65505 20
65543 20
65571 20
65739 20
65881 20
66033 20
66076 20
66093 20
66120 20
66222 20
66225 20
66279 20
66300 20
66316 20
66327 20
66348 20
66395 20
66444 20
66494 20
66563 20
66572 20
66669 20
66688 20
66787 20
66973 20
67155 20
67209 20
67228 20
67338 20
67500 20
67552 20
67610 20
67764 20
67857 20
67954 20
68075 20
68090 20
68212 20
68307 20
68348 20
68470 20
68543 20
68552 20
68555 20
68567 20
68639 20
68698 20
68745 20
68805 20
68839 20
68874 20
68918 20
68940 20
68956 20
69163 20
69357 20
69438 20
69566 20
69722 20
69829 20
69904 20
69999 20
70314 20
70318 20
70343 20
70479 20
70512 20
70620 20
70767 20
70802 20
70833 20
70908 20
70930 20
70982 20
71012 20
71026 20
71030 20
71194 20
71299 20
71469 20
71514 20
71663 20
71770 20
71854 20
71922 20
72023 20
72144 20
72286 20
72403 20
72428 20
72459 20
72527 20
72671 20
72914 20
73022 20
73120 20
73135 20
73167 20
73254 20
73255 20
73277 20
73316 20
73413 20
73446 20
73547 20
73738 20
73818 20
73972 20
74006 20
74081 20
74112 20
74221 20
74368 20
74370 20
74683 20
74903 20
75040 20
75170 20
75174 20
75182 20
75183 20
75199 20
75240 20
75304 20
75394 20
75494 20
75508 20
75558 20
75584 20
75609 20
75654 20
75799 20
75800 20
75822 20
75826 20
75896 20
76001 20
76025 20
76153 20
76224 20
76244 20
76274 20
76281 20
76339 20
76421 20
76485 20
76491 20
76507 20
76583 20
76590 20
76627 20
76656 20
76738 20
76819 20
76887 20
76914 20
76915 20
76943 20
77027 20
77120 20
77185 20
77234 20
77263 20
77320 20
77432 20
77447 20
77452 20
77544 20
77579 20
77677 20
77759 20
77874 20
77917 20
77947 20
77954 20
78119 20
78154 20
78215 20
78264 20
78337 20
78341 20
78342 20
78462 20
78530 20
78560 20
78612 20
78632 20
78809 20
78847 20
78959 20
79126 20
79176 20
79302 20
79326 20
79497 20
79504 20
79525 20
79602 20
79658 20
79850 20
79899 20
79942 20
80165 20
80168 20
80211 20
80232 20
80268 20
80321 20
80414 20
80479 20
80736 20
80740 20
80779 20
80844 20
80855 20
81202 20
81218 20
81220 20
81277 20
81346 20
81387 20
81444 20
81446 20
81482 20
81500 20
81566 20
81635 20
81666 20
81793 20
81924 20
81929 20
82124 20
82242 20
82414 20
82497 20
82631 20
82722 20
82756 20
83062 20
83233 20
83321 20
83354 20
83523 20
83530 20
83568 20
83732 20
83746 20
83770 20
83792 20
83866 20
83930 20
84367 20
84383 20
84650 20
84651 20
84763 20
84779 20
84839 20
84874 20
84960 20
85221 20
85254 20
85334 20
85571 20
85598 20
85637 20
85672 20
85961 20
86006 20
86015 20
86154 20
86214 20
86325 20
86352 20
86451 20
86470 20
86544 20
86641 20
86665 20
86707 20
86760 20
86865 20
86982 20
87049 20
87066 20
87209 20
87243 20
87358 20
87372 20
87548 20
87613 20
87753 20
87756 20
87780 20
87797 20
87906 20
87973 20
88005 20
88151 20
88268 20
88287 20
88319 20
88525 20
88540 20
88576 20
88704 20
88718 20
88857 20
89011 20
89152 20
89264 20
89273 20
89414 20
89487 20
89490 20
89610 20
89658 20
89660 20
89669 20
89675 20
89749 20
89787 20
89813 20
89817 20
89819 20
89991 20
90043 20
90051 20
90109 20
90194 20
90202 20
90337 20
90355 20
90357 20
90494 20
90513 20
90558 20
90623 20
90633 20
90788 20
90877 20
90878 20
90888 20
90889 20
90894 20
90907 20
91130 20
91133 20
91201 20
91391 20
91430 20
91439 20
91507 20
91528 20
91545 20
91557 20
91598 20
91614 20
91625 20
91659 20
91737 20
91828 20
91871 20
91872 20
92009 20
92057 20
92065 20
92081 20
92124 20
92165 20
92326 20
92337 20
92366 20
92457 20
92545 20
92614 20
92617 20
92693 20
92705 20
92890 20
93037 20
93085 20
93120 20
93148 20
93276 20
93303 20
93409 20
93421 20
93691 20
93723 20
93825 20
93993 20
93996 20
94001 20
94109 20
94145 20
94158 20
94249 20
94274 20
94321 20
94378 20
94384 20
94395 20
94557 20
94583 20
94814 20
94816 20
94817 20
94889 20
94960 20
94961 20
95021 20
95093 20
95124 20
95213 20
95234 20
95259 20
95276 20
95309 20
95344 20
95347 20
95367 20
95379 20
95383 20
95520 20
95568 20
95591 20
95665 20
95673 20
95762 20
95810 20
95847 20
95854 20
95887 20
95922 20
95932 20
95940 20
96040 20
96051 20
96149 20
96167 20
96170 20
96171 20
96205 20
96217 20
96222 20
96295 20
96312 20
96330 20
96390 20
96392 20
96395 20
96411 20
96428 20
96439 20
96443 20
96451 20
96459 20
96464 20
96466 20
96490 20
96492 20
96505 20
96517 20
96595 20
96646 20
96701 20
96729 20
96740 20
96747 20
96784 20
96817 20
96826 20
96834 20
96851 20
96852 20
96876 20
96889 20
96911 20
96936 20
96994 20
96998 20
97015 20
97017 20
97019 20
97073 20
97136 20
97138 20
97192 20
97239 20
97327 20
97366 20
97378 20
97425 20
97434 20
97448 20
97486 20
97501 20
97554 20
97556 20
97572 20
97584 20
97620 20
97678 20
97789 20
97802 20
97811 20
97816 20
97877 20
97887 20
97895 20
97897 20
97900 20
97974 20
97992 20
98109 20
98117 20
98118 20
98123 20
98138 20
98171 20
98253 20
98267 20
98280 20
98300 20
98404 20
98408 20
98409 20
98414 20
98415 20
98425 20
98443 20
98625 20
98630 20
98644 20
98645 20
98663 20
98695 20
98696 20
98816 20
98818 20
98820 20
98845 20
98857 20
98912 20
99125 20
99159 20
99181 20
99240 20
99438 20
99439 20
99442 20
99472 20
99485 20
99494 20
99499 20
99722 20
99943 20
99944 20
99999 20
100068 20
100069 20
100107 20
100113 20
100186 20
100535 20
100550 20
100663 20
100671 20
100706 20
100748 20
100805 20
100945 20
101033 20
101588 20
101591 20
101620 20
101624 20
101686 20
101702 20
101703 20
101756 20
101808 20
101876 20
101928 20
102027 20
102227 20
102294 20
102394 20
102740 20
103727 20
103729 20
103765 20
103772 20
103795 20
103806 20
103808 20
103934 20
103976 20
104000 20
104092 20
104126 20
104170 20
104204 20
104363 20
104370 20
104516 20
104542 20
104572 20
104606 20
104719 20
104902 20
104942 20
104983 20
105016 20
105085 20
105250 20
105318 20
105504 20
105736 20
105818 20
105933 20
106065 20
106643 20
106812 20
107716 20
108579 20
108607 20
108608 20
108620 20
108646 20
108651 20
108674 20
108676 20
109015 20
109041 20
109104 20
109106 20
109180 20
109232 20
109256 20
109265 20
109335 20
109336 20
109455 20
109570 20
109604 20
109666 20
109670 20
109713 20
109776 20
109792 20
109875 20
109887 20
109927 20
110057 20
110129 20
110200 20
110265 20
110280 20
110307 20
110321 20
110348 20
110373 20
110379 20
110458 20
110719 20
110853 20
110983 20
111014 20
111124 20
111191 20
111330 20
111427 20
111438 20
111445 20
111525 20
111557 20
111747 20
111802 20
111842 20
112056 20
112258 20
112657 20
112777 20
113342 20
113419 20
113906 20
114094 20
114358 20
114497 20
114508 20
114727 20
114947 20
115253 20
115683 20
115834 20
115873 20
115881 20
115963 20
116230 20
117077 20
117141 20
117188 20
117300 20
117434 20
118355 20
119021 20
119491 20
119536 20
119548 20
119650 20
119794 20
119967 20
120830 20
121214 20
121241 20
121929 20
121954 20
122101 20
123368 20
123498 20
123774 20
124133 20
124368 20
124588 20
124857 20
124884 20
124891 20
125083 20
125207 20
125338 20
125363 20
125384 20
125604 20
126046 20
126580 20
127086 20
127220 20
127316 20
127363 20
127387 20
127404 20
128355 20
128622 20
128844 20
129095 20
129100 20
130113 20
130160 20
130428 20
130691 20
130768 20
131194 20
131407 20
131834 20
133264 20
133284 20
133653 20
133843 20
135171 20
135540 20
136058 20
136251 20
136293 20
136657 20
138565 20
138863 20
138923 20
139041 20
139054 20
139895 20
140325 20
142636 20
143120 20
143882 20
144305 20
145876 20
146564 20
147021 20
147048 20
147229 20
147773 20
148309 20
148337 20
148435 20
148554 20
148579 20
148648 20
148680 20
148702 20
148759 20
148877 20
148881 20
148992 20
149037 20
149056 20
149127 20
149135 20
149208 20
149226 20
149252 20
149269 20
149285 20
149389 20
149470 20
149595 20
149604 20
149606 20
149637 20
149653 20
149752 20
149754 20
149823 20
149970 20
149994 20
149999 20
150023 20
150172 20
150199 20
150346 20
150366 20
150379 20
150483 20
150486 20
150488 20
150531 20
150577 20
150663 20
150687 20
150745 20
150860 20
150892 20
150931 20
150932 20
150941 20
150979 20
151069 20
151143 20
151280 20
151314 20
151329 20
151345 20
151361 20
151619 20
151709 20
151744 20
151795 20
151797 20
151807 20
151863 20
151967 20
152055 20
152063 20
152065 20
152097 20
152120 20
152196 20
152217 20
152218 20
152285 20
152393 20
152708 20
152722 20
152754 20
152871 20
152952 20
152971 20
153011 20
153210 20
153227 20
153275 20
153730 20
153740 20
153988 20
154182 20
154242 20
154385 20
154390 20
154428 20
154641 20
154856 20
154864 20
154883 20
154946 20
155078 20
155393 20
155396 20
155553 20
155561 20
155565 20
155621 20
156193 20
156497 20
156529 20
156592 20
157318 20
157508 20
157889 20
158286 20
158292 20
158576 20
158706 20
158725 20
158739 20
158746 20
158761 20
158767 20
158831 20
158834 20
158873 20
159316 20
159329 20
159362 20
159457 20
159806 20
159834 20
159838 20
159857 20
159919 20
159946 20
159967 20
160181 20
160240 20
160544 20
160682 20
160693 20
160883 20
161027 20
161339 20
161583 20
161696 20
161782 20
161901 20
162119 20
162204 20
162306 20
162364 20
162597 20
162614 20
163074 20
163170 20
163385 20
163413 20
163452 20
163945 20
165327 20
165456 20
165580 20
165651 20
165791 20
166356 20
166435 20
166844 20
167348 20
167465 20
167784 20
167839 20
167841 20
168009 20
168509 20
168606 20
168771 20
168960 20
168970 20
169123 20
169280 20
169305 20
169429 20
169621 20
169741 20
169979 20
170000 20
170153 20
170215 20
170775 20
171057 20
171120 20
171387 20
171540 20
172027 20
172320 20
172478 20
172654 20
172716 20
172844 20
172854 20
173018 20
173108 20
173255 20
173307 20
173602 20
173748 20
173893 20
173978 20
174202 20
174519 20
174704 20
175054 20
176060 20
176220 20
176239 20
176302 20
176665 20
176735 20
176953 20
176976 20
177317 20
177793 20
177800 20
177909 20
178064 20
178123 20
178688 20
179065 20
180318 20
180351 20
180368 20
180444 20
180837 20
181049 20
181370 20
181421 20
181576 20
181698 20
182024 20
182035 20
182682 20
182751 20
182997 20
183004 20
183192 20
183330 20
183639 20
183819 20
184292 20
184306 20
184373 20
184410 20
184966 20
185008 20
185262 20
185498 20
185557 20
185911 20
186019 20
186363 20
186734 20
187087 20
187392 20
187865 20
188542 20
188624 20
189278 20
189649 20
189699 20
189742 20
190025 20
190163 20
190251 20
190615 20
190730 20
191024 20
191250 20
191847 20
191900 20
192102 20
192215 20
192828 20
193411 20
193565 20
193790 20
193800 20
194239 20
194748 20
194901 20
195833 20
196506 20
196593 20
196645 20
196782 20
196841 20
197113 20
197242 20
197667 20
198988 20
199617 20
199786 20
200151 20
200608 20
201250 20
201461 20
202358 20
202737 20
202808 20
202822 20
203550 20
203558 20
204238 20
205556 20
206802 20
207917 20
209353 20
209528 20
209659 20
209988 20
210238 20
210811 20
211913 20
212232 20
212580 20
213524 20
213946 20
214146 20
214431 20
214432 20
214547 20
214582 20
215416 20
215581 20
215735 20
215841 20
215936 20
218684 20
218712 20
220048 20
220450 20
221541 20
221634 20
221868 20
222004 20
222374 20
222585 20
222827 20
222863 20
223093 20
224016 20
224265 20
225635 20
226532 20
227461 20
228136 20
228513 20
228698 20
229400 20
229908 20
230071 20
231455 20
231866 20
231984 20
232289 20
232477 20
232805 20
233323 20
233450 20
233587 20
233592 20
234185 20
234667 20
234852 20
236186 20
236470 20
237732 20
238794 20
238998 20
239323 20
240173 20
240507 20
241037 20
241074 20
241182 20
241422 20
243067 20
243435 20
243567 20
244680 20
245115 20
245859 20
246718 20
246798 20
247443 20
4453 20
15520 20
16567 20
20418 20
23169 20
23375 20
27268 20
29277 20
31636 20
32562 20
32691 20
33236 20
33897 20
34693 20
34741 20
34918 20
35068 20
36293 20
36664 20
38357 20
38559 20
38690 20
38964 20
40776 20
41070 20
41603 20
42625 20
44724 20
47083 20
48081 20
50450 20
52185 20
52244 20
52737 20
56294 20
60027 20
60527 20
61404 20
61906 20
61970 20
62359 20
66087 20
66923 20
67273 20
67508 20
67556 20
68804 20
70879 20
72018 20
72953 20
73838 20
73898 20
73998 20
74488 20
75027 20
75685 20
77978 20
78935 20
80496 20
81016 20
81727 20
81852 20
83283 20
84249 20
87659 20
88171 20
88458 20
88591 20
89351 20
92267 20
92442 20
92664 20
92811 20
93230 20
95203 20
95410 20
96105 20
174069 20
182880 20
201653 20
202965 20
212988 20
218043 20
245871 20
4153 19
7989 19
11742 19
12411 19
14487 19
15668 19
18928 19
18965 19
18994 19
19035 19
19093 19
19444 19
20154 19
21063 19
22612 19
22720 19
24712 19
25677 19
26890 19
27333 19
27361 19
27431 19
28725 19
29107 19
29484 19
29729 19
30338 19
31124 19
31237 19
31638 19
32492 19
32731 19
33854 19
34138 19
34837 19
35833 19
36506 19
36738 19
37231 19
37454 19
37508 19
37950 19
38253 19
40439 19
42163 19
42444 19
42751 19
43234 19
43625 19
43790 19
43990 19
44762 19
44997 19
45166 19
45172 19
46010 19
46409 19
46901 19
47039 19
47199 19
48869 19
50381 19
50662 19
51242 19
51754 19
51795 19
52535 19
52634 19
52988 19
53316 19
53626 19
54332 19
55209 19
55388 19
55433 19
55506 19
55507 19
55855 19
55929 19
56666 19
57033 19
57137 19
57656 19
57897 19
57923 19
58062 19
58254 19
58416 19
58960 19
59011 19
60079 19
60198 19
60248 19
60687 19
60803 19
61206 19
61273 19
61441 19
61495 19
61680 19
61714 19
62164 19
62202 19
63028 19
63912 19
64156 19
64863 19
65057 19
65076 19
66535 19
67218 19
67795 19
67824 19
68489 19
68651 19
69608 19
69686 19
70379 19
70708 19
70867 19
71491 19
71817 19
73241 19
73268 19
73474 19
73784 19
74572 19
74621 19
74744 19
75077 19
75205 19
75400 19
75670 19
75690 19
75846 19
75944 19
76496 19
77014 19
77170 19
77782 19
77787 19
78191 19
78335 19
78491 19
78855 19
78897 19
79838 19
80230 19
80369 19
80469 19
80683 19
81634 19
82840 19
82901 19
83047 19
83096 19
83517 19
83615 19
83949 19
84440 19
84819 19
84892 19
86112 19
86126 19
86237 19
86428 19
86723 19
87390 19
88543 19
88783 19
89234 19
89569 19
90196 19
90216 19
90309 19
91869 19
91915 19
92247 19
92713 19
93239 19
93512 19
93936 19
94593 19
95010 19
95355 19
95630 19
96321 19
97051 19
97461 19
103971 19
110405 19
148658 19
148863 19
149458 19
149705 19
150094 19
150110 19
150926 19
150948 19
151417 19
151424 19
151515 19
151908 19
151911 19
152152 19
153941 19
154169 19
154243 19
155057 19
155061 19
155275 19
155299 19
155387 19
155464 19
155687 19
155863 19
155920 19
155995 19
156741 19
156869 19
157771 19
157800 19
158096 19
158395 19
158699 19
158731 19
159109 19
159205 19
159538 19
160567 19
160609 19
162659 19
163559 19
163742 19
164157 19
164218 19
164378 19
164403 19
164908 19
166156 19
167256 19
167553 19
167934 19
168097 19
168118 19
168299 19
168507 19
168674 19
168739 19
168750 19
170121 19
170391 19
170938 19
170988 19
171325 19
171456 19
171657 19
171933 19
172396 19
172413 19
172569 19
172752 19
172804 19
172890 19
173118 19
173260 19
173906 19
173929 19
174091 19
174800 19
176861 19
177016 19
177171 19
177586 19
177717 19
177844 19
178446 19
179018 19
179324 19
179834 19
179952 19
180306 19
180416 19
180500 19
180803 19
181014 19
181267 19
181719 19
181839 19
182015 19
182996 19
183075 19
183746 19
183832 19
184162 19
184304 19
184935 19
184936 19
185175 19
185593 19
186060 19
186551 19
186803 19
186816 19
187795 19
187930 19
188043 19
188450 19
188786 19
188984 19
190028 19
190097 19
190139 19
190226 19
190264 19
190308 19
190514 19
191087 19
191593 19
191892 19
191939 19
192741 19
192870 19
192988 19
193100 19
194111 19
194685 19
194869 19
194891 19
194892 19
195219 19
195400 19
196351 19
196511 19
197080 19
197452 19
197844 19
198264 19
198449 19
198767 19
199388 19
199437 19
199564 19
199745 19
199841 19
200909 19
201076 19
201983 19
202293 19
202510 19
202570 19
202911 19
203247 19
203413 19
203548 19
203729 19
204661 19
204778 19
204837 19
204904 19
205124 19
205659 19
205880 19
205977 19
207014 19
207149 19
207535 19
207891 19
207913 19
207924 19
208246 19
208370 19
209496 19
209570 19
209732 19
209816 19
209862 19
210249 19
210374 19
210539 19
210967 19
211036 19
211769 19
211975 19
212294 19
212791 19
214858 19
215525 19
215651 19
216163 19
216584 19
216712 19
216717 19
217202 19
217692 19
217872 19
217896 19
217990 19
218081 19
218122 19
218232 19
218361 19
218437 19
218456 19
218623 19
218751 19
219649 19
219944 19
219974 19
220276 19
220616 19
221124 19
221176 19
221388 19
221806 19
222639 19
223304 19
223402 19
223551 19
223634 19
223804 19
223812 19
224840 19
225060 19
225408 19
225554 19
225987 19
226776 19
227024 19
227167 19
228494 19
228814 19
229046 19
229051 19
230605 19
230755 19
231042 19
231701 19
232694 19
233048 19
233181 19
233571 19
233665 19
234345 19
234466 19
236817 19
237150 19
237384 19
237670 19
238070 19
238188 19
238561 19
238771 19
239170 19
239699 19
239942 19
240193 19
240209 19
240268 19
240281 19
240410 19
240509 19
240775 19
240815 19
241553 19
241838 19
241858 19
242328 19
242602 19
242613 19
242660 19
242748 19
242981 19
243179 19
243232 19
243780 19
244110 19
244558 19
244667 19
245166 19
245335 19
245512 19
245584 19
245897 19
246158 19
246375 19
10532 19
20669 19
21203 19
27330 19
27854 19
35624 19
38459 19
42106 19
42289 19
44910 19
47830 19
49460 19
51840 19
53046 19
53360 19
58929 19
62453 19
63002 19
63051 19
65737 19
69931 19
69950 19
70893 19
73745 19
75369 19
76854 19
76932 19
79683 19
80332 19
81007 19
81579 19
85061 19
85920 19
86378 19
92610 19
92652 19
92740 19
93406 19
93520 19
94763 19
95765 19
95916 19
154611 19
194865 19
199130 19
243262 19
9484 19
12020 19
21969 19
30270 19
32280 19
35127 19
35777 19
37134 19
38290 19
43024 19
43025 19
45399 19
49308 19
49888 19
50666 19
52959 19
53015 19
53361 19
55011 19
57924 19
64828 19
64949 19
65685 19
65751 19
67609 19
69602 19
71467 19
72662 19
73001 19
73160 19
75160 19
78336 19
79219 19
81834 19
83037 19
83895 19
84913 19
85278 19
85948 19
86818 19
87795 19
88266 19
88737 19
88864 19
89985 19
90649 19
93155 19
93279 19
94495 19
95715 19
95902 19
98823 19
148497 19
148666 19
148742 19
148853 19
149197 19
150154 19
150364 19
152154 19
153728 19
154764 19
155516 19
155823 19
157201 19
157561 19
158805 19
159549 19
159825 19
160178 19
160687 19
160742 19
160799 19
161118 19
161470 19
163061 19
164440 19
165150 19
165424 19
167342 19
170802 19
170806 19
170846 19
170996 19
172145 19
172732 19
174784 19
177281 19
177614 19
178285 19
178723 19
179109 19
179687 19
180094 19
182786 19
183044 19
184385 19
184670 19
184777 19
184995 19
186128 19
186584 19
186977 19
187719 19
188816 19
188890 19
190213 19
190682 19
191038 19
192621 19
193129 19
193725 19
195191 19
195250 19
195730 19
197423 19
198003 19
198034 19
198083 19
198702 19
201519 19
201706 19
201737 19
202394 19
203796 19
204822 19
206059 19
209041 19
211231 19
211994 19
212071 19
214134 19
214801 19
215093 19
217112 19
219611 19
220423 19
220581 19
220842 19
221951 19
222107 19
224194 19
224435 19
224731 19
227807 19
229772 19
230455 19
231002 19
231923 19
233564 19
233932 19
237208 19
238865 19
238960 19
239256 19
239702 19
240341 19
241194 19
241596 19
243183 19
243738 19
2375 18
3640 18
10819 18
10948 18
10987 18
12403 18
13297 18
17757 18
21404 18
21501 18
23139 18
23711 18
24208 18
27847 18
28744 18
29028 18
29173 18
30595 18
31583 18
32078 18
34123 18
34751 18
36198 18
36411 18
38332 18
40288 18
40618 18
40674 18
40910 18
41573 18
44235 18
44912 18
45176 18
46582 18
47510 18
48565 18
48915 18
49106 18
49952 18
50739 18
50834 18
52474 18
57401 18
57809 18
57812 18
58363 18
58998 18
62021 18
63708 18
64296 18
64573 18
65045 18
65114 18
65121 18
66415 18
67968 18
68337 18
69055 18
69509 18
69663 18
69704 18
71086 18
71485 18
71682 18
71907 18
71926 18
72154 18
75031 18
75155 18
76030 18
76519 18
77071 18
78762 18
79238 18
79397 18
79874 18
80085 18
80575 18
80577 18
80655 18
80677 18
81092 18
81453 18
82767 18
82969 18
84101 18
84220 18
85794 18
86501 18
86670 18
87199 18
87298 18
87357 18
88260 18
88819 18
89381 18
89965 18
90628 18
91076 18
91194 18
91583 18
92734 18
93369 18
93891 18
93911 18
94028 18
95280 18
95435 18
95609 18
95964 18
96048 18
96138 18
96168 18
96614 18
96858 18
96886 18
97296 18
97398 18
97401 18
98051 18
98470 18
98777 18
99274 18
100353 18
100636 18
101198 18
101296 18
101983 18
102954 18
107985 18
113458 18
117517 18
148355 18
148527 18
148530 18
148603 18
148631 18
148682 18
148739 18
148911 18
148981 18
149050 18
149081 18
149221 18
149227 18
149306 18
149419 18
149624 18
149703 18
149755 18
149772 18
149812 18
149983 18
150027 18
150249 18
150356 18
151445 18
151529 18
152122 18
152236 18
152304 18
152439 18
152586 18
152594 18
152681 18
153197 18
153226 18
153386 18
154194 18
154210 18
154555 18
154698 18
154755 18
154818 18
154938 18
154987 18
155211 18
155535 18
155745 18
155910 18
156029 18
156155 18
156507 18
156840 18
156881 18
157060 18
157332 18
157633 18
158287 18
158407 18
158555 18
158825 18
158868 18
159001 18
159140 18
159285 18
159344 18
159380 18
159385 18
159433 18
159474 18
159705 18
159929 18
159959 18
160238 18
160283 18
160318 18
160645 18
160853 18
160900 18
160936 18
161090 18
161158 18
161384 18
161979 18
162624 18
162715 18
163158 18
163312 18
163558 18
163581 18
163680 18
163957 18
163983 18
164092 18
164621 18
164930 18
165105 18
165230 18
165244 18
165508 18
166492 18
166960 18
167133 18
167558 18
167582 18
167760 18
167775 18
167776 18
168600 18
168714 18
169428 18
170180 18
170572 18
170721 18
170770 18
170899 18
171101 18
171158 18
171385 18
171597 18
172136 18
173388 18
173599 18
174435 18
175400 18
175636 18
176202 18
176909 18
177140 18
177628 18
177751 18
177882 18
178146 18
178378 18
178412 18
178670 18
179174 18
179299 18
179428 18
179454 18
180174 18
180248 18
182847 18
182879 18
182975 18
183022 18
183261 18
183744 18
184080 18
184439 18
184463 18
184481 18
184533 18
184642 18
184668 18
185458 18
185936 18
186114 18
186910 18
187301 18
187751 18
187822 18
188219 18
188268 18
188784 18
188823 18
189047 18
189330 18
189390 18
190021 18
190055 18
190093 18
190095 18
190406 18
190513 18
191539 18
191733 18
191918 18
192076 18
192479 18
192547 18
192700 18
194141 18
194290 18
194360 18
194500 18
194675 18
195302 18
195551 18
196070 18
196266 18
196884 18
197354 18
197726 18
197727 18
197976 18
198521 18
198559 18
198642 18
198929 18
198940 18
199011 18
199163 18
199697 18
199784 18
200418 18
200750 18
200782 18
201040 18
202059 18
202573 18
203392 18
203450 18
203565 18
203782 18
203875 18
204079 18
204611 18
204706 18
204734 18
204890 18
205737 18
206073 18
206914 18
206991 18
207211 18
207582 18
207620 18
208087 18
208270 18
208339 18
208769 18
208798 18
208834 18
208947 18
209291 18
209355 18
209974 18
210113 18
210379 18
210765 18
212667 18
213107 18
213256 18
213497 18
213921 18
214150 18
215022 18
216327 18
216408 18
217431 18
217805 18
218429 18
218569 18
218617 18
219864 18
220142 18
220374 18
220525 18
220878 18
220993 18
221073 18
221518 18
221629 18
221710 18
221818 18
221922 18
222252 18
222347 18
222486 18
222761 18
222923 18
223253 18
223377 18
224199 18
224422 18
224822 18
226095 18
226278 18
226345 18
226573 18
227209 18
228536 18
228578 18
228590 18
229457 18
229825 18
230142 18
231422 18
231815 18
232025 18
232942 18
233000 18
233003 18
233054 18
233205 18
233572 18
233875 18
233911 18
234145 18
234529 18
234801 18
235014 18
235595 18
235659 18
235912 18
236057 18
236068 18
236764 18
237187 18
237290 18
238020 18
238093 18
238525 18
238988 18
239742 18
240213 18
240432 18
240669 18
240739 18
241230 18
241998 18
242155 18
242470 18
242627 18
243456 18
243940 18
244458 18
246150 18
246357 18
246782 18
247321 18
546 12
934 12
990 12
1232 12
1963 12
2183 12
2240 12
2289 12
2415 12
2620 12
3484 12
3551 12
4231 12
4250 12
4408 12
4940 12
5422 12
5556 12
5835 12
5873 12
6002 12
6671 12
6753 12
7203 12
7282 12
7425 12
7973 12
8690 12
9196 12
10718 12
10871 12
11601 12
11970 12
12371 12
12762 12
12978 12
13195 12
13334 12
13431 12
13549 12
13770 12
14054 12
14309 12
14401 12
14438 12
14494 12
14516 12
14666 12
14929 12
15143 12
15307 12
15709 12
15807 12
15852 12
15942 12
17033 12
17339 12
17377 12
17419 12
17895 12
18531 12
18728 12
18848 12
19377 12
19975 12
20041 12
20294 12
20544 12
20602 12
20700 12
20761 12
20989 12
21012 12
21338 12
21469 12
21565 12
21974 12
21996 12
22011 12
22346 12
22414 12
22719 12
23034 12
23488 12
23999 12
24035 12
24139 12
24329 12
24345 12
24430 12
24692 12
24789 12
24880 12
24962 12
25166 12
25179 12
25185 12
25290 12
25727 12
25992 12
26004 12
26071 12
26368 12
26400 12
26426 12
26474 12
26798 12
26892 12
27003 12
27310 12
27426 12
27459 12
27552 12
27566 12
27589 12
27886 12
28002 12
28030 12
28194 12
28209 12
28310 12
28418 12
28615 12
28635 12
28650 12
28775 12
28827 12
28858 12
28870 12
28930 12
29137 12
29175 12
29706 12
29736 12
29871 12
30115 12
30166 12
30190 12
30343 12
30448 12
30485 12
30518 12
30608 12
30666 12
30757 12
30843 12
30898 12
30908 12
30936 12
31121 12
31232 12
31289 12
31469 12
31473 12
31599 12
31738 12
31814 12
31844 12
32296 12
32322 12
32586 12
32803 12
33123 12
33132 12
33228 12
33257 12
33307 12
33316 12
33417 12
33463 12
33529 12
33707 12
33808 12
33821 12
33978 12
33982 12
34140 12
34259 12
34286 12
34331 12
34408 12
34502 12
34524 12
34530 12
34596 12
34864 12
34983 12
35077 12
35117 12
35253 12
35332 12
35423 12
35505 12
35574 12
35601 12
35611 12
35648 12
35669 12
35745 12
35829 12
35830 12
35953 12
36096 12
36116 12
36181 12
36206 12
36220 12
36451 12
36470 12
36649 12
36756 12
36771 12
36922 12
36946 12
37018 12
37031 12
37045 12
37211 12
37376 12
37497 12
37520 12
37521 12
37567 12
37736 12
37769 12
37861 12
38115 12
38452 12
38509 12
38513 12
38656 12
38745 12
38794 12
38890 12
38914 12
38929 12
38934 12
38945 12
38980 12
39124 12
39158 12
39246 12
39260 12
39269 12
39316 12
39371 12
39406 12
39468 12
39491 12
39521 12
39682 12
39719 12
39729 12
39768 12
39860 12
39921 12
40021 12
40042 12
40246 12
40543 12
40626 12
40636 12
40638 12
40654 12
40663 12
40750 12
40883 12
41149 12
41162 12
41300 12
41331 12
41374 12
41413 12
41438 12
41833 12
41838 12
42021 12
42155 12
42187 12
42323 12
42409 12
42420 12
42455 12
42579 12
42720 12
42843 12
42869 12
42951 12
43078 12
43103 12
43165 12
43174 12
43223 12
43312 12
43326 12
43435 12
43526 12
43648 12
43756 12
43768 12
43791 12
43825 12
44063 12
44076 12
44136 12
44190 12
44203 12
44211 12
44311 12
44454 12
44455 12
44460 12
44514 12
44541 12
44649 12
44666 12
44815 12
44881 12
44982 12
45029 12
45063 12
45108 12
45114 12
45125 12
45241 12
45298 12
45310 12
45314 12
45336 12
45381 12
45385 12
45402 12
45420 12
45439 12
45466 12
45556 12
45598 12
45733 12
45749 12
45768 12
45809 12
45923 12
45971 12
46098 12
46258 12
46269 12
46381 12
46546 12
46574 12
46583 12
46678 12
46684 12
46688 12
46859 12
46935 12
46954 12
47215 12
47368 12
47598 12
47607 12
47613 12
47620 12
47644 12
47759 12
47826 12
47982 12
48097 12
48104 12
48111 12
48214 12
48333 12
48348 12
48443 12
48552 12
48553 12
48780 12
48817 12
48847 12
48996 12
49013 12
49086 12
49214 12
49234 12
49250 12
49284 12
49361 12
49522 12
49576 12
49849 12
49903 12
49912 12
49921 12
50037 12
50085 12
50112 12
50347 12
50349 12
50391 12
50427 12
50444 12
50479 12
50526 12
50613 12
50626 12
50649 12
50745 12
50778 12
50780 12
50818 12
50884 12
50968 12
51165 12
51397 12
51518 12
51771 12
51810 12
51912 12
52054 12
52079 12
52113 12
52407 12
52460 12
52521 12
52539 12
52542 12
52574 12
52632 12
52675 12
52799 12
52861 12
52863 12
52867 12
53018 12
53085 12
53143 12
53166 12
53234 12
53325 12
53328 12
53342 12
53413 12
53445 12
53459 12
53464 12
53506 12
53509 12
53549 12
53671 12
53676 12
53827 12
53853 12
53855 12
53887 12
54002 12
54012 12
54025 12
54121 12
54127 12
54256 12
54566 12
54615 12
54708 12
54710 12
54724 12
54804 12
54825 12
55004 12
55056 12
55061 12
55270 12
55295 12
55328 12
55382 12
55410 12
55416 12
55577 12
55605 12
55801 12
55806 12
55873 12
56038 12
56079 12
56136 12
56406 12
56521 12
56525 12
56528 12
56618 12
56626 12
56875 12
56915 12
56943 12
56965 12
56988 12
57059 12
57071 12
57097 12
57183 12
57225 12
57285 12
57320 12
57777 12
57780 12
57896 12
57922 12
57995 12
58031 12
58153 12
58189 12
58213 12
58217 12
58229 12
58255 12
58280 12
58375 12
58471 12
58531 12
58608 12
58613 12
58678 12
58764 12
58840 12
58850 12
58897 12
58969 12
58973 12
58991 12
59058 12
59061 12
59083 12
59148 12
59158 12
59244 12
59339 12
59370 12
59415 12
59498 12
59501 12
59685 12
59786 12
59813 12
59953 12
60063 12
60077 12
60177 12
60214 12
60349 12
60392 12
60402 12
60440 12
60452 12
60530 12
60537 12
60579 12
60589 12
60818 12
60855 12
61033 12
61045 12
61058 12
61104 12
61127 12
61201 12
61271 12
61437 12
61519 12
61715 12
61721 12
61724 12
61792 12
61839 12
61843 12
61930 12
61983 12
61993 12
62098 12
62333 12
62348 12
62383 12
62403 12
62486 12
62570 12
62656 12
62775 12
62785 12
62815 12
62962 12
63075 12
63146 12
63155 12
63293 12
63295 12
63308 12
63334 12
63420 12
63508 12
63526 12
63614 12
63632 12
63660 12
63760 12
63780 12
63811 12
63943 12
63997 12
64078 12
64082 12
64148 12
64223 12
64257 12
64275 12
64299 12
64352 12
64461 12
64520 12
64572 12
64675 12
64953 12
64981 12
64982 12
65067 12
65185 12
65247 12
65272 12
65291 12
65302 12
65308 12
65430 12
65483 12
65517 12
65528 12
65648 12
65671 12
65673 12
65699 12
65825 12
65855 12
65891 12
65925 12
65980 12
66020 12
66106 12
66125 12
66191 12
66228 12
66298 12
66367 12
66393 12
66472 12
66497 12
66630 12
66665 12
66790 12
66805 12
66929 12
67014 12
67028 12
67108 12
67111 12
67112 12
67117 12
67289 12
67351 12
67415 12
67484 12
67507 12
67527 12
67598 12
67660 12
67713 12
67792 12
67794 12
67823 12
67839 12
67882 12
67893 12
67917 12
67995 12
68041 12
68380 12
68441 12
68575 12
68606 12
68624 12
68677 12
68693 12
68717 12
68743 12
68901 12
68936 12
68971 12
69032 12
69060 12
69096 12
69119 12
69132 12
69139 12
69153 12
69185 12
69221 12
69246 12
69326 12
69340 12
69661 12
69671 12
69674 12
69718 12
69806 12
69811 12
69913 12
69929 12
69992 12
69997 12
70000 12
70017 12
70070 12
70074 12
70185 12
70200 12
70213 12
70260 12
70303 12
70448 12
70530 12
70673 12
70712 12
70831 12
70890 12
70959 12
70983 12
70994 12
71156 12
71241 12
71262 12
71303 12
71311 12
71342 12
71414 12
71462 12
71463 12
71611 12
71636 12
71747 12
71827 12
71889 12
71890 12
71928 12
71951 12
72015 12
72050 12
72193 12
72226 12
72236 12
72241 12
72305 12
72344 12
72356 12
72377 12
72419 12
72465 12
72495 12
72505 12
72514 12
72517 12
72533 12
72580 12
72621 12
72625 12
72628 12
72654 12
72673 12
72679 12
72744 12
72765 12
72771 12
72778 12
73111 12
73125 12
73240 12
73333 12
73378 12
73523 12
73614 12
73639 12
73670 12
73703 12
73793 12
73843 12
73961 12
73983 12
73984 12
73986 12
74173 12
74246 12
74366 12
74445 12
74499 12
74584 12
74672 12
74721 12
74750 12
74763 12
74825 12
74969 12
74998 12
75043 12
75059 12
75090 12
75171 12
75197 12
75247 12
75276 12
75281 12
75378 12
75478 12
75510 12
75804 12
75891 12
75924 12
75989 12
76005 12
76104 12
76152 12
76204 12
76213 12
76236 12
76297 12
76307 12
76326 12
76334 12
76383 12
76444 12
76480 12
76666 12
76745 12
76832 12
76841 12
76931 12
76935 12
77015 12
77059 12
77132 12
77137 12
77210 12
77254 12
77310 12
77314 12
77353 12
77394 12
77417 12
77435 12
77515 12
77545 12
77628 12
77648 12
77690 12
77710 12
77753 12
77812 12
77817 12
77955 12
77977 12
77983 12
77984 12
78006 12
78064 12
78068 12
78153 12
78166 12
78240 12
78256 12
78372 12
78412 12
78451 12
78484 12
78528 12
78543 12
78570 12
78711 12
78763 12
78786 12
78787 12
78790 12
78804 12
78849 12
78856 12
78900 12
78984 12
79064 12
79087 12
79101 12
79177 12
79203 12
79297 12
79334 12
79363 12
79438 12
79443 12
79501 12
79548 12
79580 12
79581 12
79585 12
79587 12
79590 12
79610 12
79638 12
79651 12
79741 12
79775 12
79834 12
79891 12
79901 12
79923 12
79978 12
80063 12
80079 12
80101 12
80150 12
80151 12
80166 12
80210 12
80280 12
80318 12
80368 12
80382 12
80482 12
80497 12
80567 12
80656 12
80718 12
80752 12
80957 12
80976 12
81056 12
81101 12
81121 12
81161 12
81186 12
81191 12
81304 12
81313 12
81364 12
81370 12
81405 12
81419 12
81575 12
81656 12
81691 12
81759 12
81775 12
81791 12
81811 12
81840 12
81883 12
81901 12
81909 12
81934 12
81959 12
82032 12
82058 12
82080 12
82129 12
82156 12
82164 12
82169 12
82181 12
82215 12
82230 12
82244 12
82329 12
82354 12
82401 12
82407 12
82432 12
82476 12
82524 12
82557 12
82603 12
82616 12
82619 12
82645 12
82695 12
82743 12
82766 12
82782 12
82786 12
82809 12
82925 12
82932 12
82962 12
82974 12
83122 12
83130 12
83180 12
83188 12
83470 12
83532 12
83634 12
83677 12
83752 12
83766 12
83810 12
83811 12
83969 12
83980 12
83989 12
84094 12
84111 12
84144 12
84193 12
84205 12
84256 12
84257 12
84268 12
84284 12
84296 12
84309 12
84413 12
84454 12
84526 12
84571 12
84575 12
84588 12
84599 12
84623 12
84624 12
84639 12
84743 12
84773 12
84803 12
84807 12
84841 12
84844 12
84885 12
85081 12
85102 12
85111 12
85127 12
85132 12
85147 12
85232 12
85239 12
85253 12
85308 12
85341 12
85386 12
85497 12
85539 12
85642 12
85740 12
85807 12
85954 12
85989 12
86051 12
86068 12
86075 12
86114 12
86283 12
86370 12
86430 12
86550 12
86623 12
86629 12
86642 12
86757 12
86765 12
86768 12
86850 12
86854 12
86919 12
86939 12
86946 12
87065 12
87132 12
87176 12
87188 12
87227 12
87242 12
87274 12
87322 12
87386 12
87388 12
87509 12
87553 12
87617 12
87658 12
87688 12
87803 12
87812 12
87816 12
87830 12
87834 12
87851 12
87863 12
87881 12
87907 12
87957 12
88030 12
88083 12
88106 12
88197 12
88352 12
88389 12
88391 12
88392 12
88529 12
88578 12
88642 12
88683 12
88699 12
88708 12
88745 12
88756 12
88886 12
89003 12
89130 12
89173 12
89200 12
89253 12
89270 12
89319 12
89402 12
89406 12
89433 12
89460 12
89475 12
89507 12
89571 12
89576 12
89643 12
89657 12
89695 12
89708 12
89713 12
89771 12
89816 12
89841 12
89890 12
89946 12
89947 12
89995 12
90114 12
90158 12
90182 12
90233 12
90238 12
90279 12
90311 12
90334 12
90364 12
90375 12
90440 12
90485 12
90571 12
90588 12
90607 12
90622 12
90705 12
90762 12
90781 12
90835 12
90900 12
90915 12
90936 12
90981 12
90982 12
90988 12
91032 12
91038 12
91074 12
91142 12
91299 12
91304 12
91321 12
91352 12
91361 12
91388 12
91456 12
91467 12
91593 12
91712 12
91882 12
91930 12
92050 12
92087 12
92190 12
92192 12
92241 12
92315 12
92317 12
92427 12
92430 12
92486 12
92591 12
92644 12
92674 12
92699 12
92815 12
92818 12
92850 12
92865 12
92914 12
92952 12
92990 12
93069 12
93071 12
93095 12
93101 12
93157 12
93166 12
93238 12
93263 12
93404 12
93517 12
93706 12
93718 12
93730 12
93795 12
93826 12
93841 12
93921 12
93943 12
94166 12
94184 12
94256 12
94263 12
94265 12
94285 12
94344 12
94375 12
94388 12
94389 12
94456 12
94468 12
94470 12
94491 12
94609 12
94630 12
94653 12
94756 12
94856 12
94978 12
95036 12
95073 12
95090 12
95147 12
95221 12
95243 12
95244 12
95319 12
95390 12
95427 12
95440 12
95453 12
95473 12
95628 12
95706 12
95723 12
95732 12
95756 12
95780 12
95855 12
95859 12
95905 12
95912 12
95929 12
95934 12
95936 12
95955 12
95962 12
95973 12
96000 12
96029 12
96057 12
96059 12
96086 12
96119 12
96179 12
96180 12
96197 12
96223 12
96277 12
96278 12
96344 12
96346 12
96377 12
96454 12
96471 12
96503 12
96515 12
96527 12
96556 12
96601 12
96635 12
96683 12
96684 12
96705 12
96738 12
96751 12
96820 12
96825 12
96871 12
96899 12
96924 12
96927 12
96941 12
96949 12
96980 12
97001 12
97046 12
97082 12
97088 12
97106 12
97128 12
97134 12
97209 12
97231 12
97248 12
97249 12
97268 12
97285 12
97306 12
97307 12
97309 12
97404 12
97408 12
97409 12
97464 12
97468 12
97469 12
97522 12
97530 12
97578 12
97670 12
97674 12
97747 12
97754 12
97777 12
97778 12
97835 12
97862 12
97866 12
97882 12
97985 12
98052 12
98059 12
98097 12
98099 12
98215 12
98224 12
98330 12
98347 12
98360 12
98525 12
98540 12
98571 12
98574 12
98721 12
98748 12
98755 12
98783 12
98979 12
98982 12
99007 12
99017 12
99027 12
99029 12
99050 12
99090 12
99282 12
99289 12
99303 12
99307 12
99364 12
99395 12
99570 12
99590 12
99704 12
99708 12
99710 12
99718 12
99731 12
99761 12
99785 12
100257 12
100267 12
100276 12
100280 12
100345 12
100352 12
100354 12
100412 12
100505 12
100566 12
100953 12
101164 12
101166 12
101172 12
101190 12
101205 12
101326 12
101328 12
101357 12
101377 12
101578 12
102701 12
102896 12
102901 12
102943 12
102945 12
102977 12
103000 12
103005 12
103015 12
103024 12
103135 12
103721 12
104124 12
104803 12
105098 12
105506 12
105771 12
107678 12
107681 12
107689 12
107700 12
107721 12
107736 12
107740 12
107751 12
107791 12
107840 12
107841 12
107846 12
107853 12
108090 12
108145 12
108163 12
108222 12
108274 12
108294 12
108314 12
108555 12
108942 12
109022 12
109073 12
110028 12
110205 12
111134 12
112098 12
112198 12
113150 12
114006 12
114078 12
114622 12
114983 12
115429 12
115561 12
118504 12
119362 12
119488 12
121004 12
122817 12
124927 12
125001 12
125286 12
125995 12
126831 12
132948 12
135105 12
144421 12
144944 12
148109 12
148367 12
148426 12
148427 12
148457 12
148461 12
148476 12
148535 12
148629 12
148676 12
148679 12
148727 12
148753 12
148774 12
148784 12
148806 12
148835 12
148864 12
148889 12
148891 12
148895 12
148941 12
149001 12
149025 12
149042 12
149075 12
149078 12
149089 12
149107 12
149193 12
149207 12
149213 12
149222 12
149236 12
149247 12
149249 12
149256 12
149257 12
149275 12
149277 12
149279 12
149280 12
149297 12
149318 12
149335 12
149342 12
149357 12
149363 12
149371 12
149377 12
149381 12
149403 12
149410 12
149414 12
149488 12
149514 12
149525 12
149527 12
149544 12
149562 12
149584 12
149623 12
149628 12
149729 12
149734 12
149753 12
149766 12
149790 12
149805 12
149827 12
149834 12
149876 12
149888 12
149921 12
149927 12
149933 12
149942 12
149962 12
149968 12
150037 12
150113 12
150129 12
150152 12
150228 12
150247 12
150273 12
150318 12
150335 12
150384 12
150391 12
150420 12
150456 12
150473 12
150546 12
150554 12
150583 12
150614 12
150621 12
150641 12
150665 12
150674 12
150680 12
150681 12
150684 12
150705 12
150706 12
150715 12
150735 12
150758 12
150792 12
150803 12
150813 12
150843 12
150877 12
150928 12
151000 12
151011 12
151045 12
151059 12
151115 12
151134 12
151137 12
151221 12
151274 12
151334 12
151346 12
151395 12
151418 12
151441 12
151443 12
151448 12
151459 12
151483 12
151570 12
151658 12
151673 12
151681 12
151720 12
151735 12
151747 12
151759 12
151808 12
151883 12
151933 12
151934 12
151937 12
152027 12
152052 12
152101 12
152138 12
152151 12
152153 12
152155 12
152173 12
152276 12
152357 12
152362 12
152390 12
152402 12
152408 12
152471 12
152489 12
152525 12
152528 12
152565 12
152616 12
152638 12
152690 12
152717 12
152744 12
152745 12
152747 12
152837 12
152847 12
152850 12
152894 12
152930 12
152958 12
152963 12
152965 12
152969 12
153019 12
153022 12
153035 12
153074 12
153096 12
153107 12
153146 12
153185 12
153195 12
153211 12
153216 12
153218 12
153259 12
153367 12
153389 12
153407 12
153410 12
153437 12
153448 12
153456 12
153460 12
153469 12
153473 12
153557 12
153573 12
153588 12
153611 12
153629 12
153663 12
153722 12
153779 12
153826 12
153908 12
153936 12
153953 12
153963 12
153983 12
154052 12
154053 12
154075 12
154085 12
154089 12
154124 12
154132 12
154162 12
154189 12
154213 12
154229 12
154231 12
154236 12
154265 12
154315 12
154345 12
154351 12
154383 12
154404 12
154422 12
154423 12
154474 12
154502 12
154546 12
154569 12
154579 12
154632 12
154646 12
154700 12
154706 12
154714 12
154730 12
154754 12
154756 12
154777 12
154793 12
154800 12
154824 12
154836 12
154848 12
154861 12
154884 12
154906 12
154964 12
154988 12
154999 12
155012 12
155019 12
155022 12
155041 12
155058 12
155080 12
155097 12
155119 12
155132 12
155146 12
155169 12
155196 12
155198 12
155206 12
155284 12
155336 12
155352 12
155356 12
155376 12
155382 12
155406 12
155473 12
155509 12
155519 12
155542 12
155560 12
155562 12
155598 12
155611 12
155626 12
155654 12
155684 12
155694 12
155701 12
155712 12
155773 12
155780 12
155893 12
155909 12
155965 12
155974 12
156041 12
156052 12
156060 12
156108 12
156175 12
156189 12
156228 12
156229 12
156242 12
156276 12
156284 12
156306 12
156308 12
156352 12
156363 12
156422 12
156433 12
156481 12
156527 12
156572 12
156586 12
156591 12
156607 12
156625 12
156639 12
156640 12
156681 12
156717 12
156733 12
156745 12
156853 12
156868 12
156939 12
156941 12
157095 12
157143 12
157153 12
157167 12
157253 12
157256 12
157316 12
157359 12
157439 12
157454 12
157498 12
157500 12
157536 12
157598 12
157673 12
157685 12
157748 12
157778 12
157810 12
157830 12
157848 12
157852 12
157857 12
157869 12
157872 12
157881 12
157898 12
157943 12
157966 12
157999 12
158028 12
158048 12
158055 12
158057 12
158061 12
158078 12
158125 12
158128 12
158143 12
158145 12
158157 12
158168 12
158216 12
158254 12
158261 12
158295 12
158388 12
158416 12
158434 12
158545 12
158556 12
158589 12
158599 12
158638 12
158747 12
158748 12
158751 12
158770 12
158782 12
158808 12
158835 12
158860 12
158886 12
158892 12
159010 12
159030 12
159126 12
159134 12
159142 12
159161 12
159162 12
159165 12
159195 12
159212 12
159223 12
159290 12
159293 12
159310 12
159321 12
159341 12
159366 12
159397 12
159456 12
159458 12
159472 12
159503 12
159557 12
159572 12
159636 12
159639 12
159670 12
159692 12
159706 12
159764 12
159795 12
159796 12
159805 12
159861 12
159867 12
159893 12
159934 12
159952 12
159955 12
159963 12
159986 12
159999 12
160007 12
160025 12
160053 12
160140 12
160161 12
160162 12
160166 12
160171 12
160187 12
160200 12
160215 12
160226 12
160227 12
160242 12
160296 12
160335 12
160349 12
160384 12
160388 12
160395 12
160423 12
160453 12
160536 12
160537 12
160587 12
160679 12
160721 12
160771 12
160804 12
160812 12
160813 12
160858 12
160882 12
160895 12
160910 12
160939 12
160941 12
160947 12
160976 12
161035 12
161134 12
161159 12
161160 12
161210 12
161212 12
161218 12
161228 12
161229 12
161241 12
161260 12
161319 12
161370 12
161380 12
161381 12
161393 12
161438 12
161497 12
161517 12
161532 12
161633 12
161637 12
161664 12
161786 12
161798 12
161816 12
161821 12
161922 12
161983 12
161993 12
162029 12
162030 12
162085 12
162099 12
162124 12
162156 12
162248 12
162251 12
162269 12
162340 12
162362 12
162472 12
162520 12
162627 12
162644 12
162729 12
162746 12
162756 12
162770 12
162793 12
162826 12
162894 12
162922 12
162950 12
163071 12
163113 12
163166 12
163319 12
163405 12
163457 12
163504 12
163534 12
163539 12
163561 12
163566 12
163574 12
163618 12
163631 12
163641 12
163669 12
163763 12
163768 12
163775 12
163790 12
163832 12
163838 12
163887 12
163893 12
163910 12
163961 12
163973 12
164049 12
164060 12
164085 12
164102 12
164104 12
164106 12
164182 12
164205 12
164261 12
164295 12
164367 12
164376 12
164381 12
164398 12
164434 12
164444 12
164546 12
164575 12
164617 12
164620 12
164657 12
164696 12
164781 12
164869 12
164894 12
164899 12
164934 12
164973 12
164983 12
165110 12
165116 12
165158 12
165189 12
165200 12
165218 12
165231 12
165256 12
165277 12
165279 12
165284 12
165357 12
165394 12
165411 12
165435 12
165471 12
165507 12
165555 12
165650 12
165663 12
165706 12
165734 12
165763 12
165786 12
165792 12
165833 12
165862 12
165885 12
165920 12
166017 12
166052 12
166064 12
166070 12
166112 12
166132 12
166148 12
166228 12
166233 12
166277 12
166289 12
166322 12
166337 12
166365 12
166382 12
166426 12
166472 12
166536 12
166545 12
166559 12
166602 12
166616 12
166619 12
166634 12
166682 12
166735 12
166743 12
166756 12
166784 12
166832 12
166845 12
166852 12
166876 12
166886 12
166913 12
166926 12
166961 12
166978 12
166985 12
166991 12
167011 12
167073 12
167199 12
167231 12
167296 12
167329 12
167341 12
167352 12
167418 12
167494 12
167512 12
167545 12
167565 12
167577 12
167633 12
167639 12
167665 12
167693 12
167705 12
167737 12
167739 12
167783 12
167796 12
167808 12
167816 12
167817 12
167836 12
167854 12
167859 12
167883 12
167908 12
167956 12
167965 12
168024 12
168037 12
168066 12
168120 12
168163 12
168167 12
168170 12
168271 12
168314 12
168317 12
168390 12
168393 12
168394 12
168441 12
168459 12
168579 12
168645 12
168651 12
168703 12
168793 12
168858 12
168966 12
168999 12
169010 12
169014 12
169029 12
169094 12
169105 12
169133 12
169224 12
169253 12
169347 12
169438 12
169477 12
169508 12
169542 12
169558 12
169612 12
169662 12
169753 12
169868 12
169871 12
169891 12
169892 12
169909 12
169936 12
170044 12
170045 12
170064 12
170112 12
170116 12
170139 12
170186 12
170196 12
170218 12
170291 12
170312 12
170341 12
170403 12
170414 12
170449 12
170459 12
170460 12
170467 12
170520 12
170532 12
170573 12
170628 12
170630 12
170747 12
170754 12
170848 12
170906 12
170931 12
171024 12
171027 12
171071 12
171121 12
171193 12
171299 12
171406 12
171441 12
171442 12
171479 12
171628 12
171709 12
171743 12
171750 12
171780 12
171923 12
171996 12
172004 12
172039 12
172083 12
172098 12
172104 12
172115 12
172162 12
172188 12
172192 12
172214 12
172249 12
172285 12
172324 12
172351 12
172388 12
172408 12
172411 12
172436 12
172498 12
172508 12
172568 12
172584 12
172738 12
172826 12
172846 12
172856 12
172892 12
172924 12
172940 12
172962 12
172980 12
173014 12
173078 12
173115 12
173229 12
173236 12
173238 12
173275 12
173276 12
173358 12
173437 12
173446 12
173505 12
173506 12
173528 12
173530 12
173533 12
173540 12
173544 12
173562 12
173580 12
173600 12
173633 12
173649 12
173687 12
173688 12
173758 12
173823 12
173918 12
173963 12
173982 12
174014 12
174036 12
174149 12
174171 12
174173 12
174199 12
174231 12
174251 12
174258 12
174265 12
174332 12
174342 12
174354 12
174366 12
174397 12
174400 12
174431 12
174438 12
174482 12
174505 12
174555 12
174571 12
174596 12
174650 12
174670 12
174711 12
174798 12
174810 12
174855 12
174902 12
174911 12
174921 12
174950 12
174970 12
175004 12
175015 12
175119 12
175148 12
175160 12
175236 12
175248 12
175284 12
175316 12
175351 12
175366 12
175384 12
175389 12
175401 12
175432 12
175449 12
175473 12
175490 12
175510 12
175523 12
175575 12
175595 12
175624 12
175629 12
175693 12
175718 12
175721 12
175723 12
175732 12
175783 12
175792 12
175794 12
175851 12
175869 12
175907 12
175937 12
175961 12
175963 12
175978 12
176059 12
176068 12
176083 12
176098 12
176210 12
176214 12
176216 12
176257 12
176340 12
176341 12
176377 12
176413 12
176415 12
176431 12
176526 12
176540 12
176573 12
176578 12
176603 12
176700 12
176794 12
176799 12
176884 12
176914 12
176915 12
176926 12
177074 12
177091 12
177117 12
177123 12
177128 12
177153 12
177189 12
177203 12
177208 12
177228 12
177242 12
177252 12
177269 12
177351 12
177360 12
177396 12
177406 12
177417 12
177418 12
177500 12
177522 12
177550 12
177554 12
177604 12
177693 12
177707 12
177710 12
177719 12
177766 12
177783 12
177794 12
177811 12
177823 12
177835 12
177849 12
177889 12
177950 12
177970 12
177988 12
177999 12
178052 12
178068 12
178102 12
178103 12
178122 12
178144 12
178157 12
178166 12
178221 12
178255 12
178268 12
178338 12
178344 12
178376 12
178399 12
178469 12
178484 12
178497 12
178538 12
178611 12
178638 12
178677 12
178704 12
178706 12
178721 12
178836 12
178862 12
178946 12
178950 12
178958 12
178964 12
179046 12
179049 12
179063 12
179067 12
179133 12
179161 12
179168 12
179221 12
179241 12
179361 12
179470 12
179492 12
179518 12
179526 12
179532 12
179549 12
179560 12
179588 12
179615 12
179673 12
179698 12
179743 12
179785 12
179824 12
179852 12
179858 12
179865 12
179880 12
179911 12
179954 12
179981 12
180000 12
180039 12
180043 12
180122 12
180123 12
180135 12
180252 12
180254 12
180359 12
180371 12
180372 12
180387 12
180407 12
180421 12
180423 12
180621 12
180637 12
180649 12
180699 12
180705 12
180729 12
180819 12
180878 12
180934 12
180940 12
180955 12
180981 12
181030 12
181088 12
181097 12
181113 12
181125 12
181130 12
181137 12
181162 12
181229 12
181240 12
181247 12
181282 12
181337 12
181372 12
181378 12
181381 12
181385 12
181387 12
181389 12
181391 12
181396 12
181458 12
181459 12
181467 12
181478 12
181498 12
181526 12
181539 12
181540 12
181572 12
181605 12
181608 12
181632 12
181641 12
181737 12
181777 12
181809 12
181826 12
181858 12
181874 12
181911 12
181942 12
181970 12
181997 12
182118 12
182265 12
182364 12
182467 12
182516 12
182526 12
182547 12
182566 12
182651 12
182714 12
182767 12
182783 12
182788 12
182795 12
182804 12
182837 12
182888 12
182900 12
182902 12
182909 12
182921 12
182924 12
182964 12
183016 12
183064 12
183134 12
183161 12
183207 12
183238 12
183239 12
183343 12
183456 12
183462 12
183472 12
183482 12
183491 12
183493 12
183504 12
183518 12
183573 12
183603 12
183606 12
183669 12
183805 12
183834 12
183845 12
183847 12
183934 12
183959 12
183991 12
184159 12
184182 12
184190 12
184204 12
184228 12
184250 12
184313 12
184316 12
184323 12
184357 12
184457 12
184467 12
184477 12
184486 12
184546 12
184588 12
184639 12
184692 12
184706 12
184710 12
184713 12
184743 12
184757 12
184766 12
184833 12
184841 12
184869 12
184895 12
184959 12
184978 12
184981 12
185040 12
185056 12
185075 12
185083 12
185092 12
185117 12
185119 12
185155 12
185159 12
185203 12
185243 12
185246 12
185300 12
185319 12
185327 12
185334 12
185345 12
185393 12
185419 12
185559 12
185615 12
185679 12
185713 12
185778 12
185784 12
185813 12
185886 12
185907 12
185922 12
185943 12
185994 12
185996 12
186057 12
186074 12
186102 12
186115 12
186139 12
186145 12
186192 12
186254 12
186328 12
186379 12
186409 12
186415 12
186421 12
186430 12
186457 12
186459 12
186467 12
186473 12
186505 12
186510 12
186536 12
186555 12
186564 12
186594 12
186654 12
186705 12
186738 12
186780 12
186860 12
186868 12
186876 12
186957 12
186982 12
187054 12
187066 12
187068 12
187071 12
187130 12
187134 12
187146 12
187157 12
187211 12
187290 12
187404 12
187478 12
187482 12
187528 12
187551 12
187563 12
187569 12
187629 12
187640 12
187675 12
187688 12
187699 12
187755 12
187797 12
187800 12
187864 12
187888 12
187903 12
187906 12
187937 12
187947 12
187977 12
187988 12
187999 12
188063 12
188101 12
188119 12
188123 12
188193 12
188210 12
188250 12
188261 12
188293 12
188309 12
188315 12
188321 12
188378 12
188448 12
188514 12
188570 12
188615 12
188626 12
188635 12
188643 12
188663 12
188697 12
188707 12
188710 12
188722 12
188775 12
188787 12
188799 12
188842 12
188922 12
189023 12
189056 12
189112 12
189168 12
189172 12
189198 12
189298 12
189355 12
189375 12
189458 12
189503 12
189566 12
189583 12
189664 12
189681 12
189685 12
189694 12
189704 12
189713 12
189772 12
189825 12
189855 12
189856 12
189861 12
189862 12
189896 12
189922 12
189940 12
189964 12
189975 12
190018 12
190083 12
190153 12
190210 12
190239 12
190259 12
190273 12
190282 12
190286 12
190319 12
190345 12
190393 12
190447 12
190454 12
190457 12
190480 12
190495 12
190632 12
190665 12
190675 12
190681 12
190773 12
190787 12
190795 12
190802 12
190871 12
190896 12
190948 12
190966 12
190975 12
191003 12
191012 12
191141 12
191147 12
191165 12
191221 12
191302 12
191322 12
191329 12
191382 12
191406 12
191417 12
191439 12
191441 12
191448 12
191474 12
191523 12
191533 12
191587 12
191614 12
191666 12
191735 12
191765 12
191803 12
191909 12
191913 12
191925 12
191926 12
191937 12
191945 12
191975 12
192000 12
192036 12
192103 12
192177 12
192231 12
192333 12
192348 12
192353 12
192360 12
192380 12
192416 12
192501 12
192517 12
192548 12
192565 12
192600 12
192616 12
192651 12
192672 12
192673 12
192680 12
192687 12
192695 12
192698 12
192706 12
192734 12
192742 12
192752 12
192849 12
192862 12
192882 12
192926 12
192930 12
192963 12
193051 12
193084 12
193086 12
193138 12
193189 12
193211 12
193235 12
193243 12
193312 12
193360 12
193379 12
193408 12
193438 12
193470 12
193480 12
193493 12
193566 12
193599 12
193606 12
193629 12
193647 12
193650 12
193651 12
193767 12
193795 12
193824 12
193906 12
194013 12
194014 12
194042 12
194087 12
194243 12
194362 12
194402 12
194440 12
194471 12
194476 12
194499 12
194565 12
194628 12
194632 12
194698 12
194705 12
194828 12
194829 12
194942 12
194953 12
194977 12
195011 12
195053 12
195115 12
195118 12
195142 12
195152 12
195182 12
195227 12
195297 12
195338 12
195432 12
195441 12
195455 12
195520 12
195525 12
195533 12
195621 12
195624 12
195738 12
195765 12
195803 12
195851 12
195883 12
195909 12
195934 12
196001 12
196012 12
196019 12
196059 12
196062 12
196118 12
196156 12
196193 12
196263 12
196264 12
196275 12
196296 12
196301 12
196316 12
196387 12
196471 12
196510 12
196517 12
196518 12
196585 12
196588 12
196660 12
196688 12
196692 12
196738 12
196758 12
196786 12
196858 12
196891 12
196984 12
197059 12
197060 12
197119 12
197177 12
197220 12
197309 12
197310 12
197316 12
197340 12
197351 12
197386 12
197406 12
197408 12
197434 12
197445 12
197450 12
197530 12
197624 12
197635 12
197702 12
197750 12
197769 12
197781 12
197808 12
197837 12
197846 12
197848 12
197852 12
197865 12
197889 12
197926 12
197930 12
197958 12
197968 12
198009 12
198017 12
198049 12
198105 12
198149 12
198163 12
198165 12
198196 12
198227 12
198306 12
198395 12
198408 12
198412 12
198413 12
198427 12
198447 12
198461 12
198492 12
198560 12
198563 12
198604 12
198631 12
198721 12
198753 12
198774 12
198823 12
198872 12
198884 12
198899 12
198915 12
198919 12
199042 12
199046 12
199063 12
199142 12
199147 12
199181 12
199236 12
199291 12
199294 12
199334 12
199336 12
199349 12
199350 12
199462 12
199464 12
199517 12
199527 12
199563 12
199605 12
199611 12
199655 12
199661 12
199676 12
199753 12
199798 12
199811 12
199853 12
199863 12
199947 12
199990 12
200018 12
200216 12
200218 12
200219 12
200221 12
200238 12
200310 12
200391 12
200423 12
200428 12
200437 12
200479 12
200561 12
200587 12
200600 12
200609 12
200616 12
200626 12
200669 12
200671 12
200718 12
200753 12
200907 12
200975 12
201117 12
201210 12
201226 12
201232 12
201248 12
201259 12
201292 12
201326 12
201339 12
201400 12
201425 12
201465 12
201468 12
201474 12
201509 12
201524 12
201539 12
201545 12
201548 12
201621 12
201659 12
201704 12
201761 12
201772 12
201773 12
201786 12
201790 12
201810 12
201841 12
201859 12
201891 12
201899 12
201950 12
201984 12
202024 12
202081 12
202086 12
202148 12
202168 12
202188 12
202196 12
202206 12
202243 12
202257 12
202303 12
202341 12
202349 12
202354 12
202371 12
202388 12
202441 12
202449 12
202469 12
202516 12
202528 12
202564 12
202576 12
202596 12
202654 12
202701 12
202789 12
202792 12
202797 12
202798 12
202827 12
202852 12
202859 12
202963 12
202990 12
203012 12
203033 12
203034 12
203068 12
203107 12
203144 12
203194 12
203227 12
203256 12
203282 12
203329 12
203357 12
203371 12
203414 12
203445 12
203466 12
203494 12
203496 12
203570 12
203629 12
203741 12
203810 12
203820 12
203870 12
203899 12
203923 12
204019 12
204026 12
204029 12
204150 12
204198 12
204210 12
204219 12
204271 12
204283 12
204285 12
204298 12
204305 12
204311 12
204359 12
204458 12
204504 12
204520 12
204522 12
204561 12
204682 12
204759 12
204775 12
204840 12
204849 12
204911 12
204931 12
204938 12
204950 12
204963 12
204973 12
205046 12
205051 12
205064 12
205065 12
205137 12
205155 12
205167 12
205197 12
205278 12
205380 12
205412 12
205461 12
205480 12
205495 12
205519 12
205522 12
205549 12
205620 12
205690 12
205791 12
205897 12
205913 12
206024 12
206125 12
206232 12
206235 12
206239 12
206251 12
206253 12
206274 12
206340 12
206348 12
206461 12
206504 12
206509 12
206520 12
206540 12
206597 12
206599 12
206656 12
206663 12
206678 12
206704 12
206717 12
206722 12
206729 12
206738 12
206779 12
206786 12
206790 12
206824 12
206865 12
206866 12
206910 12
206912 12
206928 12
206948 12
206951 12
207016 12
207046 12
207162 12
207170 12
207207 12
207223 12
207231 12
207288 12
207345 12
207410 12
207474 12
207482 12
207555 12
207559 12
207576 12
207637 12
207670 12
207671 12
207676 12
207677 12
207712 12
207725 12
207742 12
207768 12
207772 12
207780 12
207783 12
207798 12
207807 12
207840 12
207842 12
207843 12
207861 12
207870 12
207944 12
207946 12
207949 12
207954 12
207975 12
207991 12
207995 12
207997 12
208002 12
208061 12
208064 12
208079 12
208086 12
208096 12
208204 12
208213 12
208322 12
208366 12
208374 12
208424 12
208537 12
208543 12
208548 12
208553 12
208581 12
208596 12
208609 12
208614 12
208713 12
208737 12
208753 12
208793 12
208881 12
208896 12
208955 12
208974 12
208976 12
209014 12
209034 12
209126 12
209141 12
209144 12
209229 12
209249 12
209278 12
209280 12
209305 12
209331 12
209349 12
209351 12
209394 12
209402 12
209409 12
209419 12
209453 12
209476 12
209477 12
209507 12
209597 12
209673 12
209700 12
209723 12
209725 12
209833 12
209855 12
209915 12
209926 12
209954 12
209968 12
210000 12
210015 12
210043 12
210061 12
210072 12
210083 12
210125 12
210129 12
210235 12
210243 12
210297 12
210301 12
210321 12
210334 12
210400 12
210419 12
210438 12
210474 12
210490 12
210517 12
210569 12
210629 12
210630 12
210661 12
210679 12
210689 12
210727 12
210749 12
210794 12
210805 12
210816 12
210879 12
210993 12
211158 12
211163 12
211206 12
211224 12
211315 12
211363 12
211390 12
211467 12
211475 12
211489 12
211554 12
211555 12
211581 12
211695 12
211697 12
211698 12
211729 12
211777 12
211793 12
211971 12
212000 12
212009 12
212153 12
212170 12
212212 12
212246 12
212262 12
212304 12
212313 12
212314 12
212340 12
212411 12
212425 12
212499 12
212507 12
212524 12
212611 12
212615 12
212625 12
212630 12
212683 12
212689 12
212850 12
212862 12
212951 12
213052 12
213082 12
213281 12
213299 12
213315 12
213320 12
213402 12
213479 12
213596 12
213679 12
213705 12
213711 12
213750 12
213811 12
213862 12
213887 12
213906 12
213993 12
213997 12
214048 12
214187 12
214213 12
214233 12
214250 12
214264 12
214308 12
214341 12
214352 12
214375 12
214536 12
214637 12
214653 12
214654 12
214657 12
214780 12
214837 12
214901 12
214906 12
214911 12
214970 12
214980 12
215031 12
215061 12
215081 12
215258 12
215296 12
215327 12
215397 12
215447 12
215464 12
215465 12
215527 12
215582 12
215627 12
215637 12
215642 12
215647 12
215687 12
215825 12
215884 12
215901 12
215941 12
215943 12
216006 12
216041 12
216052 12
216080 12
216116 12
216135 12
216154 12
216197 12
216246 12
216276 12
216283 12
216359 12
216386 12
216405 12
216414 12
216419 12
216459 12
216466 12
216473 12
216573 12
216616 12
216670 12
216735 12
216746 12
216827 12
216834 12
217054 12
217096 12
217125 12
217170 12
217172 12
217255 12
217293 12
217334 12
217408 12
217453 12
217468 12
217473 12
217492 12
217513 12
217534 12
217538 12
217547 12
217548 12
217549 12
217646 12
217661 12
217666 12
217706 12
217827 12
217831 12
217874 12
217913 12
217943 12
217948 12
217954 12
217965 12
218005 12
218076 12
218084 12
218094 12
218104 12
218107 12
218178 12
218197 12
218290 12
218306 12
218318 12
218397 12
218415 12
218455 12
218570 12
218582 12
218585 12
218627 12
218638 12
218663 12
218671 12
218685 12
218748 12
218788 12
218806 12
218853 12
218860 12
218975 12
219031 12
219040 12
219069 12
219175 12
219192 12
219203 12
219217 12
219219 12
219245 12
219254 12
219263 12
219313 12
219333 12
219385 12
219399 12
219429 12
219496 12
219577 12
219599 12
219616 12
219754 12
219798 12
219905 12
219978 12
219983 12
220008 12
220034 12
220036 12
220111 12
220116 12
220245 12
220283 12
220320 12
220327 12
220351 12
220369 12
220382 12
220390 12
220431 12
220467 12
220498 12
220510 12
220512 12
220599 12
220614 12
220667 12
220708 12
220741 12
220779 12
220806 12
220817 12
220844 12
220869 12
220916 12
220980 12
221058 12
221096 12
221100 12
221146 12
221177 12
221233 12
221237 12
221242 12
221336 12
221526 12
221529 12
221573 12
221740 12
221774 12
221805 12
222002 12
222024 12
222072 12
222089 12
222237 12
222241 12
222281 12
222282 12
222350 12
222416 12
222498 12
222537 12
222698 12
222738 12
222803 12
222840 12
222921 12
222964 12
223102 12
223141 12
223223 12
223278 12
223285 12
223291 12
223337 12
223357 12
223363 12
223365 12
223401 12
223445 12
223527 12
223530 12
223614 12
223615 12
223635 12
223689 12
223705 12
223721 12
223778 12
223868 12
223888 12
223909 12
223961 12
223971 12
223994 12
224036 12
224061 12
224070 12
224073 12
224083 12
224207 12
224244 12
224294 12
224322 12
224355 12
224444 12
224451 12
224454 12
224465 12
224519 12
224522 12
224596 12
224647 12
224664 12
224685 12
224739 12
224978 12
224983 12
225103 12
225125 12
225175 12
225177 12
225189 12
225210 12
225327 12
225329 12
225481 12
225498 12
225538 12
225622 12
225778 12
225822 12
225871 12
225889 12
225919 12
225949 12
226028 12
226070 12
226119 12
226256 12
226280 12
226297 12
226346 12
226355 12
226372 12
226375 12
226413 12
226456 12
226483 12
226488 12
226500 12
226572 12
226610 12
226629 12
226636 12
226704 12
226725 12
226752 12
226828 12
226838 12
226849 12
226855 12
226880 12
226890 12
226944 12
226983 12
227010 12
227023 12
227106 12
227122 12
227123 12
227128 12
227158 12
227162 12
227217 12
227269 12
227276 12
227301 12
227372 12
227435 12
227487 12
227496 12
227518 12
227529 12
227540 12
227577 12
227619 12
227633 12
227645 12
227663 12
227723 12
227857 12
227860 12
227869 12
227892 12
227896 12
228006 12
228010 12
228055 12
228135 12
228138 12
228160 12
228177 12
228393 12
228394 12
228507 12
228565 12
228603 12
228624 12
228716 12
228717 12
228727 12
228764 12
228783 12
228791 12
228935 12
229006 12
229070 12
229073 12
229103 12
229213 12
229218 12
229245 12
229309 12
229321 12
229325 12
229332 12
229409 12
229427 12
229475 12
229542 12
229560 12
229642 12
229662 12
229666 12
229693 12
229700 12
229755 12
229777 12
229779 12
229801 12
229802 12
229889 12
229910 12
229926 12
230046 12
230047 12
230131 12
230138 12
230150 12
230178 12
230261 12
230426 12
230499 12
230508 12
230520 12
230537 12
230574 12
230635 12
230695 12
230697 12
230699 12
230718 12
230721 12
230750 12
230841 12
230850 12
230891 12
230930 12
230945 12
231052 12
231065 12
231069 12
231121 12
231142 12
231171 12
231193 12
231210 12
231218 12
231243 12
231283 12
231324 12
231356 12
231381 12
231394 12
231405 12
231425 12
231440 12
231482 12
231572 12
231595 12
231650 12
231715 12
231729 12
231826 12
231895 12
231963 12
231982 12
232026 12
232043 12
232051 12
232085 12
232124 12
232126 12
232154 12
232173 12
232380 12
232430 12
232437 12
232440 12
232455 12
232487 12
232560 12
232643 12
232657 12
232829 12
232841 12
232874 12
232888 12
232889 12
232896 12
232919 12
232955 12
233004 12
233040 12
233141 12
233144 12
233173 12
233247 12
233249 12
233319 12
233377 12
233390 12
233463 12
233493 12
233536 12
233629 12
233710 12
233735 12
233816 12
233843 12
233892 12
233937 12
233940 12
233965 12
233997 12
234022 12
234061 12
234071 12
234088 12
234129 12
234191 12
234274 12
234344 12
234376 12
234405 12
234437 12
234475 12
234543 12
234593 12
234689 12
234724 12
234794 12
234816 12
234873 12
234926 12
234927 12
234980 12
235092 12
235094 12
235143 12
235161 12
235175 12
235255 12
235265 12
235306 12
235324 12
235331 12
235352 12
235361 12
235367 12
235382 12
235450 12
235535 12
235549 12
235575 12
235611 12
235679 12
235756 12
235782 12
235789 12
235825 12
235854 12
235879 12
235913 12
235958 12
236025 12
236197 12
236305 12
236323 12
236349 12
236399 12
236459 12
236625 12
236648 12
236772 12
236775 12
236871 12
236901 12
236911 12
236936 12
236979 12
237017 12
237036 12
237064 12
237076 12
237077 12
237106 12
237125 12
237152 12
237167 12
237191 12
237200 12
237238 12
237254 12
237270 12
237272 12
237289 12
237300 12
237323 12
237324 12
237363 12
237371 12
237378 12
237379 12
237382 12
237445 12
237520 12
237638 12
237710 12
237718 12
237784 12
237818 12
237829 12
237920 12
237965 12
238013 12
238038 12
238123 12
238160 12
238209 12
238234 12
238341 12
238344 12
238373 12
238383 12
238450 12
238770 12
238925 12
238953 12
239041 12
239081 12
239089 12
239102 12
239105 12
239141 12
239206 12
239230 12
239284 12
239296 12
239358 12
239375 12
239378 12
239420 12
239488 12
239532 12
239628 12
239633 12
239685 12
239768 12
239785 12
239939 12
239945 12
240001 12
240002 12
240069 12
240079 12
240112 12
240123 12
240131 12
240168 12
240227 12
240241 12
240262 12
240291 12
240297 12
240312 12
240343 12
240347 12
240373 12
240473 12
240602 12
240608 12
240609 12
240624 12
240649 12
240705 12
240709 12
240788 12
240893 12
240975 12
241047 12
241094 12
241132 12
241143 12
241227 12
241228 12
241258 12
241269 12
241276 12
241280 12
241345 12
241382 12
241420 12
241432 12
241488 12
241544 12
241631 12
241846 12
241852 12
241937 12
241987 12
242089 12
242138 12
242154 12
242173 12
242211 12
242305 12
242342 12
242362 12
242373 12
242414 12
242501 12
242510 12
242591 12
242599 12
242653 12
242687 12
242691 12
242716 12
242869 12
242871 12
242880 12
242911 12
242927 12
242996 12
243007 12
243011 12
243024 12
243057 12
243081 12
243091 12
243099 12
243195 12
243225 12
243226 12
243287 12
243382 12
243492 12
243500 12
243502 12
243646 12
243664 12
243666 12
243750 12
243751 12
243950 12
244075 12
244079 12
244109 12
244115 12
244138 12
244168 12
244262 12
244331 12
244372 12
244480 12
244616 12
244632 12
244717 12
244757 12
244774 12
244805 12
244972 12
244978 12
245007 12
245022 12
245038 12
245044 12
245060 12
245071 12
245117 12
245130 12
245180 12
245221 12
245282 12
245297 12
245313 12
245322 12
245490 12
245530 12
245547 12
245595 12
245659 12
245728 12
245879 12
245927 12
245962 12
246031 12
246047 12
246084 12
246141 12
246161 12
246184 12
246282 12
246292 12
246348 12
246358 12
246390 12
246406 12
246445 12
246447 12
246464 12
246465 12
246519 12
246609 12
246652 12
246677 12
246698 12
246759 12
246796 12
246799 12
246831 12
246832 12
246944 12
247018 12
247025 12
247118 12
247247 12
247263 12
247268 12
247450 12
247548 12
248033 12
1504 10
1621 10
1903 10
2207 10
3116 10
3220 10
3386 10
3774 10
3824 10
5616 10
5828 10
6115 10
6372 10
6460 10
6586 10
6598 10
6619 10
6786 10
6839 10
6998 10
7180 10
7235 10
7388 10
7482 10
7759 10
7887 10
8124 10
8258 10
8349 10
8449 10
8522 10
8542 10
8840 10
9083 10
9105 10
9243 10
9505 10
9554 10
9617 10
9650 10
9719 10
10007 10
10145 10
10171 10
10216 10
10586 10
10638 10
10821 10
10823 10
10995 10
11019 10
11037 10
11050 10
11186 10
11237 10
11374 10
11377 10
11449 10
11462 10
11526 10
11713 10
11824 10
12175 10
12213 10
12267 10
12303 10
12353 10
12357 10
12885 10
12979 10
13078 10
13510 10
13800 10
13916 10
14027 10
14187 10
14324 10
14439 10
14582 10
14668 10
14899 10
14901 10
15071 10
15073 10
15151 10
15655 10
16081 10
16132 10
16199 10
16269 10
16361 10
16380 10
16481 10
16564 10
16934 10
17179 10
17301 10
17351 10
17484 10
17660 10
17700 10
17837 10
18219 10
18302 10
18325 10
18338 10
18446 10
18474 10
18584 10
18602 10
18714 10
18855 10
19082 10
19240 10
19247 10
19316 10
19327 10
19443 10
19491 10
19642 10
19658 10
19762 10
19838 10
19840 10
19854 10
19935 10
19940 10
20084 10
20097 10
20255 10
20360 10
20601 10
20647 10
20705 10
20840 10
20916 10
20927 10
20963 10
20964 10
21051 10
21175 10
21437 10
21642 10
21673 10
21728 10
21868 10
21923 10
22202 10
22363 10
22398 10
22653 10
22894 10
22923 10
23015 10
23062 10
23089 10
23228 10
23231 10
23436 10
23550 10
23582 10
23635 10
23701 10
23754 10
23771 10
23780 10
23979 10
23983 10
24020 10
24031 10
24283 10
24451 10
24570 10
24774 10
24857 10
24888 10
24984 10
25048 10
25116 10
25235 10
25236 10
25501 10
25520 10
25551 10
25604 10
25684 10
25734 10
25785 10
26121 10
26159 10
26175 10
26198 10
26309 10
26333 10
26390 10
26529 10
26698 10
26700 10
26712 10
26751 10
26761 10
26871 10
26968 10
27033 10
27057 10
27178 10
27192 10
27200 10
27202 10
27279 10
27316 10
27658 10
27753 10
27818 10
27875 10
27890 10
27899 10
27970 10
27999 10
28003 10
28273 10
28337 10
28388 10
28462 10
28467 10
28512 10
28533 10
28668 10
28680 10
28706 10
28798 10
28824 10
28854 10
28907 10
29228 10
29287 10
29319 10
29335 10
29374 10
29383 10
29401 10
29402 10
29418 10
29574 10
29654 10
29700 10
29718 10
29836 10
29953 10
29984 10
30019 10
30159 10
30196 10
30336 10
30340 10
30636 10
30649 10
30789 10
30804 10
30831 10
30884 10
31004 10
31040 10
31069 10
31305 10
31316 10
31440 10
31443 10
31470 10
31557 10
31697 10
31790 10
31843 10
31869 10
32030 10
32106 10
32152 10
32233 10
32307 10
32478 10
32536 10
32557 10
32659 10
32781 10
33183 10
33349 10
33383 10
33497 10
33616 10
33785 10
33824 10
33858 10
33976 10
34026 10
34049 10
34241 10
34262 10
34333 10
34399 10
34409 10
34417 10
34437 10
34537 10
34686 10
34737 10
34843 10
34974 10
34988 10
35158 10
35211 10
35231 10
35285 10
35397 10
35430 10
35437 10
35440 10
35540 10
35573 10
35795 10
35996 10
36082 10
36309 10
36327 10
36384 10
36430 10
36454 10
36625 10
36658 10
36689 10
36827 10
36938 10
36943 10
37068 10
37234 10
37370 10
37373 10
37397 10
37433 10
37453 10
37651 10
37711 10
37713 10
37752 10
37776 10
37841 10
37889 10
38047 10
38065 10
38174 10
38238 10
38337 10
38355 10
38525 10
38555 10
38602 10
38614 10
38691 10
38709 10
38739 10
38740 10
39014 10
39148 10
39255 10
39378 10
39387 10
39403 10
39432 10
39475 10
39683 10
39709 10
40055 10
40094 10
40209 10
40228 10
40405 10
40623 10
40650 10
40704 10
40783 10
40804 10
40822 10
40859 10
40862 10
40864 10
40925 10
40998 10
41091 10
41107 10
41194 10
41279 10
41494 10
41498 10
41529 10
41577 10
41621 10
41766 10
41815 10
41875 10
41892 10
41961 10
41971 10
42309 10
42330 10
42410 10
42427 10
42454 10
42492 10
42816 10
42954 10
42973 10
43202 10
43213 10
43272 10
43286 10
43513 10
43566 10
43615 10
43622 10
43834 10
43887 10
43930 10
44112 10
44138 10
44263 10
44264 10
44352 10
44370 10
44386 10
44507 10
44591 10
44619 10
44657 10
44685 10
44740 10
44840 10
44897 10
44919 10
44945 10
44999 10
45045 10
45091 10
45162 10
45181 10
45254 10
45349 10
45379 10
45406 10
45493 10
45528 10
45532 10
45610 10
45628 10
45793 10
45927 10
46179 10
46220 10
46249 10
46267 10
46294 10
46309 10
46320 10
46324 10
46335 10
46400 10
46440 10
46486 10
46615 10
46756 10
46774 10
46852 10
46865 10
46872 10
46883 10
46941 10
47019 10
47027 10
47031 10
47085 10
47151 10
47166 10
47320 10
47339 10
47421 10
47446 10
47458 10
47482 10
47611 10
47685 10
47767 10
47880 10
48048 10
48060 10
48062 10
48194 10
48341 10
48371 10
48399 10
48488 10
48492 10
48516 10
48546 10
48568 10
48631 10
48744 10
48748 10
48783 10
48803 10
48846 10
48859 10
48921 10
48969 10
48974 10
48986 10
49021 10
49085 10
49230 10
49274 10
49297 10
49330 10
49387 10
49421 10
49502 10
49537 10
49662 10
49674 10
49684 10
49700 10
49729 10
49760 10
49972 10
50012 10
50259 10
50271 10
50287 10
50313 10
50403 10
50418 10
50446 10
50844 10
50883 10
50908 10
50993 10
51017 10
51019 10
51029 10
51116 10
51140 10
51160 10
51254 10
51318 10
51410 10
51443 10
51497 10
51547 10
51555 10
51593 10
51628 10
51719 10
51737 10
51796 10
51812 10
51934 10
51964 10
51975 10
51980 10
52058 10
52087 10
52122 10
52172 10
52261 10
52288 10
52356 10
52436 10
52496 10
52499 10
52507 10
52577 10
52664 10
52725 10
52738 10
52787 10
52791 10
52814 10
52969 10
53013 10
53135 10
53168 10
53177 10
53266 10
53284 10
53288 10
53362 10
53391 10
53406 10
53583 10
53638 10
53644 10
53677 10
53689 10
53714 10
53789 10
53816 10
53833 10
54018 10
54096 10
54158 10
54160 10
54290 10
54296 10
54432 10
54530 10
54610 10
54650 10
54760 10
54765 10
54805 10
54840 10
54952 10
55051 10
55059 10
55159 10
55181 10
55184 10
55192 10
55219 10
55243 10
55335 10
55337 10
55473 10
55681 10
55883 10
55910 10
55980 10
56053 10
56110 10
56258 10
56336 10
56447 10
56459 10
56610 10
56630 10
56645 10
56663 10
56681 10
56777 10
56794 10
56811 10
56818 10
56823 10
56824 10
56840 10
56901 10
56942 10
56974 10
56984 10
57045 10
57079 10
57122 10
57188 10
57255 10
57329 10
57336 10
57463 10
57474 10
57492 10
57572 10
57607 10
57612 10
57613 10
57658 10
57672 10
57699 10
57819 10
57851 10
57893 10
57941 10
58029 10
58134 10
58224 10
58227 10
58362 10
58365 10
58461 10
58468 10
58499 10
58514 10
58539 10
58548 10
58606 10
58690 10
58717 10
58790 10
58829 10
58874 10
58974 10
59002 10
59066 10
59082 10
59160 10
59193 10
59340 10
59374 10
59417 10
59425 10
59464 10
59522 10
59599 10
59709 10
59717 10
59956 10
59962 10
59969 10
60087 10
60105 10
60126 10
60266 10
60306 10
60327 10
60388 10
60439 10
60484 10
60655 10
60702 10
60799 10
60857 10
61072 10
61162 10
61175 10
61202 10
61373 10
61379 10
61438 10
61456 10
61528 10
61599 10
61632 10
61689 10
61703 10
61770 10
61829 10
61922 10
61964 10
61967 10
62003 10
62212 10
62291 10
62312 10
62349 10
62396 10
62492 10
62602 10
62647 10
62668 10
62682 10
62738 10
62739 10
62820 10
62901 10
62903 10
62915 10
62941 10
62973 10
63054 10
63063 10
63106 10
63130 10
63147 10
63169 10
63257 10
63364 10
63370 10
63398 10
63401 10
63423 10
63431 10
63450 10
63454 10
63468 10
63551 10
63568 10
63607 10
63697 10
63971 10
64022 10
64064 10
64102 10
64169 10
64277 10
64278 10
64279 10
64625 10
64653 10
64716 10
64730 10
64731 10
64740 10
64758 10
64765 10
64775 10
64802 10
64972 10
65011 10
65062 10
65146 10
65234 10
65237 10
65318 10
65391 10
65433 10
65480 10
65495 10
65525 10
65569 10
65605 10
65706 10
65710 10
65854 10
65862 10
65915 10
65934 10
65942 10
65962 10
66045 10
66066 10
66116 10
66315 10
66386 10
66416 10
66419 10
66481 10
66493 10
66512 10
66523 10
66542 10
66546 10
66625 10
66637 10
66766 10
66786 10
66796 10
66812 10
66820 10
66846 10
66982 10
67050 10
67065 10
67193 10
67316 10
67436 10
67468 10
67488 10
67493 10
67538 10
67576 10
67600 10
67611 10
67633 10
67636 10
67842 10
67863 10
67914 10
67919 10
67962 10
67994 10
68055 10
68076 10
68089 10
68110 10
68111 10
68197 10
68287 10
68350 10
68445 10
68459 10
68573 10
68630 10
68673 10
68703 10
68789 10
68876 10
68884 10
68937 10
68981 10
68997 10
69045 10
69093 10
69110 10
69118 10
69156 10
69167 10
69215 10
69217 10
69443 10
69617 10
69633 10
69690 10
69693 10
69697 10
69836 10
69937 10
69944 10
69977 10
70022 10
70024 10
70098 10
70159 10
70170 10
70301 10
70317 10
70344 10
70520 10
70569 10
70680 10
70782 10
70812 10
70838 10
70841 10
70866 10
70894 10
71019 10
71031 10
71066 10
71107 10
71110 10
71236 10
71297 10
71327 10
71413 10
71656 10
71676 10
71872 10
71950 10
72042 10
72114 10
72129 10
72133 10
72165 10
72276 10
72348 10
72363 10
72378 10
72396 10
72414 10
72481 10
72518 10
72591 10
72697 10
72738 10
72742 10
72855 10
72919 10
72933 10
72950 10
72987 10
73038 10
73057 10
73131 10
73150 10
73193 10
73275 10
73292 10
73307 10
73386 10
73412 10
73433 10
73469 10
73520 10
73563 10
73684 10
73714 10
73730 10
73758 10
73769 10
73931 10
73975 10
73976 10
73992 10
74256 10
74335 10
74365 10
74376 10
74490 10
74508 10
74573 10
74604 10
74623 10
74643 10
74723 10
74733 10
74793 10
74795 10
74823 10
74851 10
74902 10
74915 10
74975 10
74993 10
75012 10
75148 10
75158 10
75188 10
75267 10
75314 10
75317 10
75330 10
75392 10
75411 10
75432 10
75578 10
75637 10
75640 10
75696 10
75900 10
75965 10
75975 10
76024 10
76126 10
76128 10
76143 10
76234 10
76258 10
76340 10
76379 10
76382 10
76411 10
76543 10
76608 10
76632 10
76639 10
76653 10
76714 10
76718 10
76783 10
76839 10
76865 10
76917 10
76988 10
77013 10
77026 10
77044 10
77068 10
77074 10
77139 10
77183 10
77193 10
77323 10
77334 10
77355 10
77369 10
77541 10
77546 10
77563 10
77598 10
77624 10
77644 10
77652 10
77660 10
77679 10
77694 10
77701 10
77703 10
77774 10
77798 10
77905 10
77915 10
77918 10
77919 10
77933 10
77967 10
77999 10
78030 10
78043 10
78054 10
78097 10
78131 10
78245 10
78271 10
78292 10
78414 10
78449 10
78549 10
78567 10
78586 10
78649 10
78663 10
78721 10
78736 10
78744 10
78768 10
78865 10
79031 10
79081 10
79104 10
79138 10
79144 10
79292 10
79393 10
79484 10
79490 10
79494 10
79495 10
79507 10
79519 10
79527 10
79554 10
79725 10
79810 10
79820 10
79855 10
79871 10
79903 10
79908 10
79964 10
80008 10
80084 10
80139 10
80203 10
80257 10
80303 10
80352 10
80384 10
80412 10
80459 10
80463 10
80654 10
80696 10
80756 10
80811 10
80824 10
80835 10
80846 10
80856 10
80902 10
80939 10
80965 10
80972 10
80989 10
81026 10
81048 10
81086 10
81281 10
81372 10
81389 10
81395 10
81560 10
81630 10
81636 10
81660 10
81731 10
81780 10
81816 10
81886 10
81908 10
81961 10
81970 10
81985 10
81989 10
82108 10
82141 10
82205 10
82439 10
82461 10
82671 10
82729 10
82818 10
82832 10
82836 10
82921 10
82928 10
82933 10
82959 10
82960 10
82964 10
82972 10
83006 10
83225 10
83276 10
83392 10
83412 10
83434 10
83527 10
83570 10
83578 10
83650 10
83683 10
83717 10
83733 10
83776 10
83793 10
83848 10
83931 10
83974 10
84037 10
84078 10
84153 10
84302 10
84396 10
84427 10
84430 10
84466 10
84610 10
84612 10
84741 10
84765 10
84768 10
84826 10
84837 10
84928 10
84938 10
84940 10
84942 10
84951 10
85005 10
85067 10
85069 10
85082 10
85128 10
85163 10
85187 10
85189 10
85222 10
85285 10
85363 10
85407 10
85513 10
85673 10
85748 10
85762 10
85816 10
85850 10
85916 10
86135 10
86136 10
86142 10
86170 10
86270 10
86281 10
86300 10
86321 10
86344 10
86349 10
86354 10
86445 10
86568 10
86617 10
86717 10
86744 10
86830 10
86861 10
86892 10
86941 10
86998 10
87044 10
87059 10
87089 10
87111 10
87147 10
87166 10
87216 10
87222 10
87228 10
87266 10
87295 10
87297 10
87392 10
87412 10
87430 10
87444 10
87454 10
87460 10
87466 10
87475 10
87550 10
87604 10
87667 10
87683 10
87707 10
87716 10
87746 10
87774 10
87784 10
87792 10
87839 10
87883 10
87959 10
88037 10
88038 10
88204 10
88377 10
88446 10
88522 10
88528 10
88582 10
88610 10
88723 10
88815 10
88866 10
88874 10
88903 10
88952 10
88971 10
88987 10
88990 10
89004 10
89008 10
89019 10
89036 10
89049 10
89062 10
89068 10
89091 10
89097 10
89215 10
89235 10
89376 10
89410 10
89419 10
89535 10
89546 10
89557 10
89565 10
89752 10
89812 10
89914 10
89962 10
89989 10
90008 10
90021 10
90035 10
90073 10
90122 10
90164 10
90189 10
90247 10
90266 10
90268 10
90314 10
90340 10
90399 10
90405 10
90510 10
90557 10
90585 10
90594 10
90732 10
90735 10
90780 10
90785 10
90815 10
90819 10
90851 10
90868 10
90977 10
91021 10
91027 10
91061 10
91126 10
91147 10
91173 10
91192 10
91208 10
91217 10
91257 10
91268 10
91302 10
91322 10
91340 10
91356 10
91363 10
91450 10
91571 10
91590 10
91673 10
91762 10
91813 10
91923 10
92105 10
92136 10
92147 10
92194 10
92201 10
92235 10
92419 10
92476 10
92520 10
92533 10
92613 10
92640 10
92667 10
92707 10
92718 10
92744 10
92759 10
92965 10
92967 10
92996 10
93138 10
93243 10
93280 10
93293 10
93297 10
93350 10
93371 10
93522 10
93525 10
93618 10
93620 10
93640 10
93652 10
93719 10
93737 10
93746 10
93749 10
93848 10
93849 10
93910 10
93962 10
94023 10
94099 10
94107 10
94131 10
94144 10
94191 10
94264 10
94318 10
94368 10
94479 10
94489 10
94509 10
94518 10
94568 10
94575 10
94614 10
94735 10
94779 10
94798 10
94829 10
94857 10
94899 10
94943 10
94952 10
95003 10
95048 10
95078 10
95103 10
95111 10
95122 10
95195 10
95268 10
95273 10
95312 10
95400 10
95414 10
95446 10
95503 10
95565 10
95572 10
95601 10
95616 10
95637 10
95703 10
95836 10
95841 10
95923 10
95963 10
96031 10
96041 10
96091 10
96093 10
96094 10
96096 10
96101 10
96108 10
96129 10
96132 10
96133 10
96141 10
96142 10
96161 10
96162 10
96176 10
96177 10
96182 10
96188 10
96215 10
96216 10
96242 10
96263 10
96289 10
96291 10
96304 10
96327 10
96347 10
96355 10
96374 10
96445 10
96456 10
96482 10
96506 10
96518 10
96530 10
96538 10
96576 10
96581 10
96661 10
96670 10
96790 10
96793 10
96802 10
96809 10
96833 10
96838 10
96864 10
96884 10
96935 10
96940 10
96966 10
96974 10
96982 10
96986 10
97034 10
97035 10
97042 10
97057 10
97074 10
97118 10
97148 10
97153 10
97247 10
97253 10
97277 10
97278 10
97283 10
97330 10
97332 10
97373 10
97382 10
97405 10
97428 10
97431 10
97437 10
97466 10
97475 10
97485 10
97489 10
97502 10
97528 10
97595 10
97637 10
97699 10
97726 10
97785 10
97790 10
97797 10
97852 10
97874 10
97890 10
97899 10
97904 10
97905 10
97927 10
97990 10
97997 10
98005 10
98020 10
98032 10
98046 10
98090 10
98093 10
98126 10
98135 10
98140 10
98153 10
98199 10
98259 10
98287 10
98290 10
98293 10
98297 10
98319 10
98321 10
98337 10
98365 10
98406 10
98422 10
98429 10
98430 10
98463 10
98466 10
98617 10
98626 10
98632 10
98646 10
98655 10
98674 10
98682 10
98694 10
98719 10
98852 10
98877 10
98887 10
98892 10
98902 10
98905 10
98907 10
98937 10
99032 10
99121 10
99123 10
99129 10
99130 10
99136 10
99140 10
99142 10
99144 10
99151 10
99178 10
99222 10
99227 10
99250 10
99258 10
99346 10
99446 10
99454 10
99475 10
99497 10
99509 10
99514 10
99521 10
99532 10
99550 10
99574 10
99578 10
99593 10
99618 10
99652 10
99657 10
99661 10
99696 10
99769 10
99921 10
99924 10
99949 10
99960 10
99962 10
99975 10
99986 10
99994 10
100017 10
100024 10
100034 10
100049 10
100052 10
100065 10
100066 10
100128 10
100150 10
100532 10
100542 10
100575 10
100581 10
100590 10
100601 10
100618 10
100658 10
100674 10
100682 10
100697 10
100700 10
100701 10
100718 10
100740 10
100778 10
100797 10
100862 10
100871 10
100875 10
100899 10
100915 10
101587 10
101589 10
101593 10
101613 10
101640 10
101641 10
101656 10
101662 10
101667 10
101670 10
101673 10
101683 10
101714 10
101725 10
101781 10
101803 10
101838 10
101843 10
101857 10
101889 10
101930 10
101963 10
102005 10
102064 10
102067 10
102080 10
102088 10
102095 10
102124 10
102149 10
102158 10
102174 10
102247 10
102381 10
102471 10
102618 10
103712 10
103745 10
103746 10
103750 10
103769 10
103770 10
103774 10
103779 10
103789 10
103796 10
103805 10
103812 10
103829 10
103859 10
103874 10
103900 10
103902 10
103907 10
103914 10
103942 10
103957 10
103982 10
103994 10
103996 10
103997 10
104001 10
104023 10
104057 10
104082 10
104085 10
104091 10
104111 10
104163 10
104197 10
104213 10
104218 10
104286 10
104310 10
104377 10
104427 10
104466 10
104486 10
104513 10
104535 10
104605 10
104726 10
104741 10
104849 10
104910 10
105001 10
105019 10
105043 10
105066 10
105090 10
105359 10
105484 10
105850 10
106018 10
106030 10
106204 10
106449 10
107699 10
107759 10
108527 10
108529 10
108573 10
108615 10
108621 10
108700 10
108713 10
108740 10
108752 10
108767 10
108777 10
108783 10
108824 10
108847 10
108850 10
108886 10
108916 10
108921 10
108937 10
108974 10
109009 10
109037 10
109128 10
109134 10
109155 10
109176 10
109190 10
109196 10
109201 10
109244 10
109300 10
109324 10
109438 10
109445 10
109470 10
109474 10
109501 10
109613 10
109619 10
109628 10
109745 10
109760 10
109785 10
109787 10
109820 10
110083 10
110179 10
110273 10
110289 10
110372 10
110391 10
110467 10
110502 10
110523 10
110552 10
110582 10
110624 10
110745 10
110843 10
110865 10
110881 10
111043 10
111049 10
111137 10
111149 10
111161 10
111175 10
111214 10
111257 10
111320 10
111378 10
111417 10
111423 10
111439 10
111447 10
111469 10
111493 10
111580 10
111637 10
111764 10
111856 10
111897 10
111899 10
112121 10
112138 10
112209 10
112222 10
112234 10
112235 10
112402 10
112415 10
112425 10
112458 10
112469 10
112582 10
112629 10
112631 10
112760 10
112795 10
113087 10
113121 10
113525 10
113547 10
113550 10
113640 10
113741 10
113918 10
113977 10
114084 10
114124 10
114200 10
114285 10
114393 10
114521 10
114808 10
114879 10
115156 10
115243 10
115525 10
115527 10
115620 10
115708 10
115802 10
115861 10
115899 10
115983 10
116058 10
116064 10
116158 10
116186 10
116206 10
116217 10
116219 10
116246 10
116317 10
116364 10
116661 10
116853 10
116912 10
116929 10
116946 10
117135 10
117140 10
117196 10
117568 10
117610 10
117650 10
117777 10
117864 10
117963 10
117993 10
118115 10
118172 10
118195 10
118295 10
118474 10
118620 10
118775 10
118857 10
118978 10
119075 10
119191 10
119619 10
119622 10
119696 10
119774 10
119935 10
119990 10
120002 10
120021 10
120029 10
120687 10
120823 10
120957 10
120981 10
121063 10
121128 10
121271 10
121376 10
121384 10
121429 10
121678 10
121687 10
121741 10
121786 10
121829 10
122324 10
122444 10
122469 10
122501 10
122765 10
123064 10
123118 10
123132 10
123424 10
123675 10
123700 10
123783 10
123820 10
123828 10
124085 10
124152 10
124189 10
124354 10
124407 10
124445 10
124466 10
124490 10
124620 10
124733 10
124909 10
125265 10
125369 10
125413 10
125642 10
125816 10
126150 10
126194 10
126436 10
126585 10
126600 10
126962 10
127076 10
127085 10
127356 10
127617 10
127635 10
127663 10
128738 10
129019 10
129425 10
129555 10
129655 10
129721 10
129828 10
129990 10
130277 10
130330 10
130617 10
130759 10
130910 10
131646 10
131744 10
131819 10
132174 10
132434 10
132607 10
132645 10
132781 10
133131 10
133270 10
133555 10
133824 10
133974 10
134045 10
134596 10
134808 10
134963 10
135023 10
135097 10
135606 10
135634 10
135861 10
135938 10
136176 10
136257 10
136480 10
136931 10
137453 10
137521 10
138956 10
139060 10
139066 10
139400 10
139547 10
139730 10
140311 10
140347 10
140636 10
140901 10
141662 10
141819 10
142096 10
142190 10
142285 10
142860 10
143474 10
143512 10
143589 10
144165 10
144392 10
144558 10
144589 10
144798 10
144935 10
145064 10
145083 10
145102 10
145366 10
145748 10
146639 10
146979 10
147141 10
147143 10
147242 10
147343 10
148257 10
148353 10
148552 10
148612 10
148649 10
148880 10
148932 10
148977 10
149376 10
149782 10
149966 10
150169 10
150193 10
150525 10
150526 10
150698 10
150857 10
151357 10
151358 10
151371 10
152006 10
152058 10
152110 10
152112 10
152117 10
152119 10
152349 10
152814 10
153118 10
153129 10
153134 10
153138 10
153144 10
153145 10
153753 10
154421 10
154833 10
154902 10
154973 10
154975 10
154976 10
154981 10
154995 10
155182 10
155273 10
156949 10
158648 10
158756 10
158776 10
158903 10
158930 10
158973 10
158989 10
158994 10
159584 10
163810 10
165643 10
165860 10
165923 10
166397 10
166651 10
166990 10
167690 10
168752 10
169088 10
169095 10
169151 10
169156 10
169181 10
169200 10
169203 10
169211 10
169221 10
169239 10
169248 10
169249 10
169263 10
169272 10
169273 10
169283 10
169327 10
169378 10
169382 10
169397 10
169424 10
169439 10
169453 10
169457 10
169470 10
169539 10
169551 10
169565 10
169579 10
169617 10
169619 10
169626 10
169637 10
169665 10
169694 10
169730 10
169733 10
169770 10
169779 10
169791 10
169801 10
169811 10
170400 10
170508 10
171240 10
171458 10
172093 10
172352 10
172619 10
173273 10
175632 10
176010 10
176316 10
176405 10
176717 10
177312 10
177985 10
178436 10
179322 10
181310 10
181842 10
182531 10
182757 10
183516 10
183640 10
187067 10
187113 10
187778 10
188062 10
188691 10
189505 10
189567 10
191280 10
192153 10
193855 10
199355 10
199630 10
199687 10
200489 10
201110 10
201606 10
202735 10
203788 10
204228 10
205452 10
205570 10
205929 10
206572 10
207103 10
210088 10
212288 10
214550 10
214989 10
215222 10
215405 10
216557 10
217192 10
218906 10
219011 10
221061 10
222829 10
223309 10
224308 10
224881 10
227629 10
231332 10
233593 10
234201 10
235329 10
237626 10
238574 10
238816 10
238957 10
240475 10
240619 10
241629 10
242997 10
244982 10
245098 10
245342 10
245744 10
247061 10
247359 10
247693 10
1961 10
1974 10
2417 10
6444 10
7100 10
7405 10
7702 10
9068 10
9587 10
10904 10
10974 10
11757 10
11934 10
12032 10
13206 10
13719 10
13743 10
13821 10
15712 10
15858 10
16452 10
17819 10
17847 10
17879 10
17976 10
18406 10
18711 10
18938 10
19219 10
19608 10
19709 10
20300 10
21028 10
21447 10
21669 10
21830 10
22119 10
22899 10
24043 10
24196 10
24202 10
24299 10
24626 10
25415 10
26633 10
26639 10
26803 10
27042 10
27076 10
27236 10
27677 10
28129 10
28642 10
28682 10
28863 10
28918 10
28925 10
29165 10
29247 10
29267 10
29312 10
30544 10
30940 10
31272 10
31307 10
31608 10
31620 10
31863 10
31865 10
32513 10
32552 10
32587 10
32632 10
33175 10
33512 10
33693 10
34089 10
34297 10
34688 10
35291 10
35370 10
35394 10
35632 10
35762 10
35866 10
35906 10
36057 10
36413 10
36709 10
37100 10
37114 10
37341 10
37578 10
38159 10
38162 10
38526 10
38527 10
38629 10
38654 10
38705 10
38909 10
39339 10
39548 10
39606 10
39892 10
40005 10
40176 10
40363 10
40395 10
40629 10
41092 10
41254 10
41527 10
41709 10
41744 10
41873 10
42522 10
42796 10
42841 10
43047 10
43641 10
43717 10
43734 10
43975 10
44245 10
44789 10
44998 10
45126 10
45196 10
45671 10
45806 10
45960 10
46021 10
46140 10
46232 10
46331 10
46401 10
46432 10
46445 10
46775 10
46910 10
47004 10
47170 10
47361 10
47379 10
47520 10
47564 10
47886 10
47983 10
48202 10
48514 10
48878 10
48940 10
49005 10
49175 10
49176 10
49239 10
49626 10
49775 10
49821 10
50092 10
50401 10
50551 10
50910 10
50914 10
51050 10
51146 10
51149 10
51222 10
51321 10
51352 10
51361 10
51430 10
51617 10
51636 10
51720 10
51762 10
51799 10
51803 10
51828 10
52071 10
52162 10
52247 10
52834 10
53089 10
53338 10
53393 10
53921 10
53987 10
54063 10
54069 10
54145 10
54487 10
54608 10
54663 10
54801 10
54846 10
54898 10
55041 10
55058 10
55178 10
55315 10
55413 10
55593 10
55636 10
55841 10
55995 10
56083 10
56203 10
56300 10
56357 10
56420 10
56522 10
56576 10
56608 10
56642 10
56878 10
56935 10
57430 10
57821 10
58112 10
58177 10
58386 10
58409 10
58799 10
58936 10
58949 10
59078 10
59135 10
59139 10
59305 10
59404 10
59551 10
59573 10
59807 10
59847 10
59958 10
59961 10
60000 10
60191 10
60228 10
60262 10
60276 10
60319 10
60603 10
60734 10
61451 10
61490 10
61756 10
61825 10
61916 10
61936 10
62103 10
